/**
 ****************************************************************************************************
 * @file        lcdfont.h
 * @author      ??????(ALIENTEK)
 * @version     V1.1
 * @date        2021-04-06
 * @brief       ??12*12,16*16,24*24,32*32 ??LCD?ASCII??
 * @license     Copyright (c) 2020-2032, ?????????????
 ****************************************************************************************************
 * @attention
 *
 * ????:???? STM32F103???
 * ????:www.yuanzige.com
 * ????:www.openedv.com
 * ????:www.alientek.com
 * ????:openedv.taobao.com
 *
 * ????
 * V1.0 20200421
 * ?????
 * V1.1 20210406
 * ??asc2_3216????,??flash??
 *
 ****************************************************************************************************
 */

#ifndef __LCDFONT_H
#define __LCDFONT_H

/* ??ASCII?
 * ???32 
 * ASCII???: !"#$%&'()*+,-./0123456789:;<=>?@ABCDEFGHIJKLMNOPQRSTUVWXYZ[\]^_`abcdefghijklmnopqrstuvwxyz{|}~
 * PC2LCD2002??????:??+???+??+C51??
 * ??:4????(12*12?16*16?24*24?32*32),??????????????????
 * ????????????:(size/8+((size%8)?1:0))*(size/2),??size:???????????(12/16/24/32...)
 */

/* 12*12 ASCII????? */
const unsigned char asc2_1206[95][12]={
{0x00,0x00,0x00,0x00,0x00,0x00,0x00,0x00,0x00,0x00,0x00,0x00},/*" ",0*/
{0x00,0x00,0x00,0x00,0x3F,0x40,0x00,0x00,0x00,0x00,0x00,0x00},/*"!",1*/
{0x00,0x00,0x30,0x00,0x40,0x00,0x30,0x00,0x40,0x00,0x00,0x00},/*""",2*/
{0x09,0x00,0x0B,0xC0,0x3D,0x00,0x0B,0xC0,0x3D,0x00,0x09,0x00},/*"#",3*/
{0x18,0xC0,0x24,0x40,0x7F,0xE0,0x22,0x40,0x31,0x80,0x00,0x00},/*"$",4*/
{0x18,0x00,0x24,0xC0,0x1B,0x00,0x0D,0x80,0x32,0x40,0x01,0x80},/*"%",5*/
{0x03,0x80,0x1C,0x40,0x27,0x40,0x1C,0x80,0x07,0x40,0x00,0x40},/*"&",6*/
{0x10,0x00,0x60,0x00,0x00,0x00,0x00,0x00,0x00,0x00,0x00,0x00},/*"'",7*/
{0x00,0x00,0x00,0x00,0x00,0x00,0x1F,0x80,0x20,0x40,0x40,0x20},/*"(",8*/
{0x00,0x00,0x40,0x20,0x20,0x40,0x1F,0x80,0x00,0x00,0x00,0x00},/*")",9*/
{0x09,0x00,0x06,0x00,0x1F,0x80,0x06,0x00,0x09,0x00,0x00,0x00},/*"*",10*/
{0x04,0x00,0x04,0x00,0x3F,0x80,0x04,0x00,0x04,0x00,0x00,0x00},/*"+",11*/
{0x00,0x10,0x00,0x60,0x00,0x00,0x00,0x00,0x00,0x00,0x00,0x00},/*",",12*/
{0x04,0x00,0x04,0x00,0x04,0x00,0x04,0x00,0x04,0x00,0x00,0x00},/*"-",13*/
{0x00,0x00,0x00,0x40,0x00,0x00,0x00,0x00,0x00,0x00,0x00,0x00},/*".",14*/
{0x00,0x20,0x01,0xC0,0x06,0x00,0x38,0x00,0x40,0x00,0x00,0x00},/*"/",15*/
{0x1F,0x80,0x20,0x40,0x20,0x40,0x20,0x40,0x1F,0x80,0x00,0x00},/*"0",16*/
{0x00,0x00,0x10,0x40,0x3F,0xC0,0x00,0x40,0x00,0x00,0x00,0x00},/*"1",17*/
{0x18,0xC0,0x21,0x40,0x22,0x40,0x24,0x40,0x18,0x40,0x00,0x00},/*"2",18*/
{0x10,0x80,0x20,0x40,0x24,0x40,0x24,0x40,0x1B,0x80,0x00,0x00},/*"3",19*/
{0x02,0x00,0x0D,0x00,0x11,0x00,0x3F,0xC0,0x01,0x40,0x00,0x00},/*"4",20*/
{0x3C,0x80,0x24,0x40,0x24,0x40,0x24,0x40,0x23,0x80,0x00,0x00},/*"5",21*/
{0x1F,0x80,0x24,0x40,0x24,0x40,0x34,0x40,0x03,0x80,0x00,0x00},/*"6",22*/
{0x30,0x00,0x20,0x00,0x27,0xC0,0x38,0x00,0x20,0x00,0x00,0x00},/*"7",23*/
{0x1B,0x80,0x24,0x40,0x24,0x40,0x24,0x40,0x1B,0x80,0x00,0x00},/*"8",24*/
{0x1C,0x00,0x22,0xC0,0x22,0x40,0x22,0x40,0x1F,0x80,0x00,0x00},/*"9",25*/
{0x00,0x00,0x00,0x00,0x08,0x40,0x00,0x00,0x00,0x00,0x00,0x00},/*":",26*/
{0x00,0x00,0x00,0x00,0x04,0x60,0x00,0x00,0x00,0x00,0x00,0x00},/*";",27*/
{0x00,0x00,0x04,0x00,0x0A,0x00,0x11,0x00,0x20,0x80,0x40,0x40},/*"<",28*/
{0x09,0x00,0x09,0x00,0x09,0x00,0x09,0x00,0x09,0x00,0x00,0x00},/*"=",29*/
{0x00,0x00,0x40,0x40,0x20,0x80,0x11,0x00,0x0A,0x00,0x04,0x00},/*">",30*/
{0x18,0x00,0x20,0x00,0x23,0x40,0x24,0x00,0x18,0x00,0x00,0x00},/*"?",31*/
{0x1F,0x80,0x20,0x40,0x27,0x40,0x29,0x40,0x1F,0x40,0x00,0x00},/*"@",32*/
{0x00,0x40,0x07,0xC0,0x39,0x00,0x0F,0x00,0x01,0xC0,0x00,0x40},/*"A",33*/
{0x20,0x40,0x3F,0xC0,0x24,0x40,0x24,0x40,0x1B,0x80,0x00,0x00},/*"B",34*/
{0x1F,0x80,0x20,0x40,0x20,0x40,0x20,0x40,0x30,0x80,0x00,0x00},/*"C",35*/
{0x20,0x40,0x3F,0xC0,0x20,0x40,0x20,0x40,0x1F,0x80,0x00,0x00},/*"D",36*/
{0x20,0x40,0x3F,0xC0,0x24,0x40,0x2E,0x40,0x30,0xC0,0x00,0x00},/*"E",37*/
{0x20,0x40,0x3F,0xC0,0x24,0x40,0x2E,0x00,0x30,0x00,0x00,0x00},/*"F",38*/
{0x0F,0x00,0x10,0x80,0x20,0x40,0x22,0x40,0x33,0x80,0x02,0x00},/*"G",39*/
{0x20,0x40,0x3F,0xC0,0x04,0x00,0x04,0x00,0x3F,0xC0,0x20,0x40},/*"H",40*/
{0x20,0x40,0x20,0x40,0x3F,0xC0,0x20,0x40,0x20,0x40,0x00,0x00},/*"I",41*/
{0x00,0x60,0x20,0x20,0x20,0x20,0x3F,0xC0,0x20,0x00,0x20,0x00},/*"J",42*/
{0x20,0x40,0x3F,0xC0,0x24,0x40,0x0B,0x00,0x30,0xC0,0x20,0x40},/*"K",43*/
{0x20,0x40,0x3F,0xC0,0x20,0x40,0x00,0x40,0x00,0x40,0x00,0xC0},/*"L",44*/
{0x3F,0xC0,0x3C,0x00,0x03,0xC0,0x3C,0x00,0x3F,0xC0,0x00,0x00},/*"M",45*/
{0x20,0x40,0x3F,0xC0,0x0C,0x40,0x23,0x00,0x3F,0xC0,0x20,0x00},/*"N",46*/
{0x1F,0x80,0x20,0x40,0x20,0x40,0x20,0x40,0x1F,0x80,0x00,0x00},/*"O",47*/
{0x20,0x40,0x3F,0xC0,0x24,0x40,0x24,0x00,0x18,0x00,0x00,0x00},/*"P",48*/
{0x1F,0x80,0x21,0x40,0x21,0x40,0x20,0xE0,0x1F,0xA0,0x00,0x00},/*"Q",49*/
{0x20,0x40,0x3F,0xC0,0x24,0x40,0x26,0x00,0x19,0xC0,0x00,0x40},/*"R",50*/
{0x18,0xC0,0x24,0x40,0x24,0x40,0x22,0x40,0x31,0x80,0x00,0x00},/*"S",51*/
{0x30,0x00,0x20,0x40,0x3F,0xC0,0x20,0x40,0x30,0x00,0x00,0x00},/*"T",52*/
{0x20,0x00,0x3F,0x80,0x00,0x40,0x00,0x40,0x3F,0x80,0x20,0x00},/*"U",53*/
{0x20,0x00,0x3E,0x00,0x01,0xC0,0x07,0x00,0x38,0x00,0x20,0x00},/*"V",54*/
{0x38,0x00,0x07,0xC0,0x3C,0x00,0x07,0xC0,0x38,0x00,0x00,0x00},/*"W",55*/
{0x20,0x40,0x39,0xC0,0x06,0x00,0x39,0xC0,0x20,0x40,0x00,0x00},/*"X",56*/
{0x20,0x00,0x38,0x40,0x07,0xC0,0x38,0x40,0x20,0x00,0x00,0x00},/*"Y",57*/
{0x30,0x40,0x21,0xC0,0x26,0x40,0x38,0x40,0x20,0xC0,0x00,0x00},/*"Z",58*/
{0x00,0x00,0x00,0x00,0x7F,0xE0,0x40,0x20,0x40,0x20,0x00,0x00},/*"[",59*/
{0x00,0x00,0x70,0x00,0x0C,0x00,0x03,0x80,0x00,0x40,0x00,0x00},/*"\",60*/
{0x00,0x00,0x40,0x20,0x40,0x20,0x7F,0xE0,0x00,0x00,0x00,0x00},/*"]",61*/
{0x00,0x00,0x20,0x00,0x40,0x00,0x20,0x00,0x00,0x00,0x00,0x00},/*"^",62*/
{0x00,0x10,0x00,0x10,0x00,0x10,0x00,0x10,0x00,0x10,0x00,0x10},/*"_",63*/
{0x00,0x00,0x00,0x00,0x40,0x00,0x00,0x00,0x00,0x00,0x00,0x00},/*"`",64*/
{0x00,0x00,0x02,0x80,0x05,0x40,0x05,0x40,0x03,0xC0,0x00,0x40},/*"a",65*/
{0x20,0x00,0x3F,0xC0,0x04,0x40,0x04,0x40,0x03,0x80,0x00,0x00},/*"b",66*/
{0x00,0x00,0x03,0x80,0x04,0x40,0x04,0x40,0x06,0x40,0x00,0x00},/*"c",67*/
{0x00,0x00,0x03,0x80,0x04,0x40,0x24,0x40,0x3F,0xC0,0x00,0x40},/*"d",68*/
{0x00,0x00,0x03,0x80,0x05,0x40,0x05,0x40,0x03,0x40,0x00,0x00},/*"e",69*/
{0x00,0x00,0x04,0x40,0x1F,0xC0,0x24,0x40,0x24,0x40,0x20,0x00},/*"f",70*/
{0x00,0x00,0x02,0xE0,0x05,0x50,0x05,0x50,0x06,0x50,0x04,0x20},/*"g",71*/
{0x20,0x40,0x3F,0xC0,0x04,0x40,0x04,0x00,0x03,0xC0,0x00,0x40},/*"h",72*/
{0x00,0x00,0x04,0x40,0x27,0xC0,0x00,0x40,0x00,0x00,0x00,0x00},/*"i",73*/
{0x00,0x10,0x00,0x10,0x04,0x10,0x27,0xE0,0x00,0x00,0x00,0x00},/*"j",74*/
{0x20,0x40,0x3F,0xC0,0x01,0x40,0x07,0x00,0x04,0xC0,0x04,0x40},/*"k",75*/
{0x20,0x40,0x20,0x40,0x3F,0xC0,0x00,0x40,0x00,0x40,0x00,0x00},/*"l",76*/
{0x07,0xC0,0x04,0x00,0x07,0xC0,0x04,0x00,0x03,0xC0,0x00,0x00},/*"m",77*/
{0x04,0x40,0x07,0xC0,0x04,0x40,0x04,0x00,0x03,0xC0,0x00,0x40},/*"n",78*/
{0x00,0x00,0x03,0x80,0x04,0x40,0x04,0x40,0x03,0x80,0x00,0x00},/*"o",79*/
{0x04,0x10,0x07,0xF0,0x04,0x50,0x04,0x40,0x03,0x80,0x00,0x00},/*"p",80*/
{0x00,0x00,0x03,0x80,0x04,0x40,0x04,0x50,0x07,0xF0,0x00,0x10},/*"q",81*/
{0x04,0x40,0x07,0xC0,0x02,0x40,0x04,0x00,0x04,0x00,0x00,0x00},/*"r",82*/
{0x00,0x00,0x06,0x40,0x05,0x40,0x05,0x40,0x04,0xC0,0x00,0x00},/*"s",83*/
{0x00,0x00,0x04,0x00,0x1F,0x80,0x04,0x40,0x00,0x40,0x00,0x00},/*"t",84*/
{0x04,0x00,0x07,0x80,0x00,0x40,0x04,0x40,0x07,0xC0,0x00,0x40},/*"u",85*/
{0x04,0x00,0x07,0x00,0x04,0xC0,0x01,0x80,0x06,0x00,0x04,0x00},/*"v",86*/
{0x06,0x00,0x01,0xC0,0x07,0x00,0x01,0xC0,0x06,0x00,0x00,0x00},/*"w",87*/
{0x04,0x40,0x06,0xC0,0x01,0x00,0x06,0xC0,0x04,0x40,0x00,0x00},/*"x",88*/
{0x04,0x10,0x07,0x10,0x04,0xE0,0x01,0x80,0x06,0x00,0x04,0x00},/*"y",89*/
{0x00,0x00,0x04,0x40,0x05,0xC0,0x06,0x40,0x04,0x40,0x00,0x00},/*"z",90*/
{0x00,0x00,0x00,0x00,0x04,0x00,0x7B,0xE0,0x40,0x20,0x00,0x00},/*"{",91*/
{0x00,0x00,0x00,0x00,0x00,0x00,0xFF,0xF0,0x00,0x00,0x00,0x00},/*"|",92*/
{0x00,0x00,0x40,0x20,0x7B,0xE0,0x04,0x00,0x00,0x00,0x00,0x00},/*"}",93*/
{0x40,0x00,0x80,0x00,0x40,0x00,0x20,0x00,0x20,0x00,0x40,0x00},/*"~",94*/
};

/* 16*16 ASCII????? */
const unsigned char asc2_1608[95][16]={	
{0x00,0x00,0x00,0x00,0x00,0x00,0x00,0x00,0x00,0x00,0x00,0x00,0x00,0x00,0x00,0x00},/*" ",0*/
{0x00,0x00,0x00,0x00,0x00,0x00,0x1F,0xCC,0x00,0x0C,0x00,0x00,0x00,0x00,0x00,0x00},/*"!",1*/
{0x00,0x00,0x08,0x00,0x30,0x00,0x60,0x00,0x08,0x00,0x30,0x00,0x60,0x00,0x00,0x00},/*""",2*/
{0x02,0x20,0x03,0xFC,0x1E,0x20,0x02,0x20,0x03,0xFC,0x1E,0x20,0x02,0x20,0x00,0x00},/*"#",3*/
{0x00,0x00,0x0E,0x18,0x11,0x04,0x3F,0xFF,0x10,0x84,0x0C,0x78,0x00,0x00,0x00,0x00},/*"$",4*/
{0x0F,0x00,0x10,0x84,0x0F,0x38,0x00,0xC0,0x07,0x78,0x18,0x84,0x00,0x78,0x00,0x00},/*"%",5*/
{0x00,0x78,0x0F,0x84,0x10,0xC4,0x11,0x24,0x0E,0x98,0x00,0xE4,0x00,0x84,0x00,0x08},/*"&",6*/
{0x08,0x00,0x68,0x00,0x70,0x00,0x00,0x00,0x00,0x00,0x00,0x00,0x00,0x00,0x00,0x00},/*"'",7*/
{0x00,0x00,0x00,0x00,0x00,0x00,0x07,0xE0,0x18,0x18,0x20,0x04,0x40,0x02,0x00,0x00},/*"(",8*/
{0x00,0x00,0x40,0x02,0x20,0x04,0x18,0x18,0x07,0xE0,0x00,0x00,0x00,0x00,0x00,0x00},/*")",9*/
{0x02,0x40,0x02,0x40,0x01,0x80,0x0F,0xF0,0x01,0x80,0x02,0x40,0x02,0x40,0x00,0x00},/*"*",10*/
{0x00,0x80,0x00,0x80,0x00,0x80,0x0F,0xF8,0x00,0x80,0x00,0x80,0x00,0x80,0x00,0x00},/*"+",11*/
{0x00,0x01,0x00,0x0D,0x00,0x0E,0x00,0x00,0x00,0x00,0x00,0x00,0x00,0x00,0x00,0x00},/*",",12*/
{0x00,0x00,0x00,0x80,0x00,0x80,0x00,0x80,0x00,0x80,0x00,0x80,0x00,0x80,0x00,0x80},/*"-",13*/
{0x00,0x00,0x00,0x0C,0x00,0x0C,0x00,0x00,0x00,0x00,0x00,0x00,0x00,0x00,0x00,0x00},/*".",14*/
{0x00,0x00,0x00,0x06,0x00,0x18,0x00,0x60,0x01,0x80,0x06,0x00,0x18,0x00,0x20,0x00},/*"/",15*/
{0x00,0x00,0x07,0xF0,0x08,0x08,0x10,0x04,0x10,0x04,0x08,0x08,0x07,0xF0,0x00,0x00},/*"0",16*/
{0x00,0x00,0x08,0x04,0x08,0x04,0x1F,0xFC,0x00,0x04,0x00,0x04,0x00,0x00,0x00,0x00},/*"1",17*/
{0x00,0x00,0x0E,0x0C,0x10,0x14,0x10,0x24,0x10,0x44,0x11,0x84,0x0E,0x0C,0x00,0x00},/*"2",18*/
{0x00,0x00,0x0C,0x18,0x10,0x04,0x11,0x04,0x11,0x04,0x12,0x88,0x0C,0x70,0x00,0x00},/*"3",19*/
{0x00,0x00,0x00,0xE0,0x03,0x20,0x04,0x24,0x08,0x24,0x1F,0xFC,0x00,0x24,0x00,0x00},/*"4",20*/
{0x00,0x00,0x1F,0x98,0x10,0x84,0x11,0x04,0x11,0x04,0x10,0x88,0x10,0x70,0x00,0x00},/*"5",21*/
{0x00,0x00,0x07,0xF0,0x08,0x88,0x11,0x04,0x11,0x04,0x18,0x88,0x00,0x70,0x00,0x00},/*"6",22*/
{0x00,0x00,0x1C,0x00,0x10,0x00,0x10,0xFC,0x13,0x00,0x1C,0x00,0x10,0x00,0x00,0x00},/*"7",23*/
{0x00,0x00,0x0E,0x38,0x11,0x44,0x10,0x84,0x10,0x84,0x11,0x44,0x0E,0x38,0x00,0x00},/*"8",24*/
{0x00,0x00,0x07,0x00,0x08,0x8C,0x10,0x44,0x10,0x44,0x08,0x88,0x07,0xF0,0x00,0x00},/*"9",25*/
{0x00,0x00,0x00,0x00,0x00,0x00,0x03,0x0C,0x03,0x0C,0x00,0x00,0x00,0x00,0x00,0x00},/*":",26*/
{0x00,0x00,0x00,0x00,0x00,0x01,0x01,0x06,0x00,0x00,0x00,0x00,0x00,0x00,0x00,0x00},/*";",27*/
{0x00,0x00,0x00,0x80,0x01,0x40,0x02,0x20,0x04,0x10,0x08,0x08,0x10,0x04,0x00,0x00},/*"<",28*/
{0x02,0x20,0x02,0x20,0x02,0x20,0x02,0x20,0x02,0x20,0x02,0x20,0x02,0x20,0x00,0x00},/*"=",29*/
{0x00,0x00,0x10,0x04,0x08,0x08,0x04,0x10,0x02,0x20,0x01,0x40,0x00,0x80,0x00,0x00},/*">",30*/
{0x00,0x00,0x0E,0x00,0x12,0x00,0x10,0x0C,0x10,0x6C,0x10,0x80,0x0F,0x00,0x00,0x00},/*"?",31*/
{0x03,0xE0,0x0C,0x18,0x13,0xE4,0x14,0x24,0x17,0xC4,0x08,0x28,0x07,0xD0,0x00,0x00},/*"@",32*/
{0x00,0x04,0x00,0x3C,0x03,0xC4,0x1C,0x40,0x07,0x40,0x00,0xE4,0x00,0x1C,0x00,0x04},/*"A",33*/
{0x10,0x04,0x1F,0xFC,0x11,0x04,0x11,0x04,0x11,0x04,0x0E,0x88,0x00,0x70,0x00,0x00},/*"B",34*/
{0x03,0xE0,0x0C,0x18,0x10,0x04,0x10,0x04,0x10,0x04,0x10,0x08,0x1C,0x10,0x00,0x00},/*"C",35*/
{0x10,0x04,0x1F,0xFC,0x10,0x04,0x10,0x04,0x10,0x04,0x08,0x08,0x07,0xF0,0x00,0x00},/*"D",36*/
{0x10,0x04,0x1F,0xFC,0x11,0x04,0x11,0x04,0x17,0xC4,0x10,0x04,0x08,0x18,0x00,0x00},/*"E",37*/
{0x10,0x04,0x1F,0xFC,0x11,0x04,0x11,0x00,0x17,0xC0,0x10,0x00,0x08,0x00,0x00,0x00},/*"F",38*/
{0x03,0xE0,0x0C,0x18,0x10,0x04,0x10,0x04,0x10,0x44,0x1C,0x78,0x00,0x40,0x00,0x00},/*"G",39*/
{0x10,0x04,0x1F,0xFC,0x10,0x84,0x00,0x80,0x00,0x80,0x10,0x84,0x1F,0xFC,0x10,0x04},/*"H",40*/
{0x00,0x00,0x10,0x04,0x10,0x04,0x1F,0xFC,0x10,0x04,0x10,0x04,0x00,0x00,0x00,0x00},/*"I",41*/
{0x00,0x03,0x00,0x01,0x10,0x01,0x10,0x01,0x1F,0xFE,0x10,0x00,0x10,0x00,0x00,0x00},/*"J",42*/
{0x10,0x04,0x1F,0xFC,0x11,0x04,0x03,0x80,0x14,0x64,0x18,0x1C,0x10,0x04,0x00,0x00},/*"K",43*/
{0x10,0x04,0x1F,0xFC,0x10,0x04,0x00,0x04,0x00,0x04,0x00,0x04,0x00,0x0C,0x00,0x00},/*"L",44*/
{0x10,0x04,0x1F,0xFC,0x1F,0x00,0x00,0xFC,0x1F,0x00,0x1F,0xFC,0x10,0x04,0x00,0x00},/*"M",45*/
{0x10,0x04,0x1F,0xFC,0x0C,0x04,0x03,0x00,0x00,0xE0,0x10,0x18,0x1F,0xFC,0x10,0x00},/*"N",46*/
{0x07,0xF0,0x08,0x08,0x10,0x04,0x10,0x04,0x10,0x04,0x08,0x08,0x07,0xF0,0x00,0x00},/*"O",47*/
{0x10,0x04,0x1F,0xFC,0x10,0x84,0x10,0x80,0x10,0x80,0x10,0x80,0x0F,0x00,0x00,0x00},/*"P",48*/
{0x07,0xF0,0x08,0x18,0x10,0x24,0x10,0x24,0x10,0x1C,0x08,0x0A,0x07,0xF2,0x00,0x00},/*"Q",49*/
{0x10,0x04,0x1F,0xFC,0x11,0x04,0x11,0x00,0x11,0xC0,0x11,0x30,0x0E,0x0C,0x00,0x04},/*"R",50*/
{0x00,0x00,0x0E,0x1C,0x11,0x04,0x10,0x84,0x10,0x84,0x10,0x44,0x1C,0x38,0x00,0x00},/*"S",51*/
{0x18,0x00,0x10,0x00,0x10,0x04,0x1F,0xFC,0x10,0x04,0x10,0x00,0x18,0x00,0x00,0x00},/*"T",52*/
{0x10,0x00,0x1F,0xF8,0x10,0x04,0x00,0x04,0x00,0x04,0x10,0x04,0x1F,0xF8,0x10,0x00},/*"U",53*/
{0x10,0x00,0x1E,0x00,0x11,0xE0,0x00,0x1C,0x00,0x70,0x13,0x80,0x1C,0x00,0x10,0x00},/*"V",54*/
{0x1F,0xC0,0x10,0x3C,0x00,0xE0,0x1F,0x00,0x00,0xE0,0x10,0x3C,0x1F,0xC0,0x00,0x00},/*"W",55*/
{0x10,0x04,0x18,0x0C,0x16,0x34,0x01,0xC0,0x01,0xC0,0x16,0x34,0x18,0x0C,0x10,0x04},/*"X",56*/
{0x10,0x00,0x1C,0x00,0x13,0x04,0x00,0xFC,0x13,0x04,0x1C,0x00,0x10,0x00,0x00,0x00},/*"Y",57*/
{0x08,0x04,0x10,0x1C,0x10,0x64,0x10,0x84,0x13,0x04,0x1C,0x04,0x10,0x18,0x00,0x00},/*"Z",58*/
{0x00,0x00,0x00,0x00,0x00,0x00,0x7F,0xFE,0x40,0x02,0x40,0x02,0x40,0x02,0x00,0x00},/*"[",59*/
{0x00,0x00,0x30,0x00,0x0C,0x00,0x03,0x80,0x00,0x60,0x00,0x1C,0x00,0x03,0x00,0x00},/*"\",60*/
{0x00,0x00,0x40,0x02,0x40,0x02,0x40,0x02,0x7F,0xFE,0x00,0x00,0x00,0x00,0x00,0x00},/*"]",61*/
{0x00,0x00,0x00,0x00,0x20,0x00,0x40,0x00,0x40,0x00,0x40,0x00,0x20,0x00,0x00,0x00},/*"^",62*/
{0x00,0x01,0x00,0x01,0x00,0x01,0x00,0x01,0x00,0x01,0x00,0x01,0x00,0x01,0x00,0x01},/*"_",63*/
{0x00,0x00,0x40,0x00,0x40,0x00,0x20,0x00,0x00,0x00,0x00,0x00,0x00,0x00,0x00,0x00},/*"`",64*/
{0x00,0x00,0x00,0x98,0x01,0x24,0x01,0x44,0x01,0x44,0x01,0x44,0x00,0xFC,0x00,0x04},/*"a",65*/
{0x10,0x00,0x1F,0xFC,0x00,0x88,0x01,0x04,0x01,0x04,0x00,0x88,0x00,0x70,0x00,0x00},/*"b",66*/
{0x00,0x00,0x00,0x70,0x00,0x88,0x01,0x04,0x01,0x04,0x01,0x04,0x00,0x88,0x00,0x00},/*"c",67*/
{0x00,0x00,0x00,0x70,0x00,0x88,0x01,0x04,0x01,0x04,0x11,0x08,0x1F,0xFC,0x00,0x04},/*"d",68*/
{0x00,0x00,0x00,0xF8,0x01,0x44,0x01,0x44,0x01,0x44,0x01,0x44,0x00,0xC8,0x00,0x00},/*"e",69*/
{0x00,0x00,0x01,0x04,0x01,0x04,0x0F,0xFC,0x11,0x04,0x11,0x04,0x11,0x00,0x18,0x00},/*"f",70*/
{0x00,0x00,0x00,0xD6,0x01,0x29,0x01,0x29,0x01,0x29,0x01,0xC9,0x01,0x06,0x00,0x00},/*"g",71*/
{0x10,0x04,0x1F,0xFC,0x00,0x84,0x01,0x00,0x01,0x00,0x01,0x04,0x00,0xFC,0x00,0x04},/*"h",72*/
{0x00,0x00,0x01,0x04,0x19,0x04,0x19,0xFC,0x00,0x04,0x00,0x04,0x00,0x00,0x00,0x00},/*"i",73*/
{0x00,0x00,0x00,0x03,0x00,0x01,0x01,0x01,0x19,0x01,0x19,0xFE,0x00,0x00,0x00,0x00},/*"j",74*/
{0x10,0x04,0x1F,0xFC,0x00,0x24,0x00,0x40,0x01,0xB4,0x01,0x0C,0x01,0x04,0x00,0x00},/*"k",75*/
{0x00,0x00,0x10,0x04,0x10,0x04,0x1F,0xFC,0x00,0x04,0x00,0x04,0x00,0x00,0x00,0x00},/*"l",76*/
{0x01,0x04,0x01,0xFC,0x01,0x04,0x01,0x00,0x01,0xFC,0x01,0x04,0x01,0x00,0x00,0xFC},/*"m",77*/
{0x01,0x04,0x01,0xFC,0x00,0x84,0x01,0x00,0x01,0x00,0x01,0x04,0x00,0xFC,0x00,0x04},/*"n",78*/
{0x00,0x00,0x00,0xF8,0x01,0x04,0x01,0x04,0x01,0x04,0x01,0x04,0x00,0xF8,0x00,0x00},/*"o",79*/
{0x01,0x01,0x01,0xFF,0x00,0x85,0x01,0x04,0x01,0x04,0x00,0x88,0x00,0x70,0x00,0x00},/*"p",80*/
{0x00,0x00,0x00,0x70,0x00,0x88,0x01,0x04,0x01,0x04,0x01,0x05,0x01,0xFF,0x00,0x01},/*"q",81*/
{0x01,0x04,0x01,0x04,0x01,0xFC,0x00,0x84,0x01,0x04,0x01,0x00,0x01,0x80,0x00,0x00},/*"r",82*/
{0x00,0x00,0x00,0xCC,0x01,0x24,0x01,0x24,0x01,0x24,0x01,0x24,0x01,0x98,0x00,0x00},/*"s",83*/
{0x00,0x00,0x01,0x00,0x01,0x00,0x07,0xF8,0x01,0x04,0x01,0x04,0x00,0x00,0x00,0x00},/*"t",84*/
{0x01,0x00,0x01,0xF8,0x00,0x04,0x00,0x04,0x00,0x04,0x01,0x08,0x01,0xFC,0x00,0x04},/*"u",85*/
{0x01,0x00,0x01,0x80,0x01,0x70,0x00,0x0C,0x00,0x10,0x01,0x60,0x01,0x80,0x01,0x00},/*"v",86*/
{0x01,0xF0,0x01,0x0C,0x00,0x30,0x01,0xC0,0x00,0x30,0x01,0x0C,0x01,0xF0,0x01,0x00},/*"w",87*/
{0x00,0x00,0x01,0x04,0x01,0x8C,0x00,0x74,0x01,0x70,0x01,0x8C,0x01,0x04,0x00,0x00},/*"x",88*/
{0x01,0x01,0x01,0x81,0x01,0x71,0x00,0x0E,0x00,0x18,0x01,0x60,0x01,0x80,0x01,0x00},/*"y",89*/
{0x00,0x00,0x01,0x84,0x01,0x0C,0x01,0x34,0x01,0x44,0x01,0x84,0x01,0x0C,0x00,0x00},/*"z",90*/
{0x00,0x00,0x00,0x00,0x00,0x00,0x00,0x00,0x01,0x00,0x3E,0xFC,0x40,0x02,0x40,0x02},/*"{",91*/
{0x00,0x00,0x00,0x00,0x00,0x00,0x00,0x00,0xFF,0xFF,0x00,0x00,0x00,0x00,0x00,0x00},/*"|",92*/
{0x00,0x00,0x40,0x02,0x40,0x02,0x3E,0xFC,0x01,0x00,0x00,0x00,0x00,0x00,0x00,0x00},/*"}",93*/
{0x00,0x00,0x60,0x00,0x80,0x00,0x80,0x00,0x40,0x00,0x40,0x00,0x20,0x00,0x20,0x00},/*"~",94*/
};

/* 24*24 ASICII????? */
const unsigned char asc2_2412[95][36]={	  
{0x00,0x00,0x00,0x00,0x00,0x00,0x00,0x00,0x00,0x00,0x00,0x00,0x00,0x00,0x00,0x00,0x00,0x00,0x00,0x00,0x00,0x00,0x00,0x00,0x00,0x00,0x00,0x00,0x00,0x00,0x00,0x00,0x00,0x00,0x00,0x00},/*" ",0*/
{0x00,0x00,0x00,0x00,0x00,0x00,0x00,0x00,0x00,0x00,0x00,0x00,0x00,0x00,0x00,0x0F,0x80,0x38,0x0F,0xFE,0x38,0x0F,0x80,0x38,0x00,0x00,0x00,0x00,0x00,0x00,0x00,0x00,0x00,0x00,0x00,0x00},/*"!",1*/
{0x00,0x00,0x00,0x00,0x00,0x00,0x01,0x00,0x00,0x06,0x00,0x00,0x0C,0x00,0x00,0x38,0x00,0x00,0x31,0x00,0x00,0x06,0x00,0x00,0x0C,0x00,0x00,0x38,0x00,0x00,0x30,0x00,0x00,0x00,0x00,0x00},/*""",2*/
{0x00,0x00,0x00,0x00,0x61,0x80,0x00,0x67,0xF8,0x07,0xF9,0x80,0x00,0x61,0x80,0x00,0x61,0x80,0x00,0x61,0x80,0x00,0x61,0x80,0x00,0x67,0xF8,0x07,0xF9,0x80,0x00,0x61,0x80,0x00,0x00,0x00},/*"#",3*/
{0x00,0x00,0x00,0x00,0x00,0x00,0x01,0xC0,0xE0,0x03,0xE0,0xF0,0x06,0x30,0x08,0x04,0x18,0x08,0x1F,0xFF,0xFE,0x04,0x0E,0x08,0x07,0x87,0xF0,0x03,0x81,0xE0,0x00,0x00,0x00,0x00,0x00,0x00},/*"$",4*/
{0x01,0xF0,0x00,0x06,0x0C,0x00,0x04,0x04,0x08,0x06,0x0C,0x70,0x01,0xF9,0xC0,0x00,0x0E,0x00,0x00,0x3B,0xE0,0x00,0xEC,0x18,0x07,0x08,0x08,0x04,0x0C,0x18,0x00,0x03,0xE0,0x00,0x00,0x00},/*"%",5*/
{0x00,0x01,0xE0,0x00,0x07,0xF0,0x03,0xF8,0x18,0x04,0x1C,0x08,0x04,0x17,0x08,0x07,0xE1,0xD0,0x03,0xC0,0xE0,0x00,0x23,0xB0,0x00,0x3C,0x08,0x00,0x20,0x08,0x00,0x00,0x10,0x00,0x00,0x00},/*"&",6*/
{0x00,0x00,0x00,0x01,0x00,0x00,0x31,0x00,0x00,0x32,0x00,0x00,0x1C,0x00,0x00,0x00,0x00,0x00,0x00,0x00,0x00,0x00,0x00,0x00,0x00,0x00,0x00,0x00,0x00,0x00,0x00,0x00,0x00,0x00,0x00,0x00},/*"'",7*/
{0x00,0x00,0x00,0x00,0x00,0x00,0x00,0x00,0x00,0x00,0x00,0x00,0x00,0x00,0x00,0x00,0x7F,0x00,0x01,0xFF,0xC0,0x07,0x80,0xF0,0x0C,0x00,0x18,0x10,0x00,0x04,0x20,0x00,0x02,0x00,0x00,0x00},/*"(",8*/
{0x00,0x00,0x00,0x20,0x00,0x02,0x10,0x00,0x04,0x0C,0x00,0x18,0x07,0x80,0xF0,0x01,0xFF,0xC0,0x00,0x7F,0x00,0x00,0x00,0x00,0x00,0x00,0x00,0x00,0x00,0x00,0x00,0x00,0x00,0x00,0x00,0x00},/*")",9*/
{0x00,0x00,0x00,0x00,0x42,0x00,0x00,0x66,0x00,0x00,0x66,0x00,0x00,0x3C,0x00,0x00,0x18,0x00,0x03,0xFF,0xC0,0x00,0x18,0x00,0x00,0x3C,0x00,0x00,0x66,0x00,0x00,0x66,0x00,0x00,0x42,0x00},/*"*",10*/
{0x00,0x00,0x00,0x00,0x08,0x00,0x00,0x08,0x00,0x00,0x08,0x00,0x00,0x08,0x00,0x00,0x08,0x00,0x01,0xFF,0xC0,0x00,0x08,0x00,0x00,0x08,0x00,0x00,0x08,0x00,0x00,0x08,0x00,0x00,0x08,0x00},/*"+",11*/
{0x00,0x00,0x00,0x00,0x00,0x01,0x00,0x00,0x31,0x00,0x00,0x32,0x00,0x00,0x1C,0x00,0x00,0x00,0x00,0x00,0x00,0x00,0x00,0x00,0x00,0x00,0x00,0x00,0x00,0x00,0x00,0x00,0x00,0x00,0x00,0x00},/*",",12*/
{0x00,0x00,0x00,0x00,0x08,0x00,0x00,0x08,0x00,0x00,0x08,0x00,0x00,0x08,0x00,0x00,0x08,0x00,0x00,0x08,0x00,0x00,0x08,0x00,0x00,0x08,0x00,0x00,0x08,0x00,0x00,0x08,0x00,0x00,0x00,0x00},/*"-",13*/
{0x00,0x00,0x00,0x00,0x00,0x00,0x00,0x00,0x38,0x00,0x00,0x38,0x00,0x00,0x38,0x00,0x00,0x00,0x00,0x00,0x00,0x00,0x00,0x00,0x00,0x00,0x00,0x00,0x00,0x00,0x00,0x00,0x00,0x00,0x00,0x00},/*".",14*/
{0x00,0x00,0x00,0x00,0x00,0x06,0x00,0x00,0x1C,0x00,0x00,0x70,0x00,0x01,0x80,0x00,0x0E,0x00,0x00,0x38,0x00,0x00,0xC0,0x00,0x07,0x00,0x00,0x1C,0x00,0x00,0x30,0x00,0x00,0x00,0x00,0x00},/*"/",15*/
{0x00,0x00,0x00,0x00,0x7F,0x80,0x01,0xFF,0xE0,0x03,0x80,0x70,0x06,0x00,0x18,0x04,0x00,0x08,0x04,0x00,0x08,0x06,0x00,0x18,0x03,0x80,0x70,0x01,0xFF,0xE0,0x00,0x7F,0x80,0x00,0x00,0x00},/*"0",16*/
{0x00,0x00,0x00,0x00,0x00,0x00,0x01,0x00,0x08,0x01,0x00,0x08,0x01,0x00,0x08,0x03,0xFF,0xF8,0x07,0xFF,0xF8,0x00,0x00,0x08,0x00,0x00,0x08,0x00,0x00,0x08,0x00,0x00,0x00,0x00,0x00,0x00},/*"1",17*/
{0x00,0x00,0x00,0x01,0xC0,0x38,0x02,0xC0,0x58,0x04,0x00,0x98,0x04,0x01,0x18,0x04,0x02,0x18,0x04,0x04,0x18,0x06,0x1C,0x18,0x03,0xF8,0x18,0x01,0xE0,0xF8,0x00,0x00,0x00,0x00,0x00,0x00},/*"2",18*/
{0x00,0x00,0x00,0x01,0xC0,0xE0,0x03,0xC0,0xF0,0x04,0x00,0x08,0x04,0x08,0x08,0x04,0x08,0x08,0x06,0x18,0x08,0x03,0xF4,0x18,0x01,0xE7,0xF0,0x00,0x01,0xE0,0x00,0x00,0x00,0x00,0x00,0x00},/*"3",19*/
{0x00,0x00,0x00,0x00,0x03,0x00,0x00,0x0D,0x00,0x00,0x11,0x00,0x00,0x61,0x00,0x00,0x81,0x08,0x03,0x01,0x08,0x07,0xFF,0xF8,0x0F,0xFF,0xF8,0x00,0x01,0x08,0x00,0x01,0x08,0x00,0x00,0x00},/*"4",20*/
{0x00,0x00,0x00,0x00,0x00,0xE0,0x07,0xFC,0xD0,0x06,0x08,0x08,0x06,0x10,0x08,0x06,0x10,0x08,0x06,0x10,0x08,0x06,0x18,0x38,0x06,0x0F,0xF0,0x06,0x07,0xC0,0x00,0x00,0x00,0x00,0x00,0x00},/*"5",21*/
{0x00,0x00,0x00,0x00,0x3F,0x80,0x01,0xFF,0xE0,0x03,0x84,0x30,0x02,0x08,0x18,0x04,0x10,0x08,0x04,0x10,0x08,0x04,0x10,0x08,0x07,0x18,0x10,0x03,0x0F,0xF0,0x00,0x07,0xC0,0x00,0x00,0x00},/*"6",22*/
{0x00,0x00,0x00,0x00,0x00,0x00,0x03,0xC0,0x00,0x07,0x00,0x00,0x06,0x00,0x00,0x06,0x00,0xF8,0x06,0x07,0xF8,0x06,0x18,0x00,0x06,0xE0,0x00,0x07,0x00,0x00,0x06,0x00,0x00,0x00,0x00,0x00},/*"7",23*/
{0x00,0x00,0x00,0x01,0xE1,0xE0,0x03,0xF7,0xF0,0x06,0x34,0x10,0x04,0x18,0x08,0x04,0x18,0x08,0x04,0x0C,0x08,0x04,0x0C,0x08,0x06,0x16,0x18,0x03,0xF3,0xF0,0x01,0xC1,0xE0,0x00,0x00,0x00},/*"8",24*/
{0x00,0x00,0x00,0x00,0xF8,0x00,0x03,0xFC,0x30,0x03,0x06,0x38,0x04,0x02,0x08,0x04,0x02,0x08,0x04,0x02,0x08,0x04,0x04,0x10,0x03,0x08,0xF0,0x01,0xFF,0xC0,0x00,0x7F,0x00,0x00,0x00,0x00},/*"9",25*/
{0x00,0x00,0x00,0x00,0x00,0x00,0x00,0x00,0x00,0x00,0x00,0x00,0x00,0x00,0x00,0x00,0x70,0x38,0x00,0x70,0x38,0x00,0x70,0x38,0x00,0x00,0x00,0x00,0x00,0x00,0x00,0x00,0x00,0x00,0x00,0x00},/*":",26*/
{0x00,0x00,0x00,0x00,0x00,0x00,0x00,0x00,0x00,0x00,0x00,0x00,0x00,0x00,0x00,0x00,0x30,0x1A,0x00,0x30,0x1C,0x00,0x00,0x00,0x00,0x00,0x00,0x00,0x00,0x00,0x00,0x00,0x00,0x00,0x00,0x00},/*";",27*/
{0x00,0x00,0x00,0x00,0x00,0x00,0x00,0x08,0x00,0x00,0x14,0x00,0x00,0x22,0x00,0x00,0x41,0x00,0x00,0x80,0x80,0x01,0x00,0x40,0x02,0x00,0x20,0x04,0x00,0x10,0x08,0x00,0x08,0x00,0x00,0x00},/*"<",28*/
{0x00,0x00,0x00,0x00,0x21,0x00,0x00,0x21,0x00,0x00,0x21,0x00,0x00,0x21,0x00,0x00,0x21,0x00,0x00,0x21,0x00,0x00,0x21,0x00,0x00,0x21,0x00,0x00,0x21,0x00,0x00,0x21,0x00,0x00,0x00,0x00},/*"=",29*/
{0x00,0x00,0x00,0x00,0x00,0x00,0x08,0x00,0x08,0x04,0x00,0x10,0x02,0x00,0x20,0x01,0x00,0x40,0x00,0x80,0x80,0x00,0x41,0x00,0x00,0x22,0x00,0x00,0x14,0x00,0x00,0x08,0x00,0x00,0x00,0x00},/*">",30*/
{0x00,0x00,0x00,0x03,0xC0,0x00,0x04,0xC0,0x00,0x04,0x00,0x00,0x08,0x00,0x38,0x08,0x0F,0x38,0x08,0x08,0x38,0x08,0x10,0x00,0x0C,0x30,0x00,0x07,0xE0,0x00,0x03,0xC0,0x00,0x00,0x00,0x00},/*"?",31*/
{0x00,0x00,0x00,0x00,0x3F,0x80,0x00,0xFF,0xE0,0x03,0x80,0x70,0x02,0x0F,0x10,0x06,0x70,0x88,0x04,0xC0,0x88,0x04,0x83,0x08,0x04,0x7F,0x88,0x02,0xC0,0x90,0x03,0x01,0x20,0x00,0xFE,0x40},/*"@",32*/
{0x00,0x00,0x08,0x00,0x00,0x18,0x00,0x01,0xF8,0x00,0x3E,0x08,0x01,0xC2,0x00,0x07,0x02,0x00,0x07,0xE2,0x00,0x00,0xFE,0x00,0x00,0x1F,0xC8,0x00,0x01,0xF8,0x00,0x00,0x38,0x00,0x00,0x08},/*"A",33*/
{0x04,0x00,0x08,0x07,0xFF,0xF8,0x07,0xFF,0xF8,0x04,0x08,0x08,0x04,0x08,0x08,0x04,0x08,0x08,0x04,0x08,0x08,0x06,0x18,0x08,0x03,0xF4,0x18,0x01,0xE7,0xF0,0x00,0x01,0xE0,0x00,0x00,0x00},/*"B",34*/
{0x00,0x00,0x00,0x00,0x3F,0x80,0x01,0xFF,0xE0,0x03,0x80,0x70,0x02,0x00,0x18,0x04,0x00,0x08,0x04,0x00,0x08,0x04,0x00,0x08,0x04,0x00,0x10,0x06,0x00,0x20,0x07,0x80,0xC0,0x00,0x00,0x00},/*"C",35*/
{0x04,0x00,0x08,0x07,0xFF,0xF8,0x07,0xFF,0xF8,0x04,0x00,0x08,0x04,0x00,0x08,0x04,0x00,0x08,0x04,0x00,0x18,0x02,0x00,0x10,0x03,0x80,0x70,0x01,0xFF,0xE0,0x00,0x7F,0x80,0x00,0x00,0x00},/*"D",36*/
{0x04,0x00,0x08,0x07,0xFF,0xF8,0x07,0xFF,0xF8,0x04,0x08,0x08,0x04,0x08,0x08,0x04,0x08,0x08,0x04,0x08,0x08,0x04,0x3E,0x08,0x04,0x00,0x08,0x06,0x00,0x18,0x01,0x00,0x60,0x00,0x00,0x00},/*"E",37*/
{0x04,0x00,0x08,0x07,0xFF,0xF8,0x07,0xFF,0xF8,0x04,0x08,0x08,0x04,0x08,0x00,0x04,0x08,0x00,0x04,0x08,0x00,0x04,0x3E,0x00,0x06,0x00,0x00,0x06,0x00,0x00,0x01,0x80,0x00,0x00,0x00,0x00},/*"F",38*/
{0x00,0x00,0x00,0x00,0x3F,0x80,0x01,0xFF,0xE0,0x03,0x80,0x70,0x06,0x00,0x18,0x04,0x00,0x08,0x04,0x02,0x08,0x04,0x02,0x08,0x02,0x03,0xF0,0x07,0x83,0xF0,0x00,0x02,0x00,0x00,0x02,0x00},/*"G",39*/
{0x04,0x00,0x08,0x07,0xFF,0xF8,0x07,0xFF,0xF8,0x04,0x08,0x08,0x00,0x08,0x00,0x00,0x08,0x00,0x00,0x08,0x00,0x00,0x08,0x00,0x04,0x08,0x08,0x07,0xFF,0xF8,0x07,0xFF,0xF8,0x04,0x00,0x08},/*"H",40*/
{0x00,0x00,0x00,0x00,0x00,0x00,0x04,0x00,0x08,0x04,0x00,0x08,0x04,0x00,0x08,0x07,0xFF,0xF8,0x07,0xFF,0xF8,0x04,0x00,0x08,0x04,0x00,0x08,0x04,0x00,0x08,0x00,0x00,0x00,0x00,0x00,0x00},/*"I",41*/
{0x00,0x00,0x00,0x00,0x00,0x06,0x00,0x00,0x07,0x00,0x00,0x01,0x04,0x00,0x01,0x04,0x00,0x01,0x04,0x00,0x03,0x07,0xFF,0xFE,0x07,0xFF,0xFC,0x04,0x00,0x00,0x04,0x00,0x00,0x04,0x00,0x00},/*"J",42*/
{0x04,0x00,0x08,0x07,0xFF,0xF8,0x07,0xFF,0xF8,0x04,0x0C,0x08,0x00,0x18,0x00,0x00,0x3E,0x00,0x04,0xC7,0x80,0x05,0x03,0xC8,0x06,0x00,0xF8,0x04,0x00,0x38,0x04,0x00,0x18,0x00,0x00,0x08},/*"K",43*/
{0x04,0x00,0x08,0x07,0xFF,0xF8,0x07,0xFF,0xF8,0x04,0x00,0x08,0x00,0x00,0x08,0x00,0x00,0x08,0x00,0x00,0x08,0x00,0x00,0x08,0x00,0x00,0x08,0x00,0x00,0x18,0x00,0x00,0x60,0x00,0x00,0x00},/*"L",44*/
{0x04,0x00,0x08,0x07,0xFF,0xF8,0x07,0x80,0x08,0x07,0xFC,0x00,0x00,0x7F,0xC0,0x00,0x03,0xF8,0x00,0x07,0xC0,0x00,0x78,0x00,0x07,0x80,0x08,0x07,0xFF,0xF8,0x07,0xFF,0xF8,0x04,0x00,0x08},/*"M",45*/
{0x04,0x00,0x08,0x07,0xFF,0xF8,0x07,0x00,0x08,0x03,0xC0,0x00,0x00,0xE0,0x00,0x00,0x38,0x00,0x00,0x1E,0x00,0x00,0x07,0x00,0x00,0x01,0xC0,0x04,0x00,0xF0,0x07,0xFF,0xF8,0x04,0x00,0x00},/*"N",46*/
{0x00,0x00,0x00,0x00,0x7F,0x80,0x01,0xFF,0xE0,0x03,0x80,0x70,0x06,0x00,0x18,0x04,0x00,0x08,0x04,0x00,0x08,0x06,0x00,0x18,0x03,0x00,0x30,0x01,0xFF,0xE0,0x00,0x7F,0x80,0x00,0x00,0x00},/*"O",47*/
{0x04,0x00,0x08,0x07,0xFF,0xF8,0x07,0xFF,0xF8,0x04,0x04,0x08,0x04,0x04,0x00,0x04,0x04,0x00,0x04,0x04,0x00,0x04,0x04,0x00,0x06,0x0C,0x00,0x03,0xF8,0x00,0x01,0xF0,0x00,0x00,0x00,0x00},/*"P",48*/
{0x00,0x00,0x00,0x00,0x7F,0x80,0x01,0xFF,0xE0,0x03,0x80,0x70,0x06,0x00,0x88,0x04,0x00,0x88,0x04,0x00,0xC8,0x06,0x00,0x3C,0x03,0x00,0x3E,0x01,0xFF,0xE6,0x00,0x7F,0x84,0x00,0x00,0x00},/*"Q",49*/
{0x04,0x00,0x08,0x07,0xFF,0xF8,0x07,0xFF,0xF8,0x04,0x08,0x08,0x04,0x08,0x00,0x04,0x0C,0x00,0x04,0x0F,0x00,0x04,0x0B,0xC0,0x06,0x10,0xF0,0x03,0xF0,0x38,0x01,0xE0,0x08,0x00,0x00,0x08},/*"R",50*/
{0x00,0x00,0x00,0x01,0xE0,0xF8,0x03,0xF0,0x30,0x06,0x30,0x10,0x04,0x18,0x08,0x04,0x18,0x08,0x04,0x0C,0x08,0x04,0x0C,0x08,0x02,0x06,0x18,0x02,0x07,0xF0,0x07,0x81,0xE0,0x00,0x00,0x00},/*"S",51*/
{0x01,0x80,0x00,0x06,0x00,0x00,0x04,0x00,0x00,0x04,0x00,0x00,0x04,0x00,0x08,0x07,0xFF,0xF8,0x07,0xFF,0xF8,0x04,0x00,0x08,0x04,0x00,0x00,0x04,0x00,0x00,0x06,0x00,0x00,0x01,0x80,0x00},/*"T",52*/
{0x04,0x00,0x00,0x07,0xFF,0xE0,0x07,0xFF,0xF0,0x04,0x00,0x18,0x00,0x00,0x08,0x00,0x00,0x08,0x00,0x00,0x08,0x00,0x00,0x08,0x00,0x00,0x08,0x04,0x00,0x10,0x07,0xFF,0xE0,0x04,0x00,0x00},/*"U",53*/
{0x04,0x00,0x00,0x06,0x00,0x00,0x07,0xE0,0x00,0x07,0xFE,0x00,0x04,0x1F,0xE0,0x00,0x01,0xF8,0x00,0x00,0x38,0x00,0x01,0xE0,0x04,0x3E,0x00,0x07,0xC0,0x00,0x06,0x00,0x00,0x04,0x00,0x00},/*"V",54*/
{0x04,0x00,0x00,0x07,0xE0,0x00,0x07,0xFF,0xC0,0x04,0x1F,0xF8,0x00,0x07,0xC0,0x07,0xF8,0x00,0x07,0xFF,0x80,0x04,0x3F,0xF8,0x00,0x07,0xC0,0x04,0xF8,0x00,0x07,0x00,0x00,0x04,0x00,0x00},/*"W",55*/
{0x00,0x00,0x00,0x04,0x00,0x08,0x06,0x00,0x18,0x07,0xC0,0x78,0x05,0xF1,0xC8,0x00,0x3E,0x00,0x00,0x1F,0x80,0x04,0x63,0xE8,0x07,0x80,0xF8,0x06,0x00,0x18,0x04,0x00,0x08,0x00,0x00,0x00},/*"X",56*/
{0x04,0x00,0x00,0x06,0x00,0x00,0x07,0x80,0x00,0x07,0xE0,0x08,0x04,0x7C,0x08,0x00,0x1F,0xF8,0x00,0x07,0xF8,0x00,0x18,0x08,0x04,0xE0,0x08,0x07,0x00,0x00,0x06,0x00,0x00,0x04,0x00,0x00},/*"Y",57*/
{0x00,0x00,0x00,0x01,0x00,0x08,0x06,0x00,0x38,0x04,0x00,0xF8,0x04,0x03,0xE8,0x04,0x0F,0x08,0x04,0x7C,0x08,0x05,0xF0,0x08,0x07,0xC0,0x08,0x07,0x00,0x18,0x04,0x00,0x60,0x00,0x00,0x00},/*"Z",58*/
{0x00,0x00,0x00,0x00,0x00,0x00,0x00,0x00,0x00,0x00,0x00,0x00,0x00,0x00,0x00,0x3F,0xFF,0xFE,0x20,0x00,0x02,0x20,0x00,0x02,0x20,0x00,0x02,0x20,0x00,0x02,0x20,0x00,0x02,0x00,0x00,0x00},/*"[",59*/
{0x00,0x00,0x00,0x00,0x00,0x00,0x08,0x00,0x00,0x07,0x00,0x00,0x00,0xC0,0x00,0x00,0x38,0x00,0x00,0x06,0x00,0x00,0x01,0xC0,0x00,0x00,0x30,0x00,0x00,0x0E,0x00,0x00,0x01,0x00,0x00,0x00},/*"\",60*/
{0x00,0x00,0x00,0x00,0x00,0x00,0x20,0x00,0x02,0x20,0x00,0x02,0x20,0x00,0x02,0x20,0x00,0x02,0x20,0x00,0x02,0x3F,0xFF,0xFE,0x00,0x00,0x00,0x00,0x00,0x00,0x00,0x00,0x00,0x00,0x00,0x00},/*"]",61*/
{0x00,0x00,0x00,0x00,0x00,0x00,0x00,0x00,0x00,0x08,0x00,0x00,0x10,0x00,0x00,0x30,0x00,0x00,0x20,0x00,0x00,0x30,0x00,0x00,0x10,0x00,0x00,0x08,0x00,0x00,0x00,0x00,0x00,0x00,0x00,0x00},/*"^",62*/
{0x00,0x00,0x01,0x00,0x00,0x01,0x00,0x00,0x01,0x00,0x00,0x01,0x00,0x00,0x01,0x00,0x00,0x01,0x00,0x00,0x01,0x00,0x00,0x01,0x00,0x00,0x01,0x00,0x00,0x01,0x00,0x00,0x01,0x00,0x00,0x01},/*"_",63*/
{0x00,0x00,0x00,0x00,0x00,0x00,0x00,0x00,0x00,0x20,0x00,0x00,0x20,0x00,0x00,0x10,0x00,0x00,0x10,0x00,0x00,0x00,0x00,0x00,0x00,0x00,0x00,0x00,0x00,0x00,0x00,0x00,0x00,0x00,0x00,0x00},/*"`",64*/
{0x00,0x00,0x00,0x00,0x00,0xF0,0x00,0x19,0xF8,0x00,0x1B,0x18,0x00,0x22,0x08,0x00,0x26,0x08,0x00,0x24,0x08,0x00,0x24,0x10,0x00,0x3F,0xF8,0x00,0x1F,0xF8,0x00,0x00,0x08,0x00,0x00,0x18},/*"a",65*/
{0x00,0x00,0x00,0x04,0x00,0x00,0x07,0xFF,0xF8,0x0F,0xFF,0xF0,0x00,0x18,0x18,0x00,0x10,0x08,0x00,0x20,0x08,0x00,0x20,0x08,0x00,0x30,0x18,0x00,0x1F,0xF0,0x00,0x0F,0xC0,0x00,0x00,0x00},/*"b",66*/
{0x00,0x00,0x00,0x00,0x07,0xC0,0x00,0x1F,0xF0,0x00,0x18,0x30,0x00,0x20,0x08,0x00,0x20,0x08,0x00,0x20,0x08,0x00,0x3C,0x08,0x00,0x1C,0x10,0x00,0x00,0x60,0x00,0x00,0x00,0x00,0x00,0x00},/*"c",67*/
{0x00,0x00,0x00,0x00,0x07,0xC0,0x00,0x1F,0xF0,0x00,0x38,0x18,0x00,0x20,0x08,0x00,0x20,0x08,0x00,0x20,0x08,0x04,0x10,0x10,0x07,0xFF,0xF8,0x0F,0xFF,0xF0,0x00,0x00,0x10,0x00,0x00,0x00},/*"d",68*/
{0x00,0x00,0x00,0x00,0x00,0x00,0x00,0x07,0xC0,0x00,0x1F,0xF0,0x00,0x12,0x30,0x00,0x22,0x18,0x00,0x22,0x08,0x00,0x22,0x08,0x00,0x32,0x08,0x00,0x1E,0x10,0x00,0x0E,0x20,0x00,0x00,0x00},/*"e",69*/
{0x00,0x00,0x00,0x00,0x20,0x00,0x00,0x20,0x08,0x00,0x20,0x08,0x01,0xFF,0xF8,0x03,0xFF,0xF8,0x06,0x20,0x08,0x04,0x20,0x08,0x04,0x20,0x08,0x07,0x20,0x00,0x03,0x00,0x00,0x00,0x00,0x00},/*"f",70*/
{0x00,0x00,0x00,0x00,0x00,0x0E,0x00,0x0E,0x6E,0x00,0x1F,0xF3,0x00,0x31,0xB1,0x00,0x20,0xB1,0x00,0x20,0xB1,0x00,0x31,0x91,0x00,0x1F,0x13,0x00,0x2E,0x1E,0x00,0x20,0x0E,0x00,0x30,0x00},/*"g",71*/
{0x00,0x00,0x00,0x04,0x00,0x08,0x07,0xFF,0xF8,0x0F,0xFF,0xF8,0x00,0x10,0x08,0x00,0x20,0x00,0x00,0x20,0x00,0x00,0x20,0x08,0x00,0x3F,0xF8,0x00,0x1F,0xF8,0x00,0x00,0x08,0x00,0x00,0x00},/*"h",72*/
{0x00,0x00,0x00,0x00,0x00,0x00,0x00,0x20,0x08,0x00,0x20,0x08,0x00,0x20,0x08,0x06,0x3F,0xF8,0x06,0x3F,0xF8,0x00,0x00,0x08,0x00,0x00,0x08,0x00,0x00,0x08,0x00,0x00,0x00,0x00,0x00,0x00},/*"i",73*/
{0x00,0x00,0x00,0x00,0x00,0x00,0x00,0x00,0x03,0x00,0x00,0x03,0x00,0x20,0x01,0x00,0x20,0x01,0x00,0x20,0x03,0x06,0x3F,0xFE,0x06,0x3F,0xFC,0x00,0x00,0x00,0x00,0x00,0x00,0x00,0x00,0x00},/*"j",74*/
{0x00,0x00,0x00,0x04,0x00,0x08,0x07,0xFF,0xF8,0x0F,0xFF,0xF8,0x00,0x01,0x88,0x00,0x03,0x00,0x00,0x2F,0xC0,0x00,0x38,0xF8,0x00,0x20,0x38,0x00,0x20,0x08,0x00,0x00,0x08,0x00,0x00,0x00},/*"k",75*/
{0x00,0x00,0x00,0x00,0x00,0x00,0x04,0x00,0x08,0x04,0x00,0x08,0x04,0x00,0x08,0x07,0xFF,0xF8,0x0F,0xFF,0xF8,0x00,0x00,0x08,0x00,0x00,0x08,0x00,0x00,0x08,0x00,0x00,0x00,0x00,0x00,0x00},/*"l",76*/
{0x00,0x20,0x08,0x00,0x3F,0xF8,0x00,0x3F,0xF8,0x00,0x10,0x08,0x00,0x20,0x00,0x00,0x3F,0xF8,0x00,0x3F,0xF8,0x00,0x10,0x08,0x00,0x20,0x00,0x00,0x3F,0xF8,0x00,0x3F,0xF8,0x00,0x00,0x08},/*"m",77*/
{0x00,0x00,0x00,0x00,0x20,0x08,0x00,0x3F,0xF8,0x00,0x3F,0xF8,0x00,0x10,0x08,0x00,0x10,0x00,0x00,0x20,0x00,0x00,0x20,0x08,0x00,0x3F,0xF8,0x00,0x1F,0xF8,0x00,0x00,0x08,0x00,0x00,0x00},/*"n",78*/
{0x00,0x00,0x00,0x00,0x07,0xC0,0x00,0x0F,0xF0,0x00,0x18,0x30,0x00,0x30,0x08,0x00,0x20,0x08,0x00,0x20,0x08,0x00,0x30,0x08,0x00,0x18,0x30,0x00,0x0F,0xF0,0x00,0x07,0xC0,0x00,0x00,0x00},/*"o",79*/
{0x00,0x00,0x00,0x00,0x20,0x01,0x00,0x3F,0xFF,0x00,0x3F,0xFF,0x00,0x10,0x11,0x00,0x20,0x09,0x00,0x20,0x08,0x00,0x20,0x08,0x00,0x30,0x38,0x00,0x1F,0xF0,0x00,0x0F,0xC0,0x00,0x00,0x00},/*"p",80*/
{0x00,0x00,0x00,0x00,0x07,0xC0,0x00,0x1F,0xF0,0x00,0x38,0x18,0x00,0x20,0x08,0x00,0x20,0x08,0x00,0x20,0x09,0x00,0x10,0x11,0x00,0x1F,0xFF,0x00,0x3F,0xFF,0x00,0x00,0x01,0x00,0x00,0x00},/*"q",81*/
{0x00,0x20,0x08,0x00,0x20,0x08,0x00,0x20,0x08,0x00,0x3F,0xF8,0x00,0x3F,0xF8,0x00,0x08,0x08,0x00,0x10,0x08,0x00,0x20,0x08,0x00,0x20,0x00,0x00,0x30,0x00,0x00,0x30,0x00,0x00,0x00,0x00},/*"r",82*/
{0x00,0x00,0x00,0x00,0x00,0x00,0x00,0x0C,0x78,0x00,0x1E,0x18,0x00,0x33,0x08,0x00,0x23,0x08,0x00,0x21,0x08,0x00,0x21,0x88,0x00,0x21,0x98,0x00,0x30,0xF0,0x00,0x38,0x60,0x00,0x00,0x00},/*"s",83*/
{0x00,0x00,0x00,0x00,0x20,0x00,0x00,0x20,0x00,0x00,0x20,0x00,0x00,0xFF,0xF0,0x03,0xFF,0xF8,0x00,0x20,0x08,0x00,0x20,0x08,0x00,0x20,0x08,0x00,0x00,0x30,0x00,0x00,0x00,0x00,0x00,0x00},/*"t",84*/
{0x00,0x00,0x00,0x00,0x20,0x00,0x00,0x3F,0xF0,0x00,0x7F,0xF8,0x00,0x00,0x18,0x00,0x00,0x08,0x00,0x00,0x08,0x00,0x20,0x10,0x00,0x3F,0xF8,0x00,0x7F,0xF0,0x00,0x00,0x10,0x00,0x00,0x00},/*"u",85*/
{0x00,0x00,0x00,0x00,0x20,0x00,0x00,0x30,0x00,0x00,0x3C,0x00,0x00,0x3F,0x80,0x00,0x23,0xF0,0x00,0x00,0x78,0x00,0x00,0x70,0x00,0x23,0x80,0x00,0x3C,0x00,0x00,0x30,0x00,0x00,0x20,0x00},/*"v",86*/
{0x00,0x20,0x00,0x00,0x3C,0x00,0x00,0x3F,0xE0,0x00,0x23,0xF8,0x00,0x00,0xE0,0x00,0x27,0x00,0x00,0x3E,0x00,0x00,0x3F,0xE0,0x00,0x21,0xF8,0x00,0x01,0xE0,0x00,0x3E,0x00,0x00,0x20,0x00},/*"w",87*/
{0x00,0x00,0x00,0x00,0x20,0x08,0x00,0x20,0x08,0x00,0x38,0x38,0x00,0x3E,0x68,0x00,0x27,0x80,0x00,0x03,0xC8,0x00,0x2C,0xF8,0x00,0x38,0x38,0x00,0x20,0x18,0x00,0x20,0x08,0x00,0x00,0x00},/*"x",88*/
{0x00,0x00,0x00,0x00,0x20,0x00,0x00,0x30,0x03,0x00,0x3C,0x01,0x00,0x3F,0x83,0x00,0x23,0xEC,0x00,0x00,0x70,0x00,0x23,0x80,0x00,0x3C,0x00,0x00,0x20,0x00,0x00,0x20,0x00,0x00,0x00,0x00},/*"y",89*/
{0x00,0x00,0x00,0x00,0x00,0x00,0x00,0x38,0x08,0x00,0x20,0x38,0x00,0x20,0xF8,0x00,0x23,0xE8,0x00,0x2F,0x88,0x00,0x3E,0x08,0x00,0x38,0x08,0x00,0x20,0x18,0x00,0x00,0x70,0x00,0x00,0x00},/*"z",90*/
{0x00,0x00,0x00,0x00,0x00,0x00,0x00,0x00,0x00,0x00,0x00,0x00,0x00,0x00,0x00,0x00,0x08,0x00,0x00,0x14,0x00,0x1F,0xF7,0xFC,0x30,0x00,0x06,0x20,0x00,0x02,0x00,0x00,0x00,0x00,0x00,0x00},/*"{",91*/
{0x00,0x00,0x00,0x00,0x00,0x00,0x00,0x00,0x00,0x00,0x00,0x00,0x00,0x00,0x00,0x00,0x00,0x00,0xFF,0xFF,0xFF,0x00,0x00,0x00,0x00,0x00,0x00,0x00,0x00,0x00,0x00,0x00,0x00,0x00,0x00,0x00},/*"|",92*/
{0x00,0x00,0x00,0x00,0x00,0x00,0x20,0x00,0x02,0x30,0x00,0x06,0x1F,0xF7,0xFC,0x00,0x14,0x00,0x00,0x08,0x00,0x00,0x00,0x00,0x00,0x00,0x00,0x00,0x00,0x00,0x00,0x00,0x00,0x00,0x00,0x00},/*"}",93*/
{0x00,0x00,0x00,0x18,0x00,0x00,0x60,0x00,0x00,0x40,0x00,0x00,0x40,0x00,0x00,0x20,0x00,0x00,0x10,0x00,0x00,0x08,0x00,0x00,0x04,0x00,0x00,0x04,0x00,0x00,0x0C,0x00,0x00,0x10,0x00,0x00},/*"~",94*/
};

/* 32*32 ASCII????? */
const unsigned char asc2_3216[95][64]={
{0x00,0x00,0x00,0x00,0x00,0x00,0x00,0x00,0x00,0x00,0x00,0x00,0x00,0x00,0x00,0x00,0x00,0x00,0x00,0x00,0x00,0x00,0x00,0x00,0x00,0x00,0x00,0x00,0x00,0x00,0x00,0x00,0x00,0x00,0x00,0x00,0x00,0x00,0x00,0x00,0x00,0x00,0x00,0x00,0x00,0x00,0x00,0x00,0x00,0x00,0x00,0x00,0x00,0x00,0x00,0x00,0x00,0x00,0x00,0x00,0x00,0x00,0x00,0x00},/*" ",0*/
{0x00,0x00,0x00,0x00,0x00,0x00,0x00,0x00,0x00,0x00,0x00,0x00,0x00,0x00,0x00,0x00,0x00,0x00,0x00,0x00,0x00,0x00,0x00,0x00,0x07,0xF0,0x00,0xC0,0x07,0xFF,0xE1,0xE0,0x07,0xF0,0x01,0xE0,0x00,0x00,0x00,0xC0,0x00,0x00,0x00,0x00,0x00,0x00,0x00,0x00,0x00,0x00,0x00,0x00,0x00,0x00,0x00,0x00,0x00,0x00,0x00,0x00,0x00,0x00,0x00,0x00},/*"!",1*/
{0x00,0x00,0x00,0x00,0x00,0x00,0x00,0x00,0x00,0x20,0x00,0x00,0x01,0xC0,0x00,0x00,0x07,0x80,0x00,0x00,0x1F,0x00,0x00,0x00,0x1E,0x00,0x00,0x00,0x1C,0x20,0x00,0x00,0x01,0xC0,0x00,0x00,0x07,0x80,0x00,0x00,0x1F,0x00,0x00,0x00,0x1E,0x00,0x00,0x00,0x1C,0x00,0x00,0x00,0x00,0x00,0x00,0x00,0x00,0x00,0x00,0x00,0x00,0x00,0x00,0x00},/*""",2*/
{0x00,0x00,0x00,0x00,0x00,0x18,0x0C,0x00,0x00,0x18,0x0C,0x00,0x00,0x18,0x0F,0xE0,0x00,0x1F,0xFC,0x00,0x03,0xF8,0x0C,0x00,0x00,0x18,0x0C,0x00,0x00,0x18,0x0C,0x00,0x00,0x18,0x0C,0x00,0x00,0x18,0x0C,0x00,0x00,0x18,0x0F,0xE0,0x00,0x1F,0xFC,0x00,0x03,0xF8,0x0C,0x00,0x00,0x18,0x0C,0x00,0x00,0x18,0x0C,0x00,0x00,0x00,0x00,0x00},/*"#",3*/
{0x00,0x00,0x00,0x00,0x00,0x00,0x00,0x00,0x00,0x00,0x07,0x80,0x00,0x78,0x07,0xC0,0x00,0xFC,0x06,0x40,0x01,0x0E,0x00,0x20,0x03,0x07,0x00,0x20,0x02,0x03,0x80,0x20,0x0F,0xFF,0xFF,0xFC,0x02,0x01,0xC0,0x20,0x02,0x00,0xE0,0x60,0x01,0x30,0x70,0x40,0x01,0xF0,0x3F,0x80,0x00,0xF0,0x1F,0x00,0x00,0x00,0x00,0x00,0x00,0x00,0x00,0x00},/*"$",4*/
{0x00,0xFE,0x00,0x00,0x01,0xFF,0x00,0x00,0x03,0x01,0x80,0x00,0x02,0x00,0x80,0x60,0x03,0x01,0x81,0xC0,0x01,0xFF,0x07,0x00,0x00,0xFE,0x18,0x00,0x00,0x00,0xE0,0x00,0x00,0x03,0xBF,0x00,0x00,0x0C,0xFF,0xC0,0x00,0x71,0x80,0x60,0x01,0xC1,0x00,0x20,0x03,0x01,0x80,0x60,0x00,0x00,0xFF,0xC0,0x00,0x00,0x3F,0x00,0x00,0x00,0x00,0x00},/*"%",5*/
{0x00,0x00,0x1F,0x00,0x00,0x00,0x7F,0xC0,0x00,0xFC,0xC0,0xC0,0x01,0xFF,0x80,0x60,0x03,0x03,0xE0,0x20,0x02,0x02,0x78,0x20,0x02,0x06,0x1E,0x20,0x03,0xFC,0x07,0x40,0x01,0xF0,0x03,0x80,0x00,0x01,0x03,0xC0,0x00,0x01,0x1C,0x60,0x00,0x01,0xE0,0x20,0x00,0x01,0x00,0x20,0x00,0x01,0x00,0x40,0x00,0x00,0x01,0x80,0x00,0x00,0x00,0x00},/*"&",6*/
{0x00,0x00,0x00,0x00,0x00,0x20,0x00,0x00,0x1C,0x60,0x00,0x00,0x1C,0x40,0x00,0x00,0x1F,0x80,0x00,0x00,0x0F,0x00,0x00,0x00,0x00,0x00,0x00,0x00,0x00,0x00,0x00,0x00,0x00,0x00,0x00,0x00,0x00,0x00,0x00,0x00,0x00,0x00,0x00,0x00,0x00,0x00,0x00,0x00,0x00,0x00,0x00,0x00,0x00,0x00,0x00,0x00,0x00,0x00,0x00,0x00,0x00,0x00,0x00,0x00},/*"'",7*/
{0x00,0x00,0x00,0x00,0x00,0x00,0x00,0x00,0x00,0x00,0x00,0x00,0x00,0x00,0x00,0x00,0x00,0x00,0x00,0x00,0x00,0x00,0x00,0x00,0x00,0x00,0x00,0x00,0x00,0x07,0xF8,0x00,0x00,0x3F,0xFF,0x00,0x00,0x78,0x07,0xC0,0x01,0xC0,0x00,0xE0,0x03,0x00,0x00,0x30,0x04,0x00,0x00,0x08,0x08,0x00,0x00,0x04,0x10,0x00,0x00,0x02,0x00,0x00,0x00,0x00},/*"(",8*/
{0x00,0x00,0x00,0x00,0x10,0x00,0x00,0x02,0x08,0x00,0x00,0x04,0x04,0x00,0x00,0x08,0x03,0x00,0x00,0x30,0x01,0xC0,0x00,0xE0,0x00,0x78,0x07,0xC0,0x00,0x3F,0xFF,0x00,0x00,0x07,0xF8,0x00,0x00,0x00,0x00,0x00,0x00,0x00,0x00,0x00,0x00,0x00,0x00,0x00,0x00,0x00,0x00,0x00,0x00,0x00,0x00,0x00,0x00,0x00,0x00,0x00,0x00,0x00,0x00,0x00},/*")",9*/
{0x00,0x00,0x00,0x00,0x00,0x00,0x00,0x00,0x00,0x0C,0x18,0x00,0x00,0x0E,0x38,0x00,0x00,0x0E,0x38,0x00,0x00,0x06,0x30,0x00,0x00,0x03,0x60,0x00,0x00,0x61,0x43,0x80,0x00,0xFF,0xFF,0x80,0x00,0x61,0x43,0x00,0x00,0x03,0x60,0x00,0x00,0x06,0x30,0x00,0x00,0x0E,0x38,0x00,0x00,0x0E,0x38,0x00,0x00,0x0C,0x18,0x00,0x00,0x00,0x00,0x00},/*"*",10*/
{0x00,0x00,0x00,0x00,0x00,0x00,0x00,0x00,0x00,0x00,0x80,0x00,0x00,0x00,0x80,0x00,0x00,0x00,0x80,0x00,0x00,0x00,0x80,0x00,0x00,0x00,0x80,0x00,0x00,0x00,0x80,0x00,0x00,0x7F,0xFF,0x00,0x00,0x00,0x80,0x00,0x00,0x00,0x80,0x00,0x00,0x00,0x80,0x00,0x00,0x00,0x80,0x00,0x00,0x00,0x80,0x00,0x00,0x00,0x80,0x00,0x00,0x00,0x00,0x00},/*"+",11*/
{0x00,0x00,0x00,0x00,0x00,0x00,0x00,0x01,0x00,0x00,0x00,0xE3,0x00,0x00,0x00,0xE2,0x00,0x00,0x00,0xFC,0x00,0x00,0x00,0x78,0x00,0x00,0x00,0x00,0x00,0x00,0x00,0x00,0x00,0x00,0x00,0x00,0x00,0x00,0x00,0x00,0x00,0x00,0x00,0x00,0x00,0x00,0x00,0x00,0x00,0x00,0x00,0x00,0x00,0x00,0x00,0x00,0x00,0x00,0x00,0x00,0x00,0x00,0x00,0x00},/*",",12*/
{0x00,0x00,0x00,0x00,0x00,0x00,0x80,0x00,0x00,0x00,0x80,0x00,0x00,0x00,0x80,0x00,0x00,0x00,0x80,0x00,0x00,0x00,0x80,0x00,0x00,0x00,0x80,0x00,0x00,0x00,0x80,0x00,0x00,0x00,0x80,0x00,0x00,0x00,0x80,0x00,0x00,0x00,0x80,0x00,0x00,0x00,0x80,0x00,0x00,0x00,0x80,0x00,0x00,0x00,0x80,0x00,0x00,0x00,0x80,0x00,0x00,0x00,0x00,0x00},/*"-",13*/
{0x00,0x00,0x00,0x00,0x00,0x00,0x00,0x00,0x00,0x00,0x00,0xC0,0x00,0x00,0x01,0xE0,0x00,0x00,0x01,0xE0,0x00,0x00,0x00,0xC0,0x00,0x00,0x00,0x00,0x00,0x00,0x00,0x00,0x00,0x00,0x00,0x00,0x00,0x00,0x00,0x00,0x00,0x00,0x00,0x00,0x00,0x00,0x00,0x00,0x00,0x00,0x00,0x00,0x00,0x00,0x00,0x00,0x00,0x00,0x00,0x00,0x00,0x00,0x00,0x00},/*".",14*/
{0x00,0x00,0x00,0x00,0x00,0x00,0x00,0x0C,0x00,0x00,0x00,0x38,0x00,0x00,0x00,0xE0,0x00,0x00,0x03,0x80,0x00,0x00,0x0E,0x00,0x00,0x00,0x38,0x00,0x00,0x00,0xE0,0x00,0x00,0x03,0x80,0x00,0x00,0x0E,0x00,0x00,0x00,0x38,0x00,0x00,0x00,0xE0,0x00,0x00,0x03,0x80,0x00,0x00,0x0E,0x00,0x00,0x00,0x18,0x00,0x00,0x00,0x00,0x00,0x00,0x00},/*"/",15*/
{0x00,0x00,0x00,0x00,0x00,0x00,0x00,0x00,0x00,0x0F,0xF8,0x00,0x00,0x7F,0xFF,0x00,0x00,0xF0,0x07,0x80,0x01,0x80,0x00,0xC0,0x03,0x00,0x00,0x60,0x02,0x00,0x00,0x20,0x02,0x00,0x00,0x20,0x02,0x00,0x00,0x20,0x03,0x00,0x00,0x60,0x01,0x80,0x00,0xC0,0x00,0xE0,0x03,0x80,0x00,0x7F,0xFF,0x00,0x00,0x0F,0xF8,0x00,0x00,0x00,0x00,0x00},/*"0",16*/
{0x00,0x00,0x00,0x00,0x00,0x00,0x00,0x00,0x00,0x00,0x00,0x00,0x00,0x80,0x00,0x20,0x00,0x80,0x00,0x20,0x00,0x80,0x00,0x20,0x00,0x80,0x00,0x60,0x01,0xFF,0xFF,0xE0,0x03,0xFF,0xFF,0xE0,0x00,0x00,0x00,0x60,0x00,0x00,0x00,0x20,0x00,0x00,0x00,0x20,0x00,0x00,0x00,0x20,0x00,0x00,0x00,0x00,0x00,0x00,0x00,0x00,0x00,0x00,0x00,0x00},/*"1",17*/
{0x00,0x00,0x00,0x00,0x00,0x00,0x00,0x00,0x00,0x78,0x00,0xE0,0x00,0x98,0x01,0x60,0x01,0x00,0x02,0x60,0x02,0x00,0x04,0x60,0x02,0x00,0x08,0x60,0x02,0x00,0x10,0x60,0x02,0x00,0x20,0x60,0x02,0x00,0x40,0x60,0x03,0x00,0x80,0x60,0x01,0x83,0x00,0x60,0x01,0xFE,0x00,0xE0,0x00,0x7C,0x07,0x80,0x00,0x00,0x00,0x00,0x00,0x00,0x00,0x00},/*"2",18*/
{0x00,0x00,0x00,0x00,0x00,0x00,0x00,0x00,0x00,0xF0,0x07,0x80,0x01,0xF0,0x07,0xC0,0x01,0x00,0x00,0x40,0x02,0x00,0x00,0x20,0x02,0x01,0x00,0x20,0x02,0x01,0x00,0x20,0x02,0x01,0x00,0x20,0x03,0x03,0x80,0x20,0x01,0x86,0x80,0x40,0x01,0xFC,0xC0,0xC0,0x00,0x78,0x7F,0x80,0x00,0x00,0x1E,0x00,0x00,0x00,0x00,0x00,0x00,0x00,0x00,0x00},/*"3",19*/
{0x00,0x00,0x00,0x00,0x00,0x00,0x08,0x00,0x00,0x00,0x38,0x00,0x00,0x00,0x48,0x00,0x00,0x01,0x88,0x00,0x00,0x06,0x08,0x00,0x00,0x0C,0x08,0x10,0x00,0x30,0x08,0x10,0x00,0x40,0x08,0x10,0x01,0xFF,0xFF,0xF0,0x03,0xFF,0xFF,0xF0,0x03,0xFF,0xFF,0xF0,0x00,0x00,0x08,0x10,0x00,0x00,0x08,0x10,0x00,0x00,0x08,0x10,0x00,0x00,0x00,0x00},/*"4",20*/
{0x00,0x00,0x00,0x00,0x00,0x00,0x00,0x00,0x00,0x00,0x07,0x80,0x00,0x1F,0x86,0x40,0x03,0xE1,0x00,0x20,0x03,0x02,0x00,0x20,0x03,0x04,0x00,0x20,0x03,0x04,0x00,0x20,0x03,0x04,0x00,0x20,0x03,0x04,0x00,0x20,0x03,0x06,0x00,0x40,0x03,0x03,0x01,0xC0,0x03,0x01,0xFF,0x80,0x03,0x00,0x7E,0x00,0x00,0x00,0x00,0x00,0x00,0x00,0x00,0x00},/*"5",21*/
{0x00,0x00,0x00,0x00,0x00,0x00,0x00,0x00,0x00,0x07,0xFC,0x00,0x00,0x3F,0xFF,0x00,0x00,0x70,0xC3,0x80,0x00,0x81,0x80,0xC0,0x01,0x01,0x00,0x60,0x03,0x02,0x00,0x20,0x02,0x02,0x00,0x20,0x02,0x02,0x00,0x20,0x02,0x02,0x00,0x20,0x02,0x03,0x00,0x40,0x01,0xC1,0x80,0xC0,0x00,0xC0,0xFF,0x80,0x00,0x00,0x7E,0x00,0x00,0x00,0x00,0x00},/*"6",22*/
{0x00,0x00,0x00,0x00,0x00,0x00,0x00,0x00,0x00,0xF0,0x00,0x00,0x03,0xC0,0x00,0x00,0x03,0x80,0x00,0x00,0x03,0x00,0x00,0x00,0x03,0x00,0x07,0xE0,0x03,0x00,0x3F,0xE0,0x03,0x01,0xC0,0x00,0x03,0x06,0x00,0x00,0x03,0x18,0x00,0x00,0x03,0x60,0x00,0x00,0x03,0x80,0x00,0x00,0x03,0x00,0x00,0x00,0x00,0x00,0x00,0x00,0x00,0x00,0x00,0x00},/*"7",23*/
{0x00,0x00,0x00,0x00,0x00,0x00,0x1F,0x00,0x00,0x78,0x3F,0x80,0x00,0xFC,0x60,0xC0,0x01,0x8E,0xC0,0x40,0x03,0x07,0x80,0x20,0x02,0x03,0x00,0x20,0x02,0x01,0x80,0x20,0x02,0x01,0x80,0x20,0x02,0x01,0xC0,0x20,0x03,0x01,0xE0,0x40,0x01,0x86,0x70,0xC0,0x00,0xFC,0x3F,0x80,0x00,0x78,0x1F,0x00,0x00,0x00,0x00,0x00,0x00,0x00,0x00,0x00},/*"8",24*/
{0x00,0x00,0x00,0x00,0x00,0x3F,0x00,0x00,0x00,0xFF,0x81,0xC0,0x01,0xC0,0xC1,0xC0,0x01,0x00,0x60,0x20,0x02,0x00,0x20,0x20,0x02,0x00,0x20,0x20,0x02,0x00,0x20,0x20,0x02,0x00,0x20,0x60,0x02,0x00,0x40,0xC0,0x01,0x00,0xC1,0x80,0x00,0xC1,0x8F,0x00,0x00,0x7F,0xFE,0x00,0x00,0x1F,0xF0,0x00,0x00,0x00,0x00,0x00,0x00,0x00,0x00,0x00},/*"9",25*/
{0x00,0x00,0x00,0x00,0x00,0x00,0x00,0x00,0x00,0x00,0x00,0x00,0x00,0x00,0x00,0x00,0x00,0x00,0x00,0x00,0x00,0x00,0x00,0x00,0x00,0x03,0x00,0xC0,0x00,0x07,0x81,0xE0,0x00,0x07,0x81,0xE0,0x00,0x03,0x00,0xC0,0x00,0x00,0x00,0x00,0x00,0x00,0x00,0x00,0x00,0x00,0x00,0x00,0x00,0x00,0x00,0x00,0x00,0x00,0x00,0x00,0x00,0x00,0x00,0x00},/*":",26*/
{0x00,0x00,0x00,0x00,0x00,0x00,0x00,0x00,0x00,0x00,0x00,0x00,0x00,0x00,0x00,0x00,0x00,0x00,0x00,0x00,0x00,0x00,0x00,0x00,0x00,0x06,0x00,0x66,0x00,0x06,0x00,0x78,0x00,0x00,0x00,0x00,0x00,0x00,0x00,0x00,0x00,0x00,0x00,0x00,0x00,0x00,0x00,0x00,0x00,0x00,0x00,0x00,0x00,0x00,0x00,0x00,0x00,0x00,0x00,0x00,0x00,0x00,0x00,0x00},/*";",27*/
{0x00,0x00,0x00,0x00,0x00,0x00,0x00,0x00,0x00,0x00,0x80,0x00,0x00,0x01,0xC0,0x00,0x00,0x03,0x60,0x00,0x00,0x06,0x30,0x00,0x00,0x0C,0x18,0x00,0x00,0x18,0x0C,0x00,0x00,0x30,0x06,0x00,0x00,0x60,0x03,0x00,0x00,0xC0,0x01,0x80,0x01,0x00,0x00,0x40,0x02,0x00,0x00,0x20,0x04,0x00,0x00,0x10,0x00,0x00,0x00,0x00,0x00,0x00,0x00,0x00},/*"<",28*/
{0x00,0x00,0x00,0x00,0x00,0x04,0x10,0x00,0x00,0x04,0x10,0x00,0x00,0x04,0x10,0x00,0x00,0x04,0x10,0x00,0x00,0x04,0x10,0x00,0x00,0x04,0x10,0x00,0x00,0x04,0x10,0x00,0x00,0x04,0x10,0x00,0x00,0x04,0x10,0x00,0x00,0x04,0x10,0x00,0x00,0x04,0x10,0x00,0x00,0x04,0x10,0x00,0x00,0x04,0x10,0x00,0x00,0x04,0x10,0x00,0x00,0x00,0x00,0x00},/*"=",29*/
{0x00,0x00,0x00,0x00,0x00,0x00,0x00,0x00,0x04,0x00,0x00,0x10,0x02,0x00,0x00,0x20,0x01,0x00,0x00,0x40,0x00,0xC0,0x01,0x80,0x00,0x60,0x03,0x00,0x00,0x30,0x06,0x00,0x00,0x18,0x0C,0x00,0x00,0x0C,0x18,0x00,0x00,0x06,0x30,0x00,0x00,0x03,0x60,0x00,0x00,0x01,0xC0,0x00,0x00,0x00,0x80,0x00,0x00,0x00,0x00,0x00,0x00,0x00,0x00,0x00},/*">",30*/
{0x00,0x00,0x00,0x00,0x00,0x00,0x00,0x00,0x00,0x78,0x00,0x00,0x01,0xF8,0x00,0x00,0x02,0x38,0x00,0x00,0x02,0x00,0x00,0x00,0x04,0x00,0x00,0xC0,0x04,0x00,0x79,0xE0,0x04,0x00,0x81,0xE0,0x04,0x01,0x00,0xC0,0x04,0x03,0x00,0x00,0x02,0x02,0x00,0x00,0x03,0x06,0x00,0x00,0x01,0xFC,0x00,0x00,0x00,0xF8,0x00,0x00,0x00,0x00,0x00,0x00},/*"?",31*/
{0x00,0x00,0x00,0x00,0x00,0x0F,0xF8,0x00,0x00,0x3F,0xFE,0x00,0x00,0x70,0x07,0x80,0x00,0xC0,0x00,0xC0,0x01,0x01,0xF8,0x40,0x03,0x07,0xFC,0x20,0x02,0x1E,0x04,0x20,0x02,0x30,0x08,0x20,0x02,0x20,0x30,0x20,0x02,0x3F,0xFC,0x20,0x01,0x3F,0x04,0x40,0x01,0x80,0x0C,0xC0,0x00,0xE0,0x31,0x80,0x00,0x1F,0xC2,0x00,0x00,0x00,0x00,0x00},/*"@",32*/
{0x00,0x00,0x00,0x20,0x00,0x00,0x00,0x60,0x00,0x00,0x03,0xE0,0x00,0x00,0x3E,0x20,0x00,0x03,0xE0,0x20,0x00,0x3E,0x20,0x00,0x03,0xE0,0x20,0x00,0x03,0x80,0x20,0x00,0x07,0xFC,0x20,0x00,0x00,0x3F,0xE0,0x00,0x00,0x03,0xFE,0x20,0x00,0x00,0x3F,0xE0,0x00,0x00,0x01,0xE0,0x00,0x00,0x00,0x20,0x00,0x00,0x00,0x20,0x00,0x00,0x00,0x00},/*"A",33*/
{0x00,0x00,0x00,0x00,0x02,0x00,0x00,0x20,0x02,0x00,0x00,0x20,0x03,0xFF,0xFF,0xE0,0x03,0xFF,0xFF,0xE0,0x02,0x01,0x00,0x20,0x02,0x01,0x00,0x20,0x02,0x01,0x00,0x20,0x02,0x01,0x00,0x20,0x02,0x01,0x00,0x20,0x03,0x03,0x00,0x20,0x01,0x86,0x80,0x60,0x01,0xFC,0xC0,0xC0,0x00,0xF8,0x7F,0x80,0x00,0x00,0x1F,0x00,0x00,0x00,0x00,0x00},/*"B",34*/
{0x00,0x00,0x00,0x00,0x00,0x07,0xF8,0x00,0x00,0x3F,0xFF,0x00,0x00,0x70,0x07,0x80,0x00,0xC0,0x00,0xC0,0x01,0x00,0x00,0x40,0x03,0x00,0x00,0x20,0x02,0x00,0x00,0x20,0x02,0x00,0x00,0x20,0x02,0x00,0x00,0x20,0x02,0x00,0x00,0x20,0x01,0x00,0x00,0x40,0x01,0x80,0x00,0xC0,0x03,0xC0,0x01,0x80,0x00,0x30,0x06,0x00,0x00,0x00,0x00,0x00},/*"C",35*/
{0x00,0x00,0x00,0x00,0x02,0x00,0x00,0x20,0x02,0x00,0x00,0x20,0x03,0xFF,0xFF,0xE0,0x03,0xFF,0xFF,0xE0,0x02,0x00,0x00,0x20,0x02,0x00,0x00,0x20,0x02,0x00,0x00,0x20,0x02,0x00,0x00,0x20,0x03,0x00,0x00,0x60,0x01,0x00,0x00,0x40,0x01,0x80,0x00,0xC0,0x00,0xF0,0x07,0x80,0x00,0x7F,0xFE,0x00,0x00,0x0F,0xF8,0x00,0x00,0x00,0x00,0x00},/*"D",36*/
{0x00,0x00,0x00,0x00,0x02,0x00,0x00,0x20,0x02,0x00,0x00,0x20,0x03,0xFF,0xFF,0xE0,0x03,0xFF,0xFF,0xE0,0x02,0x01,0x00,0x20,0x02,0x01,0x00,0x20,0x02,0x01,0x00,0x20,0x02,0x01,0x00,0x20,0x02,0x01,0x00,0x20,0x02,0x03,0x80,0x20,0x02,0x0F,0xE0,0x20,0x03,0x00,0x00,0x60,0x03,0xC0,0x00,0xE0,0x00,0x60,0x03,0x00,0x00,0x00,0x00,0x00},/*"E",37*/
{0x00,0x00,0x00,0x00,0x02,0x00,0x00,0x20,0x02,0x00,0x00,0x20,0x03,0xFF,0xFF,0xE0,0x03,0xFF,0xFF,0xE0,0x02,0x01,0x00,0x20,0x02,0x01,0x00,0x20,0x02,0x01,0x00,0x00,0x02,0x01,0x00,0x00,0x02,0x01,0x00,0x00,0x02,0x01,0x00,0x00,0x02,0x03,0x80,0x00,0x03,0x0F,0xE0,0x00,0x03,0x00,0x00,0x00,0x03,0xC0,0x00,0x00,0x00,0x60,0x00,0x00},/*"F",38*/
{0x00,0x00,0x00,0x00,0x00,0x07,0xF8,0x00,0x00,0x3F,0xFE,0x00,0x00,0x70,0x07,0x80,0x01,0xC0,0x01,0xC0,0x01,0x00,0x00,0x40,0x03,0x00,0x00,0x20,0x02,0x00,0x00,0x20,0x02,0x00,0x00,0x20,0x02,0x00,0x00,0x20,0x01,0x00,0x20,0x20,0x01,0x00,0x20,0x40,0x03,0xC0,0x3F,0x80,0x00,0x30,0x3F,0x80,0x00,0x00,0x20,0x00,0x00,0x00,0x20,0x00},/*"G",39*/
{0x02,0x00,0x00,0x20,0x02,0x00,0x00,0x20,0x03,0xFF,0xFF,0xE0,0x03,0xFF,0xFF,0xE0,0x02,0x00,0x80,0x20,0x02,0x00,0x80,0x20,0x00,0x00,0x80,0x00,0x00,0x00,0x80,0x00,0x00,0x00,0x80,0x00,0x02,0x00,0x80,0x20,0x02,0x00,0x80,0x20,0x03,0xFF,0xFF,0xE0,0x03,0xFF,0xFF,0xE0,0x02,0x00,0x00,0x20,0x02,0x00,0x00,0x20,0x00,0x00,0x00,0x00},/*"H",40*/
{0x00,0x00,0x00,0x00,0x00,0x00,0x00,0x00,0x00,0x00,0x00,0x00,0x02,0x00,0x00,0x20,0x02,0x00,0x00,0x20,0x02,0x00,0x00,0x20,0x02,0x00,0x00,0x20,0x03,0xFF,0xFF,0xE0,0x03,0xFF,0xFF,0xE0,0x02,0x00,0x00,0x20,0x02,0x00,0x00,0x20,0x02,0x00,0x00,0x20,0x02,0x00,0x00,0x20,0x00,0x00,0x00,0x00,0x00,0x00,0x00,0x00,0x00,0x00,0x00,0x00},/*"I",41*/
{0x00,0x00,0x00,0x00,0x00,0x00,0x00,0x0E,0x00,0x00,0x00,0x0F,0x00,0x00,0x00,0x0F,0x00,0x00,0x00,0x01,0x02,0x00,0x00,0x01,0x02,0x00,0x00,0x01,0x02,0x00,0x00,0x03,0x02,0x00,0x00,0x06,0x03,0xFF,0xFF,0xFC,0x03,0xFF,0xFF,0xF8,0x02,0x00,0x00,0x00,0x02,0x00,0x00,0x00,0x02,0x00,0x00,0x00,0x02,0x00,0x00,0x00,0x00,0x00,0x00,0x00},/*"J",42*/
{0x00,0x00,0x00,0x00,0x02,0x00,0x00,0x20,0x02,0x00,0x00,0x20,0x03,0xFF,0xFF,0xE0,0x03,0xFF,0xFF,0xE0,0x02,0x00,0xC0,0x20,0x02,0x01,0x00,0x20,0x00,0x07,0x80,0x00,0x00,0x0F,0xE0,0x00,0x00,0x30,0xF8,0x00,0x02,0x60,0x3E,0x20,0x03,0x80,0x0F,0x20,0x03,0x00,0x03,0xE0,0x02,0x00,0x00,0xE0,0x02,0x00,0x00,0x20,0x00,0x00,0x00,0x20},/*"K",43*/
{0x00,0x00,0x00,0x00,0x02,0x00,0x00,0x20,0x02,0x00,0x00,0x20,0x03,0xFF,0xFF,0xE0,0x03,0xFF,0xFF,0xE0,0x02,0x00,0x00,0x20,0x02,0x00,0x00,0x20,0x00,0x00,0x00,0x20,0x00,0x00,0x00,0x20,0x00,0x00,0x00,0x20,0x00,0x00,0x00,0x20,0x00,0x00,0x00,0x20,0x00,0x00,0x00,0x60,0x00,0x00,0x00,0xE0,0x00,0x00,0x03,0x00,0x00,0x00,0x00,0x00},/*"L",44*/
{0x02,0x00,0x00,0x20,0x02,0x00,0x00,0x20,0x03,0xFF,0xFF,0xE0,0x03,0xE0,0x00,0x20,0x03,0xFF,0x00,0x20,0x00,0x1F,0xF0,0x00,0x00,0x01,0xFF,0x80,0x00,0x00,0x0F,0xE0,0x00,0x00,0x1E,0x00,0x00,0x03,0xE0,0x00,0x00,0x3E,0x00,0x20,0x03,0xE0,0x00,0x20,0x03,0xFF,0xFF,0xE0,0x03,0xFF,0xFF,0xE0,0x02,0x00,0x00,0x20,0x02,0x00,0x00,0x20},/*"M",45*/
{0x02,0x00,0x00,0x20,0x02,0x00,0x00,0x20,0x03,0xFF,0xFF,0xE0,0x03,0x80,0x00,0x20,0x03,0xF0,0x00,0x20,0x00,0xFC,0x00,0x00,0x00,0x1F,0x00,0x00,0x00,0x07,0xC0,0x00,0x00,0x01,0xF0,0x00,0x00,0x00,0x7C,0x00,0x02,0x00,0x1F,0x80,0x02,0x00,0x07,0xE0,0x03,0xFF,0xFF,0xE0,0x02,0x00,0x00,0x00,0x02,0x00,0x00,0x00,0x00,0x00,0x00,0x00},/*"N",46*/
{0x00,0x00,0x00,0x00,0x00,0x0F,0xF8,0x00,0x00,0x3F,0xFE,0x00,0x00,0xF0,0x07,0x80,0x01,0x80,0x00,0xC0,0x01,0x00,0x00,0x40,0x02,0x00,0x00,0x20,0x02,0x00,0x00,0x20,0x02,0x00,0x00,0x20,0x02,0x00,0x00,0x20,0x01,0x00,0x00,0x40,0x01,0x80,0x00,0xC0,0x00,0xF0,0x03,0x80,0x00,0x3F,0xFE,0x00,0x00,0x0F,0xF8,0x00,0x00,0x00,0x00,0x00},/*"O",47*/
{0x00,0x00,0x00,0x00,0x02,0x00,0x00,0x20,0x02,0x00,0x00,0x20,0x03,0xFF,0xFF,0xE0,0x03,0xFF,0xFF,0xE0,0x02,0x00,0x80,0x20,0x02,0x00,0x80,0x20,0x02,0x00,0x80,0x00,0x02,0x00,0x80,0x00,0x02,0x00,0x80,0x00,0x02,0x00,0x80,0x00,0x03,0x01,0x80,0x00,0x01,0x83,0x00,0x00,0x00,0xFE,0x00,0x00,0x00,0x7C,0x00,0x00,0x00,0x00,0x00,0x00},/*"P",48*/
{0x00,0x00,0x00,0x00,0x00,0x0F,0xF8,0x00,0x00,0x7F,0xFF,0x00,0x00,0xF0,0x03,0x80,0x01,0x80,0x01,0xC0,0x01,0x00,0x06,0x40,0x02,0x00,0x04,0x20,0x02,0x00,0x04,0x20,0x02,0x00,0x06,0x20,0x02,0x00,0x03,0xE0,0x01,0x00,0x00,0xF8,0x01,0x80,0x00,0x5C,0x00,0xE0,0x03,0x8C,0x00,0x3F,0xFF,0x0C,0x00,0x0F,0xFC,0x18,0x00,0x00,0x00,0x00},/*"Q",49*/
{0x00,0x00,0x00,0x00,0x02,0x00,0x00,0x20,0x02,0x00,0x00,0x20,0x03,0xFF,0xFF,0xE0,0x03,0xFF,0xFF,0xE0,0x02,0x01,0x00,0x20,0x02,0x01,0x00,0x20,0x02,0x01,0x80,0x00,0x02,0x01,0xE0,0x00,0x02,0x01,0xFC,0x00,0x03,0x03,0x3F,0x80,0x01,0x86,0x07,0xE0,0x01,0xFC,0x00,0xE0,0x00,0xF8,0x00,0x20,0x00,0x00,0x00,0x20,0x00,0x00,0x00,0x00},/*"R",50*/
{0x00,0x00,0x00,0x00,0x00,0x00,0x00,0x00,0x00,0x78,0x06,0x00,0x00,0xFE,0x01,0xE0,0x01,0x86,0x00,0xC0,0x03,0x03,0x00,0x40,0x02,0x03,0x00,0x20,0x02,0x01,0x80,0x20,0x02,0x01,0x80,0x20,0x02,0x01,0xC0,0x20,0x02,0x00,0xC0,0x20,0x01,0x00,0xE0,0x60,0x01,0x80,0x70,0xC0,0x03,0xE0,0x3F,0x80,0x00,0x00,0x1F,0x00,0x00,0x00,0x00,0x00},/*"S",51*/
{0x00,0x00,0x00,0x00,0x00,0x60,0x00,0x00,0x03,0x80,0x00,0x00,0x03,0x00,0x00,0x00,0x02,0x00,0x00,0x00,0x02,0x00,0x00,0x20,0x02,0x00,0x00,0x20,0x03,0xFF,0xFF,0xE0,0x03,0xFF,0xFF,0xE0,0x02,0x00,0x00,0x20,0x02,0x00,0x00,0x20,0x02,0x00,0x00,0x00,0x02,0x00,0x00,0x00,0x03,0x80,0x00,0x00,0x00,0xE0,0x00,0x00,0x00,0x00,0x00,0x00},/*"T",52*/
{0x02,0x00,0x00,0x00,0x02,0x00,0x00,0x00,0x03,0xFF,0xFF,0x00,0x03,0xFF,0xFF,0xC0,0x02,0x00,0x00,0x40,0x02,0x00,0x00,0x60,0x00,0x00,0x00,0x20,0x00,0x00,0x00,0x20,0x00,0x00,0x00,0x20,0x00,0x00,0x00,0x20,0x02,0x00,0x00,0x40,0x02,0x00,0x00,0x80,0x03,0xFF,0xFF,0x00,0x02,0x00,0x00,0x00,0x02,0x00,0x00,0x00,0x00,0x00,0x00,0x00},/*"U",53*/
{0x00,0x00,0x00,0x00,0x02,0x00,0x00,0x00,0x02,0x00,0x00,0x00,0x03,0xC0,0x00,0x00,0x03,0xFC,0x00,0x00,0x02,0x3F,0xC0,0x00,0x00,0x03,0xF8,0x00,0x00,0x00,0x7F,0x80,0x00,0x00,0x07,0xE0,0x00,0x00,0x07,0x80,0x00,0x00,0x78,0x00,0x02,0x03,0xC0,0x00,0x02,0x3C,0x00,0x00,0x03,0xC0,0x00,0x00,0x02,0x00,0x00,0x00,0x02,0x00,0x00,0x00},/*"V",54*/
{0x02,0x00,0x00,0x00,0x03,0xC0,0x00,0x00,0x03,0xFF,0x80,0x00,0x02,0x3F,0xFE,0x00,0x02,0x00,0x7F,0xE0,0x00,0x00,0x0F,0x00,0x02,0x00,0xF0,0x00,0x03,0xEF,0x00,0x00,0x03,0xFF,0x80,0x00,0x02,0x0F,0xFE,0x00,0x00,0x00,0x3F,0xE0,0x00,0x00,0x1F,0x00,0x02,0x07,0xE0,0x00,0x03,0xF8,0x00,0x00,0x03,0x00,0x00,0x00,0x02,0x00,0x00,0x00},/*"W",55*/
{0x00,0x00,0x00,0x00,0x02,0x00,0x00,0x20,0x02,0x00,0x00,0x20,0x03,0x80,0x00,0xE0,0x03,0xF0,0x03,0x20,0x02,0xFC,0x0C,0x20,0x02,0x1F,0x30,0x00,0x00,0x07,0xC0,0x00,0x00,0x07,0xF0,0x00,0x02,0x18,0x7C,0x00,0x02,0x60,0x1F,0x20,0x03,0x80,0x03,0xE0,0x02,0x00,0x00,0xE0,0x02,0x00,0x00,0x20,0x00,0x00,0x00,0x20,0x00,0x00,0x00,0x00},/*"X",56*/
{0x00,0x00,0x00,0x00,0x02,0x00,0x00,0x00,0x03,0x00,0x00,0x00,0x03,0xC0,0x00,0x00,0x03,0xF8,0x00,0x00,0x02,0x3E,0x00,0x20,0x02,0x0F,0xC0,0x20,0x00,0x01,0xFF,0xE0,0x00,0x00,0x7F,0xE0,0x00,0x03,0x80,0x20,0x02,0x1C,0x00,0x20,0x02,0x70,0x00,0x00,0x03,0x80,0x00,0x00,0x02,0x00,0x00,0x00,0x02,0x00,0x00,0x00,0x00,0x00,0x00,0x00},/*"Y",57*/
{0x00,0x00,0x00,0x00,0x00,0x00,0x00,0x20,0x00,0x60,0x00,0xE0,0x03,0x80,0x03,0xE0,0x03,0x00,0x0F,0xA0,0x02,0x00,0x3E,0x20,0x02,0x00,0xF8,0x20,0x02,0x03,0xE0,0x20,0x02,0x0F,0x80,0x20,0x02,0x3E,0x00,0x20,0x02,0x78,0x00,0x20,0x03,0xE0,0x00,0x60,0x03,0x80,0x00,0xE0,0x02,0x00,0x03,0x00,0x00,0x00,0x00,0x00,0x00,0x00,0x00,0x00},/*"Z",58*/
{0x00,0x00,0x00,0x00,0x00,0x00,0x00,0x00,0x00,0x00,0x00,0x00,0x00,0x00,0x00,0x00,0x00,0x00,0x00,0x00,0x00,0x00,0x00,0x00,0x1F,0xFF,0xFF,0xFC,0x10,0x00,0x00,0x04,0x10,0x00,0x00,0x04,0x10,0x00,0x00,0x04,0x10,0x00,0x00,0x04,0x10,0x00,0x00,0x04,0x10,0x00,0x00,0x04,0x10,0x00,0x00,0x04,0x00,0x00,0x00,0x00,0x00,0x00,0x00,0x00},/*"[",59*/
{0x00,0x00,0x00,0x00,0x00,0x00,0x00,0x00,0x00,0x00,0x00,0x00,0x07,0x00,0x00,0x00,0x03,0xC0,0x00,0x00,0x00,0x78,0x00,0x00,0x00,0x1E,0x00,0x00,0x00,0x03,0xC0,0x00,0x00,0x00,0xF0,0x00,0x00,0x00,0x1E,0x00,0x00,0x00,0x07,0x80,0x00,0x00,0x00,0xF0,0x00,0x00,0x00,0x3C,0x00,0x00,0x00,0x06,0x00,0x00,0x00,0x00,0x00,0x00,0x00,0x00},/*"\",60*/
{0x00,0x00,0x00,0x00,0x00,0x00,0x00,0x00,0x10,0x00,0x00,0x04,0x10,0x00,0x00,0x04,0x10,0x00,0x00,0x04,0x10,0x00,0x00,0x04,0x10,0x00,0x00,0x04,0x10,0x00,0x00,0x04,0x10,0x00,0x00,0x04,0x1F,0xFF,0xFF,0xFC,0x00,0x00,0x00,0x00,0x00,0x00,0x00,0x00,0x00,0x00,0x00,0x00,0x00,0x00,0x00,0x00,0x00,0x00,0x00,0x00,0x00,0x00,0x00,0x00},/*"]",61*/
{0x00,0x00,0x00,0x00,0x00,0x00,0x00,0x00,0x00,0x00,0x00,0x00,0x00,0x00,0x00,0x00,0x02,0x00,0x00,0x00,0x04,0x00,0x00,0x00,0x08,0x00,0x00,0x00,0x18,0x00,0x00,0x00,0x10,0x00,0x00,0x00,0x18,0x00,0x00,0x00,0x18,0x00,0x00,0x00,0x04,0x00,0x00,0x00,0x02,0x00,0x00,0x00,0x00,0x00,0x00,0x00,0x00,0x00,0x00,0x00,0x00,0x00,0x00,0x00},/*"^",62*/
{0x00,0x00,0x00,0x01,0x00,0x00,0x00,0x01,0x00,0x00,0x00,0x01,0x00,0x00,0x00,0x01,0x00,0x00,0x00,0x01,0x00,0x00,0x00,0x01,0x00,0x00,0x00,0x01,0x00,0x00,0x00,0x01,0x00,0x00,0x00,0x01,0x00,0x00,0x00,0x01,0x00,0x00,0x00,0x01,0x00,0x00,0x00,0x01,0x00,0x00,0x00,0x01,0x00,0x00,0x00,0x01,0x00,0x00,0x00,0x01,0x00,0x00,0x00,0x01},/*"_",63*/
{0x00,0x00,0x00,0x00,0x00,0x00,0x00,0x00,0x00,0x00,0x00,0x00,0x10,0x00,0x00,0x00,0x10,0x00,0x00,0x00,0x10,0x00,0x00,0x00,0x18,0x00,0x00,0x00,0x08,0x00,0x00,0x00,0x04,0x00,0x00,0x00,0x00,0x00,0x00,0x00,0x00,0x00,0x00,0x00,0x00,0x00,0x00,0x00,0x00,0x00,0x00,0x00,0x00,0x00,0x00,0x00,0x00,0x00,0x00,0x00,0x00,0x00,0x00,0x00},/*"`",64*/
{0x00,0x00,0x00,0x00,0x00,0x00,0x03,0x80,0x00,0x01,0x8F,0xC0,0x00,0x03,0x8C,0x60,0x00,0x06,0x18,0x20,0x00,0x04,0x10,0x20,0x00,0x04,0x10,0x20,0x00,0x04,0x20,0x20,0x00,0x04,0x20,0x40,0x00,0x06,0x20,0x40,0x00,0x03,0xFF,0xC0,0x00,0x01,0xFF,0xE0,0x00,0x00,0x00,0x20,0x00,0x00,0x00,0x20,0x00,0x00,0x00,0xC0,0x00,0x00,0x00,0x00},/*"a",65*/
{0x00,0x00,0x00,0x00,0x02,0x00,0x00,0x00,0x02,0x00,0x00,0x00,0x03,0xFF,0xFF,0xE0,0x07,0xFF,0xFF,0xC0,0x00,0x01,0x80,0xC0,0x00,0x02,0x00,0x60,0x00,0x02,0x00,0x20,0x00,0x04,0x00,0x20,0x00,0x04,0x00,0x20,0x00,0x04,0x00,0x20,0x00,0x06,0x00,0x40,0x00,0x03,0x00,0xC0,0x00,0x01,0xFF,0x80,0x00,0x00,0xFE,0x00,0x00,0x00,0x00,0x00},/*"b",66*/
{0x00,0x00,0x00,0x00,0x00,0x00,0x00,0x00,0x00,0x00,0x7E,0x00,0x00,0x01,0xFF,0x80,0x00,0x03,0x81,0xC0,0x00,0x02,0x00,0x40,0x00,0x06,0x00,0x20,0x00,0x04,0x00,0x20,0x00,0x04,0x00,0x20,0x00,0x04,0x00,0x20,0x00,0x06,0x00,0x20,0x00,0x03,0xC0,0x40,0x00,0x01,0xC0,0x80,0x00,0x00,0x03,0x00,0x00,0x00,0x00,0x00,0x00,0x00,0x00,0x00},/*"c",67*/
{0x00,0x00,0x00,0x00,0x00,0x00,0x00,0x00,0x00,0x00,0x7E,0x00,0x00,0x01,0xFF,0x80,0x00,0x03,0x80,0xC0,0x00,0x06,0x00,0x60,0x00,0x04,0x00,0x20,0x00,0x04,0x00,0x20,0x00,0x04,0x00,0x20,0x02,0x04,0x00,0x40,0x02,0x02,0x00,0x80,0x03,0xFF,0xFF,0xE0,0x07,0xFF,0xFF,0xC0,0x00,0x00,0x00,0x40,0x00,0x00,0x00,0x40,0x00,0x00,0x00,0x00},/*"d",68*/
{0x00,0x00,0x00,0x00,0x00,0x00,0x00,0x00,0x00,0x00,0x7E,0x00,0x00,0x01,0xFF,0x80,0x00,0x03,0x11,0xC0,0x00,0x02,0x10,0x40,0x00,0x04,0x10,0x60,0x00,0x04,0x10,0x20,0x00,0x04,0x10,0x20,0x00,0x04,0x10,0x20,0x00,0x06,0x10,0x20,0x00,0x03,0x10,0x40,0x00,0x01,0xF0,0xC0,0x00,0x00,0x71,0x00,0x00,0x00,0x00,0x00,0x00,0x00,0x00,0x00},/*"e",69*/
{0x00,0x00,0x00,0x00,0x00,0x00,0x00,0x00,0x00,0x04,0x00,0x00,0x00,0x04,0x00,0x20,0x00,0x04,0x00,0x20,0x00,0x04,0x00,0x20,0x00,0x7F,0xFF,0xE0,0x01,0xFF,0xFF,0xE0,0x01,0x04,0x00,0x20,0x03,0x04,0x00,0x20,0x02,0x04,0x00,0x20,0x02,0x04,0x00,0x20,0x02,0x04,0x00,0x00,0x02,0x00,0x00,0x00,0x01,0xC0,0x00,0x00,0x01,0xC0,0x00,0x00},/*"f",70*/
{0x00,0x00,0x00,0x00,0x00,0x00,0x00,0x00,0x00,0x00,0x00,0x1C,0x00,0x00,0xE3,0x3E,0x00,0x03,0xFF,0xC2,0x00,0x02,0x0C,0xC3,0x00,0x04,0x04,0xC1,0x00,0x04,0x04,0xC1,0x00,0x04,0x04,0xC1,0x00,0x04,0x04,0xC1,0x00,0x06,0x0C,0xC1,0x00,0x03,0xF8,0xC3,0x00,0x05,0xF0,0x62,0x00,0x06,0x00,0x7E,0x00,0x06,0x00,0x3C,0x00,0x00,0x00,0x00},/*"g",71*/
{0x00,0x00,0x00,0x00,0x02,0x00,0x00,0x20,0x02,0x00,0x00,0x20,0x03,0xFF,0xFF,0xE0,0x07,0xFF,0xFF,0xE0,0x00,0x01,0x00,0x20,0x00,0x02,0x00,0x20,0x00,0x06,0x00,0x00,0x00,0x04,0x00,0x00,0x00,0x04,0x00,0x00,0x00,0x04,0x00,0x20,0x00,0x06,0x00,0x20,0x00,0x03,0xFF,0xE0,0x00,0x01,0xFF,0xE0,0x00,0x00,0x00,0x20,0x00,0x00,0x00,0x20},/*"h",72*/
{0x00,0x00,0x00,0x00,0x00,0x00,0x00,0x00,0x00,0x00,0x00,0x00,0x00,0x04,0x00,0x20,0x00,0x04,0x00,0x20,0x00,0x04,0x00,0x20,0x00,0x04,0x00,0x20,0x03,0x87,0xFF,0xE0,0x03,0x8F,0xFF,0xE0,0x03,0x80,0x00,0x20,0x00,0x00,0x00,0x20,0x00,0x00,0x00,0x20,0x00,0x00,0x00,0x20,0x00,0x00,0x00,0x00,0x00,0x00,0x00,0x00,0x00,0x00,0x00,0x00},/*"i",73*/
{0x00,0x00,0x00,0x00,0x00,0x00,0x00,0x00,0x00,0x00,0x00,0x00,0x00,0x00,0x00,0x06,0x00,0x00,0x00,0x07,0x00,0x00,0x00,0x01,0x00,0x00,0x00,0x01,0x00,0x04,0x00,0x01,0x00,0x04,0x00,0x01,0x00,0x04,0x00,0x03,0x00,0x04,0x00,0x06,0x03,0x87,0xFF,0xFC,0x03,0x8F,0xFF,0xF8,0x03,0x80,0x00,0x00,0x00,0x00,0x00,0x00,0x00,0x00,0x00,0x00},/*"j",74*/
{0x00,0x00,0x00,0x00,0x02,0x00,0x00,0x20,0x02,0x00,0x00,0x20,0x03,0xFF,0xFF,0xE0,0x07,0xFF,0xFF,0xE0,0x00,0x00,0x08,0x20,0x00,0x00,0x10,0x20,0x00,0x00,0x30,0x00,0x00,0x00,0xFC,0x00,0x00,0x05,0x8E,0x00,0x00,0x07,0x07,0xA0,0x00,0x06,0x01,0xE0,0x00,0x04,0x00,0xE0,0x00,0x04,0x00,0x20,0x00,0x00,0x00,0x20,0x00,0x00,0x00,0x00},/*"k",75*/
{0x00,0x00,0x00,0x00,0x00,0x00,0x00,0x00,0x00,0x00,0x00,0x00,0x02,0x00,0x00,0x20,0x02,0x00,0x00,0x20,0x02,0x00,0x00,0x20,0x02,0x00,0x00,0x20,0x03,0xFF,0xFF,0xE0,0x07,0xFF,0xFF,0xE0,0x00,0x00,0x00,0x20,0x00,0x00,0x00,0x20,0x00,0x00,0x00,0x20,0x00,0x00,0x00,0x20,0x00,0x00,0x00,0x00,0x00,0x00,0x00,0x00,0x00,0x00,0x00,0x00},/*"l",76*/
{0x00,0x00,0x00,0x00,0x00,0x04,0x00,0x20,0x00,0x07,0xFF,0xE0,0x00,0x0F,0xFF,0xE0,0x00,0x02,0x00,0x20,0x00,0x04,0x00,0x00,0x00,0x04,0x00,0x20,0x00,0x07,0xFF,0xE0,0x00,0x03,0xFF,0xE0,0x00,0x02,0x00,0x20,0x00,0x04,0x00,0x00,0x00,0x04,0x00,0x20,0x00,0x07,0xFF,0xE0,0x00,0x03,0xFF,0xE0,0x00,0x00,0x00,0x20,0x00,0x00,0x00,0x00},/*"m",77*/
{0x00,0x00,0x00,0x00,0x00,0x04,0x00,0x20,0x00,0x04,0x00,0x20,0x00,0x07,0xFF,0xE0,0x00,0x0F,0xFF,0xE0,0x00,0x01,0x00,0x20,0x00,0x02,0x00,0x20,0x00,0x02,0x00,0x00,0x00,0x04,0x00,0x00,0x00,0x04,0x00,0x00,0x00,0x04,0x00,0x20,0x00,0x06,0x00,0x20,0x00,0x03,0xFF,0xE0,0x00,0x01,0xFF,0xE0,0x00,0x00,0x00,0x20,0x00,0x00,0x00,0x20},/*"n",78*/
{0x00,0x00,0x00,0x00,0x00,0x00,0x00,0x00,0x00,0x00,0x7E,0x00,0x00,0x00,0xFF,0x80,0x00,0x03,0x81,0xC0,0x00,0x02,0x00,0x40,0x00,0x06,0x00,0x20,0x00,0x04,0x00,0x20,0x00,0x04,0x00,0x20,0x00,0x04,0x00,0x20,0x00,0x06,0x00,0x20,0x00,0x02,0x00,0x40,0x00,0x03,0x81,0xC0,0x00,0x01,0xFF,0x80,0x00,0x00,0x7E,0x00,0x00,0x00,0x00,0x00},/*"o",79*/
{0x00,0x00,0x00,0x00,0x00,0x04,0x00,0x01,0x00,0x04,0x00,0x01,0x00,0x07,0xFF,0xFF,0x00,0x0F,0xFF,0xFF,0x00,0x01,0x00,0xC1,0x00,0x02,0x00,0x41,0x00,0x04,0x00,0x20,0x00,0x04,0x00,0x20,0x00,0x04,0x00,0x20,0x00,0x04,0x00,0x20,0x00,0x06,0x00,0x40,0x00,0x03,0x01,0xC0,0x00,0x01,0xFF,0x80,0x00,0x00,0x7E,0x00,0x00,0x00,0x00,0x00},/*"p",80*/
{0x00,0x00,0x00,0x00,0x00,0x00,0x00,0x00,0x00,0x00,0x7E,0x00,0x00,0x01,0xFF,0x80,0x00,0x03,0x80,0xC0,0x00,0x02,0x00,0x60,0x00,0x04,0x00,0x20,0x00,0x04,0x00,0x20,0x00,0x04,0x00,0x20,0x00,0x04,0x00,0x20,0x00,0x02,0x00,0x41,0x00,0x03,0x00,0xC1,0x00,0x03,0xFF,0xFF,0x00,0x07,0xFF,0xFF,0x00,0x00,0x00,0x01,0x00,0x00,0x00,0x01},/*"q",81*/
{0x00,0x00,0x00,0x00,0x00,0x04,0x00,0x20,0x00,0x04,0x00,0x20,0x00,0x04,0x00,0x20,0x00,0x04,0x00,0x20,0x00,0x0F,0xFF,0xE0,0x00,0x0F,0xFF,0xE0,0x00,0x00,0xC0,0x20,0x00,0x01,0x00,0x20,0x00,0x02,0x00,0x20,0x00,0x06,0x00,0x20,0x00,0x04,0x00,0x00,0x00,0x04,0x00,0x00,0x00,0x07,0x00,0x00,0x00,0x03,0x00,0x00,0x00,0x00,0x00,0x00},/*"r",82*/
{0x00,0x00,0x00,0x00,0x00,0x00,0x00,0x00,0x00,0x00,0x03,0xE0,0x00,0x01,0xC0,0xE0,0x00,0x03,0xE0,0x40,0x00,0x06,0x30,0x20,0x00,0x04,0x30,0x20,0x00,0x04,0x18,0x20,0x00,0x04,0x18,0x20,0x00,0x04,0x18,0x20,0x00,0x04,0x0C,0x20,0x00,0x02,0x0C,0x60,0x00,0x03,0x07,0xC0,0x00,0x07,0x83,0x80,0x00,0x00,0x00,0x00,0x00,0x00,0x00,0x00},/*"s",83*/
{0x00,0x00,0x00,0x00,0x00,0x00,0x00,0x00,0x00,0x04,0x00,0x00,0x00,0x04,0x00,0x00,0x00,0x04,0x00,0x00,0x00,0x0C,0x00,0x00,0x00,0x1F,0xFF,0x80,0x00,0xFF,0xFF,0xC0,0x00,0x04,0x00,0x60,0x00,0x04,0x00,0x20,0x00,0x04,0x00,0x20,0x00,0x04,0x00,0x20,0x00,0x04,0x00,0x40,0x00,0x00,0x01,0x80,0x00,0x00,0x00,0x00,0x00,0x00,0x00,0x00},/*"t",84*/
{0x00,0x00,0x00,0x00,0x00,0x04,0x00,0x00,0x00,0x04,0x00,0x00,0x00,0x07,0xFF,0x80,0x00,0x0F,0xFF,0xC0,0x00,0x00,0x00,0x60,0x00,0x00,0x00,0x20,0x00,0x00,0x00,0x20,0x00,0x00,0x00,0x20,0x00,0x00,0x00,0x20,0x00,0x04,0x00,0x40,0x00,0x04,0x00,0x80,0x00,0x07,0xFF,0xE0,0x00,0x0F,0xFF,0xC0,0x00,0x00,0x00,0x40,0x00,0x00,0x00,0x40},/*"u",85*/
{0x00,0x00,0x00,0x00,0x00,0x04,0x00,0x00,0x00,0x04,0x00,0x00,0x00,0x07,0x80,0x00,0x00,0x07,0xF0,0x00,0x00,0x04,0xFE,0x00,0x00,0x04,0x1F,0xC0,0x00,0x00,0x03,0xE0,0x00,0x00,0x03,0x80,0x00,0x00,0x1C,0x00,0x00,0x04,0x60,0x00,0x00,0x07,0x80,0x00,0x00,0x06,0x00,0x00,0x00,0x04,0x00,0x00,0x00,0x00,0x00,0x00,0x00,0x00,0x00,0x00},/*"v",86*/
{0x00,0x04,0x00,0x00,0x00,0x06,0x00,0x00,0x00,0x07,0xC0,0x00,0x00,0x07,0xFC,0x00,0x00,0x04,0x3F,0x80,0x00,0x00,0x03,0xE0,0x00,0x04,0x0F,0x80,0x00,0x06,0xF0,0x00,0x00,0x07,0xF0,0x00,0x00,0x07,0xFF,0x80,0x00,0x04,0x0F,0xE0,0x00,0x00,0x03,0x80,0x00,0x04,0x3C,0x00,0x00,0x07,0xC0,0x00,0x00,0x06,0x00,0x00,0x00,0x04,0x00,0x00},/*"w",87*/
{0x00,0x00,0x00,0x00,0x00,0x00,0x00,0x20,0x00,0x04,0x00,0x20,0x00,0x04,0x00,0x60,0x00,0x07,0x00,0xE0,0x00,0x07,0x83,0x20,0x00,0x07,0xE6,0x00,0x00,0x04,0xF8,0x00,0x00,0x00,0x3C,0x00,0x00,0x04,0x5E,0x20,0x00,0x05,0x87,0xA0,0x00,0x06,0x01,0xE0,0x00,0x04,0x00,0x60,0x00,0x04,0x00,0x20,0x00,0x00,0x00,0x20,0x00,0x00,0x00,0x00},/*"x",88*/
{0x00,0x00,0x00,0x00,0x00,0x04,0x00,0x00,0x00,0x04,0x00,0x03,0x00,0x07,0x00,0x03,0x00,0x07,0xE0,0x01,0x00,0x04,0xF8,0x01,0x00,0x04,0x1F,0x02,0x00,0x00,0x07,0xFC,0x00,0x00,0x00,0xE0,0x00,0x00,0x07,0x00,0x00,0x04,0x38,0x00,0x00,0x07,0xC0,0x00,0x00,0x06,0x00,0x00,0x00,0x04,0x00,0x00,0x00,0x04,0x00,0x00,0x00,0x00,0x00,0x00},/*"y",89*/
{0x00,0x00,0x00,0x00,0x00,0x00,0x00,0x00,0x00,0x07,0x80,0x60,0x00,0x06,0x00,0xE0,0x00,0x04,0x03,0xE0,0x00,0x04,0x07,0xA0,0x00,0x04,0x0E,0x20,0x00,0x04,0x3C,0x20,0x00,0x04,0x70,0x20,0x00,0x05,0xE0,0x20,0x00,0x07,0x80,0x20,0x00,0x07,0x00,0x60,0x00,0x04,0x00,0xE0,0x00,0x00,0x03,0x80,0x00,0x00,0x00,0x00,0x00,0x00,0x00,0x00},/*"z",90*/
{0x00,0x00,0x00,0x00,0x00,0x00,0x00,0x00,0x00,0x00,0x00,0x00,0x00,0x00,0x00,0x00,0x00,0x00,0x00,0x00,0x00,0x00,0x00,0x00,0x00,0x00,0x00,0x00,0x00,0x00,0x80,0x00,0x00,0x00,0x80,0x00,0x00,0x01,0x40,0x00,0x07,0xFE,0x3F,0xF8,0x08,0x00,0x00,0x04,0x10,0x00,0x00,0x02,0x10,0x00,0x00,0x02,0x00,0x00,0x00,0x00,0x00,0x00,0x00,0x00},/*"{",91*/
{0x00,0x00,0x00,0x00,0x00,0x00,0x00,0x00,0x00,0x00,0x00,0x00,0x00,0x00,0x00,0x00,0x00,0x00,0x00,0x00,0x00,0x00,0x00,0x00,0x00,0x00,0x00,0x00,0x00,0x00,0x00,0x00,0xFF,0xFF,0xFF,0xFF,0x00,0x00,0x00,0x00,0x00,0x00,0x00,0x00,0x00,0x00,0x00,0x00,0x00,0x00,0x00,0x00,0x00,0x00,0x00,0x00,0x00,0x00,0x00,0x00,0x00,0x00,0x00,0x00},/*"|",92*/
{0x00,0x00,0x00,0x00,0x00,0x00,0x00,0x00,0x10,0x00,0x00,0x02,0x10,0x00,0x00,0x02,0x08,0x00,0x00,0x04,0x07,0xFE,0x3F,0xF8,0x00,0x01,0x40,0x00,0x00,0x00,0x80,0x00,0x00,0x00,0x80,0x00,0x00,0x00,0x00,0x00,0x00,0x00,0x00,0x00,0x00,0x00,0x00,0x00,0x00,0x00,0x00,0x00,0x00,0x00,0x00,0x00,0x00,0x00,0x00,0x00,0x00,0x00,0x00,0x00},/*"}",93*/
{0x00,0x00,0x00,0x00,0x18,0x00,0x00,0x00,0x30,0x00,0x00,0x00,0x40,0x00,0x00,0x00,0x40,0x00,0x00,0x00,0x40,0x00,0x00,0x00,0x20,0x00,0x00,0x00,0x30,0x00,0x00,0x00,0x08,0x00,0x00,0x00,0x04,0x00,0x00,0x00,0x02,0x00,0x00,0x00,0x02,0x00,0x00,0x00,0x02,0x00,0x00,0x00,0x0C,0x00,0x00,0x00,0x18,0x00,0x00,0x00,0x00,0x00,0x00,0x00},/*"~",94*/
};


typedef struct 
{
	unsigned char Index[2];	
	unsigned char Msk[24];
}typFNT_GB12; 


const typFNT_GB12 tfont12[]={
0xC4,0xE3,0x28,0x00,0x28,0x00,0xE4,0x07,0x24,0x04,0x96,0x02,0x85,0x00,0xA4,0x02,0xA4,0x04,0xA4,0x04,0x94,0x04,0x84,0x00,0xC4,0x00,/*"?",0*/
0xBA,0xC3,0x04,0x00,0xE4,0x03,0x04,0x02,0x1F,0x01,0x92,0x00,0x92,0x00,0xF2,0x07,0x89,0x00,0x8A,0x00,0x84,0x00,0x8A,0x00,0xD1,0x00,/*"?",1*/
};

typedef struct 
{
	unsigned char Index[2];	
	unsigned char Msk[32];
}typFNT_GB16; 


const typFNT_GB16 tfont16[]={
/* '?' */
    0xB0,0xE5,
        0x00, 0x00, 0x10, 0x02, 0x90, 0x01, 0xFE, 0x7F, 0x90, 0x40, 0x00, 0x31, 0xF8, 0x0F, 0x48, 0x40,
        0xC8, 0x43, 0x48, 0x2C, 0x48, 0x10, 0x44, 0x2C, 0xC4, 0x43, 0x04, 0x40, 0x00, 0x00, 0x00, 0x00,
    /* '?' */
    0xB1,0xB8,
        0x00, 0x00, 0x80, 0x00, 0x90, 0x00, 0x88, 0x7F, 0x4C, 0x49, 0x56, 0x49, 0x24, 0x49, 0x24, 0x7F,
        0x24, 0x49, 0x54, 0x49, 0x4C, 0x49, 0x84, 0x7F, 0x80, 0x00, 0x80, 0x00, 0x00, 0x00, 0x00, 0x00,
    /* '?' */
    0xB1,0xEA,
        0x00, 0x00, 0x10, 0x02, 0x90, 0x01, 0xFE, 0x7F, 0x90, 0x00, 0x50, 0x11, 0x44, 0x0C, 0x44, 0x43,
        0x44, 0x40, 0xC4, 0x7F, 0x44, 0x00, 0x44, 0x01, 0x44, 0x06, 0x40, 0x18, 0x00, 0x00, 0x00, 0x00,
    /* '?' */
    0xB2,0xA2,
        0x00, 0x00, 0x00, 0x42, 0x10, 0x22, 0x12, 0x1A, 0xF4, 0x07, 0x18, 0x02, 0x10, 0x02, 0x10, 0x02,
        0x10, 0x02, 0x18, 0x02, 0xF4, 0x7F, 0x12, 0x02, 0x10, 0x02, 0x00, 0x02, 0x00, 0x00, 0x00, 0x00,
    /* '?' */
    0xB2,0xCE,
        0x00, 0x00, 0x20, 0x41, 0x20, 0x51, 0xA8, 0x52, 0x6C, 0x52, 0x2A, 0x4A, 0x38, 0x29, 0x28, 0x29,
        0xA8, 0x24, 0x28, 0x12, 0x6C, 0x10, 0xB8, 0x08, 0x20, 0x01, 0x20, 0x01, 0x00, 0x00, 0x00, 0x00,
    /* '?' */
    0xB3,0xCC,
        0x00, 0x00, 0x24, 0x04, 0x24, 0x03, 0xFC, 0x3F, 0xA2, 0x00, 0x22, 0x01, 0x00, 0x20, 0x9E, 0x24,
        0x92, 0x24, 0x92, 0x3F, 0x92, 0x24, 0x92, 0x24, 0x9E, 0x24, 0x00, 0x20, 0x00, 0x00, 0x00, 0x00,
    /* '?' */
    0xB3,0xE5,
        0x00, 0x00, 0x00, 0x30, 0x04, 0x0C, 0x18, 0x03, 0x00, 0x00, 0xF0, 0x07, 0x10, 0x02, 0x10, 0x02,
        0x10, 0x02, 0xFE, 0x7F, 0x10, 0x02, 0x10, 0x02, 0x10, 0x02, 0xF0, 0x07, 0x00, 0x00, 0x00, 0x00,
    /* '?' */
    0xB3,0xF6,
        0x00, 0x00, 0x00, 0x3E, 0x7C, 0x20, 0x40, 0x20, 0x40, 0x20, 0x40, 0x20, 0x40, 0x20, 0xFE, 0x3F,
        0x40, 0x20, 0x40, 0x20, 0x40, 0x20, 0x40, 0x20, 0x7C, 0x20, 0x00, 0x7E, 0x00, 0x00, 0x00, 0x00,
    /* '?' */
    0xB4,0xA1,
        0x00, 0x00, 0x08, 0x01, 0xC8, 0x3F, 0xB8, 0x10, 0x88, 0x10, 0x88, 0x3F, 0x00, 0x00, 0xF8, 0x3E,
        0x80, 0x20, 0x80, 0x20, 0xFE, 0x3F, 0x80, 0x20, 0x80, 0x20, 0xF8, 0x7E, 0x00, 0x00, 0x00, 0x00,
    /* '?' */
    0xB4,0xAE,
        0x00, 0x00, 0x00, 0x1F, 0x78, 0x09, 0x48, 0x09, 0x48, 0x09, 0x48, 0x09, 0x48, 0x09, 0xFE, 0x7F,
        0x48, 0x09, 0x48, 0x09, 0x48, 0x09, 0x48, 0x09, 0x78, 0x09, 0x00, 0x1F, 0x00, 0x00, 0x00, 0x00,
    /* '?' */
    0xB4,0xE6,
        0x00, 0x00, 0x08, 0x02, 0x08, 0x01, 0x88, 0x00, 0xE8, 0x7F, 0x18, 0x00, 0x0E, 0x04, 0x48, 0x04,
        0x48, 0x44, 0x48, 0x44, 0x48, 0x7F, 0xC8, 0x04, 0x48, 0x04, 0x08, 0x04, 0x00, 0x00, 0x00, 0x00,
    /* '?' */
    0xB4,0xF8,
        0x00, 0x00, 0xC8, 0x00, 0x48, 0x00, 0x48, 0x3E, 0x5E, 0x02, 0x48, 0x02, 0x48, 0x02, 0xDE, 0x7F,
        0x48, 0x02, 0x48, 0x22, 0x5E, 0x22, 0x48, 0x3E, 0x48, 0x00, 0xC8, 0x00, 0x00, 0x00, 0x00, 0x00,
    /* '?' */
    0xB4,0xFD,
        0x00, 0x00, 0x10, 0x01, 0x88, 0x00, 0xC4, 0x7F, 0x32, 0x00, 0x40, 0x02, 0x48, 0x0A, 0x48, 0x12,
        0x48, 0x02, 0x7E, 0x42, 0x48, 0x42, 0xC8, 0x7F, 0x48, 0x02, 0x40, 0x02, 0x00, 0x00, 0x00, 0x00,
    /* '?' */
    0xB5,0xA5,
        0x00, 0x00, 0x00, 0x10, 0x00, 0x10, 0xF8, 0x13, 0x4A, 0x12, 0x4C, 0x12, 0x48, 0x12, 0xF8, 0x7F,
        0x48, 0x12, 0x4C, 0x12, 0x4A, 0x12, 0xF8, 0x13, 0x00, 0x10, 0x00, 0x10, 0x00, 0x00, 0x00, 0x00,
    /* '?' */
    0xB5,0xB1,
        0x00, 0x00, 0x20, 0x20, 0x24, 0x22, 0x28, 0x22, 0x30, 0x22, 0x20, 0x22, 0x20, 0x22, 0x3E, 0x22,
        0x20, 0x22, 0x20, 0x22, 0x30, 0x22, 0x28, 0x22, 0xE4, 0x7F, 0x00, 0x00, 0x00, 0x00, 0x00, 0x00,
    /* '?' */
    0xB5,0xC8,
        0x00, 0x00, 0x10, 0x01, 0x08, 0x05, 0x46, 0x05, 0x4C, 0x15, 0x54, 0x25, 0x44, 0x05, 0xF0, 0x45,
        0x48, 0x45, 0x46, 0x7F, 0x44, 0x05, 0x4C, 0x05, 0x14, 0x05, 0x04, 0x01, 0x00, 0x00, 0x00, 0x00,
    /* '?' */
    0xB5,0xCD,
        0x00, 0x00, 0x80, 0x00, 0x40, 0x00, 0xF0, 0x7F, 0x0E, 0x00, 0x00, 0x00, 0xF8, 0x3F, 0x88, 0x10,
        0x88, 0x08, 0x88, 0x20, 0xFC, 0x47, 0x84, 0x18, 0x84, 0x20, 0x80, 0x70, 0x00, 0x00, 0x00, 0x00,
    /* '?' */
    0xB6,0xAF,
        0x00, 0x00, 0x40, 0x08, 0x44, 0x0E, 0xC4, 0x09, 0x44, 0x08, 0x44, 0x0A, 0x40, 0x5C, 0x10, 0x20,
        0x10, 0x18, 0xFE, 0x07, 0x10, 0x00, 0x10, 0x40, 0x10, 0x40, 0xF0, 0x3F, 0x00, 0x00, 0x00, 0x00,
    /* '?' */
    0xB6,0xCE,
        0x00, 0x00, 0x00, 0x10, 0xFC, 0x7F, 0x24, 0x11, 0x24, 0x09, 0x24, 0x09, 0x02, 0x08, 0x40, 0x41,
        0x3C, 0x47, 0x04, 0x29, 0x04, 0x11, 0x3C, 0x29, 0x40, 0x47, 0x40, 0x40, 0x00, 0x00, 0x00, 0x00,
    /* '?' */
    0xB6,0xCF,
        0x00, 0x00, 0xFC, 0x7F, 0x48, 0x42, 0x50, 0x41, 0xFE, 0x5F, 0x50, 0x41, 0x48, 0x46, 0x00, 0x20,
        0xFC, 0x1F, 0x44, 0x00, 0x44, 0x00, 0xC2, 0x7F, 0x42, 0x00, 0x40, 0x00, 0x00, 0x00, 0x00, 0x00,
    /* '?' */
    0xB6,0xE0,
        0x00, 0x00, 0x00, 0x41, 0x20, 0x49, 0x10, 0x49, 0x98, 0x44, 0xAE, 0x24, 0x48, 0x2A, 0x48, 0x11,
        0xA8, 0x11, 0x58, 0x09, 0x08, 0x05, 0x00, 0x03, 0x00, 0x01, 0x00, 0x00, 0x00, 0x00, 0x00, 0x00,
    /* '?' */
    0xB7,0xA8,
        0x00, 0x00, 0x20, 0x30, 0x44, 0x0C, 0x08, 0x03, 0x00, 0x00, 0x00, 0x21, 0x10, 0x31, 0x10, 0x29,
        0x10, 0x27, 0xFE, 0x21, 0x10, 0x21, 0x10, 0x29, 0x10, 0x31, 0x00, 0x61, 0x00, 0x00, 0x00, 0x00,
    /* '?' */
    0xB7,0xBD,
        0x00, 0x00, 0x08, 0x40, 0x08, 0x20, 0x08, 0x10, 0x08, 0x0C, 0xF8, 0x03, 0x8A, 0x00, 0x8C, 0x00,
        0x88, 0x00, 0x88, 0x40, 0x88, 0x40, 0x88, 0x3F, 0x08, 0x00, 0x08, 0x00, 0x00, 0x00, 0x00, 0x00,
    /* '?' */
    0xB7,0xD6,
        0x00, 0x00, 0x80, 0x40, 0x40, 0x20, 0xA0, 0x10, 0x98, 0x08, 0x86, 0x07, 0x80, 0x00, 0x80, 0x00,
        0x80, 0x40, 0x86, 0x40, 0x98, 0x3F, 0x20, 0x00, 0x40, 0x00, 0x80, 0x00, 0x00, 0x00, 0x00, 0x00,
    /* '?' */
    0xB8,0xDF,
        0x00, 0x00, 0x08, 0x00, 0x08, 0x7E, 0x08, 0x02, 0xE8, 0x02, 0xA8, 0x3A, 0xAA, 0x2A, 0xAC, 0x2A,
        0xA8, 0x2A, 0xA8, 0x3A, 0xE8, 0x02, 0x08, 0x42, 0x08, 0x7E, 0x08, 0x00, 0x00, 0x00, 0x00, 0x00,
    /* '?' */
    0xB9,0xDC,
        0x00, 0x00, 0x68, 0x00, 0x24, 0x00, 0xA6, 0x7F, 0xA4, 0x2A, 0xAC, 0x2A, 0xA4, 0x2A, 0xB4, 0x2A,
        0xA8, 0x2A, 0xA6, 0x2A, 0xA4, 0x2B, 0x2C, 0x78, 0x24, 0x00, 0x64, 0x00, 0x00, 0x00, 0x00, 0x00,
    /* '?' */
    0xBA,0xC5,
        0x00, 0x00, 0x80, 0x00, 0x80, 0x00, 0x9E, 0x04, 0x92, 0x06, 0x92, 0x05, 0x92, 0x04, 0x92, 0x04,
        0x92, 0x04, 0x92, 0x44, 0x92, 0x44, 0x9E, 0x3C, 0x80, 0x00, 0x80, 0x00, 0x00, 0x00, 0x00, 0x00,
    /* '?' */
    0xBA,0xCF,
        0x00, 0x00, 0x20, 0x00, 0x20, 0x00, 0x10, 0x7E, 0x50, 0x22, 0x48, 0x22, 0x44, 0x22, 0x42, 0x22,
        0x44, 0x22, 0x48, 0x22, 0x50, 0x22, 0x10, 0x7E, 0x20, 0x00, 0x20, 0x00, 0x00, 0x00, 0x00, 0x00,
    /* '?' */
    0xBB,0xEC,
        0x00, 0x00, 0x20, 0x00, 0x42, 0x18, 0x04, 0x06, 0x88, 0x01, 0x00, 0x00, 0xBE, 0x3F, 0x2A, 0x12,
        0x2A, 0x0A, 0x2A, 0x00, 0xAA, 0x1F, 0x2A, 0x22, 0x3E, 0x21, 0x80, 0x38, 0x00, 0x00, 0x00, 0x00,
    /* '?' */
    0xBB,0xEE,
        0x00, 0x00, 0x20, 0x00, 0x42, 0x18, 0x04, 0x06, 0x88, 0x01, 0x20, 0x00, 0x24, 0x3F, 0x24, 0x11,
        0x24, 0x11, 0xFC, 0x11, 0x22, 0x11, 0x22, 0x11, 0x22, 0x3F, 0x20, 0x00, 0x00, 0x00, 0x00, 0x00,
    /* '?' */
    0xBB,0xF9,
        0x00, 0x00, 0x00, 0x49, 0x04, 0x45, 0x04, 0x43, 0xFE, 0x49, 0x54, 0x49, 0x54, 0x49, 0x54, 0x7D,
        0x54, 0x49, 0x54, 0x49, 0xFE, 0x49, 0x04, 0x43, 0x04, 0x45, 0x00, 0x49, 0x00, 0x00, 0x00, 0x00,
    /* '?' */
    0xBC,0xC4,
        0x00, 0x00, 0x18, 0x01, 0x08, 0x01, 0x28, 0x3D, 0xA8, 0x15, 0x68, 0x15, 0x2A, 0x15, 0x3C, 0x15,
        0x28, 0x1D, 0x68, 0x41, 0xA8, 0x41, 0x28, 0x7F, 0x08, 0x01, 0x18, 0x01, 0x00, 0x00, 0x00, 0x00,
    /* '?' */
    0xBC,0xC6,
        0x00, 0x00, 0x40, 0x00, 0x42, 0x00, 0xCC, 0x3F, 0x00, 0x10, 0x40, 0x08, 0x40, 0x00, 0x40, 0x00,
        0x40, 0x00, 0xFE, 0x7F, 0x40, 0x00, 0x40, 0x00, 0x40, 0x00, 0x40, 0x00, 0x00, 0x00, 0x00, 0x00,
    /* '?' */
    0xBC,0xC7,
        0x00, 0x00, 0x40, 0x00, 0x42, 0x00, 0xCC, 0x3F, 0x00, 0x10, 0x00, 0x08, 0x84, 0x3F, 0x84, 0x40,
        0x84, 0x40, 0x84, 0x40, 0x84, 0x40, 0x84, 0x40, 0xFC, 0x40, 0x00, 0x70, 0x00, 0x00, 0x00, 0x00,
    /* '?' */
    0xBC,0xD3,
        0x00, 0x00, 0x10, 0x40, 0x10, 0x30, 0x10, 0x0E, 0xFE, 0x01, 0x10, 0x40, 0x10, 0x40, 0xF0, 0x3F,
        0x00, 0x00, 0xF0, 0x3F, 0x10, 0x10, 0x10, 0x10, 0x10, 0x10, 0xF0, 0x3F, 0x00, 0x00, 0x00, 0x00,
    /* '?' */
    0xBC,0xE4,
        0x00, 0x00, 0x00, 0x00, 0xF0, 0x7F, 0x02, 0x00, 0x0C, 0x00, 0xE0, 0x0F, 0x24, 0x09, 0x24, 0x09,
        0x24, 0x09, 0x24, 0x09, 0xE4, 0x0F, 0x04, 0x40, 0x04, 0x40, 0xFC, 0x7F, 0x00, 0x00, 0x00, 0x00,
    /* '?' */
    0xBC,0xFC,
        0x00, 0x00, 0x20, 0x02, 0x50, 0x02, 0xCE, 0x3F, 0x48, 0x52, 0x00, 0x28, 0xC8, 0x10, 0xB8, 0x2F,
        0x20, 0x20, 0xA8, 0x4A, 0xFE, 0x7F, 0xA8, 0x4A, 0xF8, 0x4A, 0x20, 0x48, 0x00, 0x00, 0x00, 0x00,
    /* '?' */
    0xBC,0xFE,
        0x00, 0x00, 0x40, 0x00, 0x20, 0x00, 0xF8, 0x7F, 0x06, 0x00, 0x20, 0x02, 0x1C, 0x02, 0x10, 0x02,
        0x10, 0x02, 0xFE, 0x7F, 0x10, 0x02, 0x10, 0x02, 0x10, 0x02, 0x00, 0x02, 0x00, 0x00, 0x00, 0x00,
    /* '?' */
    0xBD,0xD3,
        0x00, 0x00, 0x10, 0x42, 0x10, 0x42, 0xFE, 0x7F, 0x10, 0x01, 0x50, 0x42, 0x48, 0x4A, 0x58, 0x2E,
        0xEA, 0x13, 0x4C, 0x12, 0x68, 0x2A, 0x58, 0x26, 0x48, 0x42, 0x40, 0x02, 0x00, 0x00, 0x00, 0x00,
    /* '?' */
    0xBD,0xF8,
        0x00, 0x00, 0x80, 0x40, 0x84, 0x20, 0x98, 0x1F, 0x00, 0x20, 0x10, 0x41, 0x10, 0x51, 0xFE, 0x4F,
        0x10, 0x41, 0x10, 0x41, 0x10, 0x41, 0xFE, 0x5F, 0x10, 0x41, 0x10, 0x41, 0x00, 0x00, 0x00, 0x00,
    /* '?' */
    0xBE,0xCD,
        0x00, 0x00, 0x08, 0x10, 0xE8, 0x4D, 0x2A, 0x41, 0x2C, 0x7F, 0x28, 0x05, 0xE8, 0x19, 0x08, 0x40,
        0x20, 0x20, 0xFE, 0x1F, 0x20, 0x00, 0xE4, 0x3F, 0x28, 0x40, 0x20, 0x70, 0x00, 0x00, 0x00, 0x00,
    /* '?' */
    0xBE,0xD8,
        0x00, 0x00, 0x10, 0x41, 0x0E, 0x39, 0xF8, 0x07, 0x08, 0x09, 0x08, 0x31, 0x00, 0x00, 0xFC, 0x7F,
        0x44, 0x44, 0x44, 0x44, 0x44, 0x44, 0x44, 0x44, 0xC4, 0x47, 0x04, 0x40, 0x00, 0x00, 0x00, 0x00,
    /* '?' */
    0xBE,0xDD,
        0x00, 0x00, 0x10, 0x42, 0x10, 0x42, 0xFE, 0x7F, 0x10, 0x41, 0x00, 0x30, 0xFC, 0x0F, 0x24, 0x01,
        0x24, 0x79, 0x24, 0x49, 0xE4, 0x4F, 0x24, 0x49, 0x3C, 0x79, 0x00, 0x01, 0x00, 0x00, 0x00, 0x00,
    /* '?' */
    0xBF,0xAA,
        0x00, 0x00, 0x80, 0x40, 0x82, 0x20, 0x82, 0x18, 0xFE, 0x07, 0x82, 0x00, 0x82, 0x00, 0x82, 0x00,
        0x82, 0x00, 0x82, 0x00, 0xFE, 0x7F, 0x82, 0x00, 0x82, 0x00, 0x80, 0x00, 0x00, 0x00, 0x00, 0x00,
    /* '?' */
    0xBF,0xCE,
        0x00, 0x00, 0x20, 0x00, 0x22, 0x00, 0xEC, 0x1F, 0x00, 0x08, 0x00, 0x24, 0x7C, 0x11, 0x54, 0x09,
        0x54, 0x05, 0xFC, 0x7F, 0x54, 0x05, 0x54, 0x09, 0x7C, 0x11, 0x00, 0x21, 0x00, 0x00, 0x00, 0x00,
    /* '?' */
    0xBF,0xD5,
        0x00, 0x00, 0x38, 0x40, 0x08, 0x40, 0x48, 0x41, 0x28, 0x41, 0x18, 0x41, 0x0A, 0x41, 0x0C, 0x7F,
        0x08, 0x41, 0x18, 0x41, 0x28, 0x41, 0x48, 0x41, 0x08, 0x40, 0x38, 0x40, 0x00, 0x00, 0x00, 0x00,
    /* '?' */
    0xBF,0xD8,
        0x00, 0x00, 0x10, 0x42, 0x10, 0x42, 0xFE, 0x7F, 0x10, 0x01, 0x00, 0x00, 0x98, 0x40, 0x48, 0x42,
        0x2A, 0x42, 0x0C, 0x7E, 0x08, 0x42, 0x28, 0x42, 0x48, 0x42, 0x98, 0x40, 0x00, 0x00, 0x00, 0x00,
    /* '?' */
    0xC0,0xB4,
        0x00, 0x00, 0x00, 0x21, 0x08, 0x21, 0x28, 0x11, 0x48, 0x09, 0x08, 0x05, 0x08, 0x03, 0xFE, 0x7F,
        0x08, 0x03, 0x08, 0x05, 0x48, 0x09, 0x28, 0x11, 0x08, 0x21, 0x00, 0x21, 0x00, 0x00, 0x00, 0x00,
    /* '?' */
    0xC1,0xAC,
        0x00, 0x00, 0x80, 0x40, 0x84, 0x20, 0x98, 0x1F, 0x00, 0x20, 0x88, 0x44, 0xE8, 0x44, 0x98, 0x44,
        0x8E, 0x44, 0xE8, 0x7F, 0x88, 0x44, 0x88, 0x44, 0x88, 0x44, 0x00, 0x44, 0x00, 0x00, 0x00, 0x00,
    /* '?' */
    0xC1,0xB4,
        0x00, 0x00, 0x50, 0x02, 0xCE, 0x3F, 0x48, 0x12, 0x00, 0x40, 0x42, 0x20, 0xCC, 0x1F, 0x00, 0x20,
        0xE8, 0x44, 0x98, 0x44, 0x8E, 0x44, 0xE8, 0x7F, 0x88, 0x44, 0x88, 0x44, 0x00, 0x00, 0x00, 0x00,
    /* '?' */
    0xC1,0xF9,
        0x00, 0x00, 0x20, 0x40, 0x20, 0x20, 0x20, 0x10, 0x20, 0x0C, 0x20, 0x03, 0x22, 0x00, 0x24, 0x00,
        0x38, 0x00, 0x20, 0x01, 0x20, 0x02, 0x20, 0x04, 0x20, 0x18, 0x20, 0x60, 0x00, 0x00, 0x00, 0x00,
    /* '?' */
    0xC2,0xB7,
        0x00, 0x00, 0x00, 0x20, 0x7C, 0x3F, 0x44, 0x20, 0xC4, 0x1F, 0x7C, 0x12, 0x00, 0x12, 0x20, 0x01,
        0x10, 0x7D, 0xAE, 0x24, 0x48, 0x24, 0xA8, 0x24, 0x18, 0x7D, 0x00, 0x01, 0x00, 0x00, 0x00, 0x00,
    /* '?' */
    0xC2,0xCA,
        0x00, 0x00, 0x20, 0x0A, 0x48, 0x09, 0x88, 0x08, 0x08, 0x08, 0x48, 0x0A, 0x6A, 0x0B, 0xDC, 0x7E,
        0x48, 0x0A, 0x28, 0x0B, 0x08, 0x0E, 0x88, 0x08, 0x48, 0x09, 0x20, 0x0A, 0x00, 0x00, 0x00, 0x00,
    /* '?' */
    0xC2,0xEB,
        0x00, 0x00, 0x84, 0x00, 0xE4, 0x1F, 0x5C, 0x08, 0x44, 0x08, 0xC4, 0x1F, 0x02, 0x02, 0x7A, 0x02,
        0x42, 0x02, 0x42, 0x02, 0x42, 0x02, 0x7E, 0x22, 0x40, 0x20, 0xC0, 0x1F, 0x00, 0x00, 0x00, 0x00,
    /* '?' */
    0xC2,0xF6,
        0x00, 0x00, 0x00, 0x40, 0xFC, 0x3F, 0x44, 0x02, 0x44, 0x42, 0xFC, 0x7F, 0x00, 0x10, 0x90, 0x0C,
        0x90, 0x43, 0x10, 0x40, 0xF2, 0x7F, 0x84, 0x01, 0x40, 0x0E, 0x20, 0x10, 0x00, 0x00, 0x00, 0x00,
    /* '?' */
    0xC3,0xE6,
        0x00, 0x00, 0x02, 0x00, 0xF2, 0x7F, 0x12, 0x20, 0x12, 0x20, 0xF2, 0x3F, 0x9A, 0x24, 0x96, 0x24,
        0x92, 0x24, 0xF2, 0x3F, 0x12, 0x20, 0x12, 0x20, 0xF2, 0x7F, 0x02, 0x00, 0x00, 0x00, 0x00, 0x00,
    /* '?' */
    0xC3,0xE8,
        0x00, 0x00, 0x10, 0x42, 0x10, 0x42, 0xFE, 0x7F, 0x10, 0x01, 0x10, 0x00, 0xC8, 0x7F, 0x5E, 0x22,
        0x48, 0x22, 0xC8, 0x3F, 0x48, 0x22, 0x5E, 0x22, 0xC8, 0x7F, 0x08, 0x00, 0x00, 0x00, 0x00, 0x00,
    /* '?' */
    0xC4,0xA3,
        0x00, 0x00, 0x10, 0x02, 0x90, 0x01, 0xFE, 0x7F, 0x90, 0x00, 0x00, 0x49, 0xE8, 0x4B, 0xBE, 0x2A,
        0xA8, 0x1A, 0xA8, 0x0E, 0xA8, 0x1A, 0xBE, 0x2A, 0xE8, 0x4B, 0x08, 0x48, 0x00, 0x00, 0x00, 0x00,
    /* '?' */
    0xC5,0xCC,
        0x00, 0x00, 0x20, 0x40, 0x20, 0x42, 0x20, 0x7D, 0xFC, 0x44, 0x24, 0x44, 0x26, 0x7C, 0x6C, 0x44,
        0xB4, 0x7C, 0x24, 0x44, 0x24, 0x45, 0xFC, 0x7D, 0x20, 0x40, 0x20, 0x40, 0x00, 0x00, 0x00, 0x00,
    /* '?' */
    0xC6,0xB5,
        0x00, 0x00, 0x40, 0x44, 0x78, 0x42, 0x40, 0x20, 0x7E, 0x17, 0x48, 0x08, 0x48, 0x06, 0x04, 0x40,
        0xE4, 0x2F, 0x34, 0x10, 0xAC, 0x0F, 0x24, 0x10, 0xE4, 0x6F, 0x04, 0x00, 0x00, 0x00, 0x00, 0x00,
    /* '?' */
    0xC6,0xF7,
        0x00, 0x00, 0x80, 0x04, 0x9E, 0x7C, 0x92, 0x4A, 0x92, 0x4A, 0x92, 0x49, 0x9E, 0x78, 0xC0, 0x00,
        0x9E, 0x78, 0x92, 0x49, 0xB2, 0x4A, 0xD2, 0x4A, 0x9E, 0x7C, 0x80, 0x04, 0x00, 0x00, 0x00, 0x00,
    /* '?' */
    0xC7,0xB0,
        0x00, 0x00, 0x08, 0x00, 0xE8, 0x7F, 0x2A, 0x09, 0x2C, 0x09, 0x28, 0x49, 0x28, 0x49, 0xE8, 0x7F,
        0x08, 0x00, 0xC8, 0x0F, 0x0C, 0x40, 0x0A, 0x40, 0xE8, 0x7F, 0x08, 0x00, 0x00, 0x00, 0x00, 0x00,
    /* '?' */
    0xC8,0xEB,
        0x00, 0x00, 0x00, 0x40, 0x00, 0x20, 0x00, 0x10, 0x00, 0x0C, 0x02, 0x03, 0xCC, 0x00, 0x30, 0x00,
        0xC0, 0x00, 0x00, 0x03, 0x00, 0x0C, 0x00, 0x10, 0x00, 0x20, 0x00, 0x40, 0x00, 0x00, 0x00, 0x00,
    /* '?' */
    0xC9,0xA8,
        0x00, 0x00, 0x10, 0x42, 0x10, 0x42, 0xFE, 0x7F, 0x10, 0x01, 0x90, 0x00, 0x00, 0x20, 0x08, 0x21,
        0x08, 0x21, 0x08, 0x21, 0x08, 0x21, 0x08, 0x21, 0x08, 0x21, 0xF8, 0x7F, 0x00, 0x00, 0x00, 0x00,
    /* '?' */
    0xC9,0xE8,
        0x00, 0x00, 0x40, 0x00, 0x42, 0x00, 0xCC, 0x3F, 0x00, 0x10, 0x80, 0x48, 0x40, 0x41, 0x3C, 0x27,
        0x04, 0x29, 0x04, 0x11, 0x04, 0x29, 0x3C, 0x25, 0x40, 0x43, 0x40, 0x40, 0x00, 0x00, 0x00, 0x00,
    /* '?' */
    0xCA,0xAE,
        0x00, 0x00, 0x40, 0x00, 0x40, 0x00, 0x40, 0x00, 0x40, 0x00, 0x40, 0x00, 0x40, 0x00, 0xFE, 0x7F,
        0x40, 0x00, 0x40, 0x00, 0x40, 0x00, 0x40, 0x00, 0x40, 0x00, 0x40, 0x00, 0x00, 0x00, 0x00, 0x00,
    /* '?' */
    0xCA,0xB1,
        0x00, 0x00, 0xF8, 0x1F, 0x88, 0x08, 0x88, 0x08, 0xF8, 0x1F, 0x00, 0x00, 0x10, 0x00, 0x90, 0x00,
        0x10, 0x03, 0x10, 0x40, 0x10, 0x40, 0xFE, 0x7F, 0x10, 0x00, 0x10, 0x00, 0x00, 0x00, 0x00, 0x00,
    /* '?' */
    0xCA,0xB5,
        0x00, 0x00, 0x18, 0x04, 0x08, 0x44, 0x88, 0x44, 0x08, 0x25, 0x28, 0x24, 0x4A, 0x14, 0x0C, 0x0C,
        0x08, 0x06, 0xE8, 0x0D, 0x08, 0x14, 0x08, 0x24, 0x08, 0x44, 0x18, 0x04, 0x00, 0x00, 0x00, 0x00,
    /* '?' */
    0xCA,0xBD,
        0x00, 0x00, 0x10, 0x20, 0x90, 0x20, 0x90, 0x20, 0x90, 0x3F, 0x90, 0x10, 0x90, 0x10, 0x10, 0x10,
        0x10, 0x00, 0xFE, 0x03, 0x10, 0x0C, 0x12, 0x10, 0x14, 0x20, 0x10, 0x78, 0x00, 0x00, 0x00, 0x00,
    /* '?' */
    0xCA,0xBE,
        0x00, 0x00, 0x20, 0x08, 0x20, 0x04, 0x22, 0x02, 0xA2, 0x01, 0x22, 0x20, 0x22, 0x20, 0xE2, 0x3F,
        0x22, 0x00, 0x22, 0x00, 0xA2, 0x00, 0x22, 0x01, 0x20, 0x02, 0x20, 0x0C, 0x00, 0x00, 0x00, 0x00,
    /* '?' */
    0xCA,0xC2,
        0x00, 0x00, 0x04, 0x04, 0x04, 0x04, 0x74, 0x15, 0x54, 0x15, 0x54, 0x55, 0x54, 0x55, 0xFE, 0x7F,
        0x54, 0x15, 0x54, 0x15, 0x54, 0x15, 0x74, 0x1F, 0x04, 0x04, 0x04, 0x04, 0x00, 0x00, 0x00, 0x00,
    /* '?' */
    0xCA,0xD3,
        0x00, 0x00, 0x10, 0x02, 0x12, 0x01, 0xD4, 0x7F, 0xB0, 0x00, 0x00, 0x41, 0xFC, 0x23, 0x04, 0x10,
        0x04, 0x0C, 0xF4, 0x03, 0x04, 0x3C, 0x04, 0x40, 0xFC, 0x43, 0x00, 0x70, 0x00, 0x00, 0x00, 0x00,
    /* '?' */
    0xCA,0xE4,
        0x00, 0x00, 0xE8, 0x08, 0x9E, 0x08, 0xC8, 0x7F, 0x88, 0x04, 0x20, 0x00, 0x90, 0x7F, 0xA8, 0x0A,
        0xA4, 0x4A, 0xA2, 0x7F, 0x24, 0x00, 0x28, 0x5F, 0x10, 0x40, 0xA0, 0x7F, 0x00, 0x00, 0x00, 0x00,
    /* '?' */
    0xCA,0xFD,
        0x00, 0x00, 0x94, 0x42, 0x58, 0x4A, 0x30, 0x2F, 0xFE, 0x32, 0x30, 0x12, 0x58, 0x2E, 0x94, 0x40,
        0x80, 0x00, 0x60, 0x40, 0x9E, 0x27, 0x10, 0x18, 0xF0, 0x27, 0x10, 0x40, 0x00, 0x00, 0x00, 0x00,
    /* '?' */
    0xCD,0xA3,
        0x00, 0x00, 0x80, 0x00, 0x40, 0x00, 0xF0, 0x7F, 0x0E, 0x00, 0x04, 0x03, 0x74, 0x05, 0x54, 0x05,
        0x54, 0x45, 0x56, 0x45, 0x54, 0x7D, 0x54, 0x05, 0x74, 0x05, 0x04, 0x03, 0x00, 0x00, 0x00, 0x00,
    /* '?' */
    0xCD,0xBC,
        0x00, 0x00, 0x00, 0x00, 0xFE, 0x7F, 0x02, 0x42, 0x42, 0x42, 0x22, 0x49, 0x5A, 0x49, 0x92, 0x52,
        0x92, 0x52, 0x52, 0x65, 0x32, 0x41, 0x02, 0x42, 0x02, 0x42, 0xFE, 0x7F, 0x00, 0x00, 0x00, 0x00,
    /* '?' */
    0xCE,0xBB,
        0x00, 0x00, 0x80, 0x00, 0x40, 0x00, 0xF0, 0x7F, 0x0E, 0x00, 0x00, 0x40, 0x90, 0x41, 0x10, 0x4E,
        0x12, 0x40, 0x1C, 0x60, 0x10, 0x5C, 0xD0, 0x43, 0x10, 0x40, 0x00, 0x40, 0x00, 0x00, 0x00, 0x00,
    /* '?' */
    0xCF,0xD0,
        0x00, 0x00, 0x00, 0x00, 0xF2, 0x7F, 0x04, 0x08, 0x40, 0x04, 0x44, 0x02, 0x44, 0x01, 0xF4, 0x3F,
        0x44, 0x01, 0x44, 0x02, 0x44, 0x0C, 0x04, 0x40, 0x04, 0x40, 0xFC, 0x7F, 0x00, 0x00, 0x00, 0x00,
    /* '?' */
    0xCF,0xD4,
        0x00, 0x00, 0x00, 0x40, 0x00, 0x42, 0xFE, 0x4C, 0x92, 0x40, 0x92, 0x7F, 0x92, 0x40, 0x92, 0x40,
        0x92, 0x40, 0x92, 0x7F, 0x92, 0x40, 0xFE, 0x48, 0x00, 0x46, 0x00, 0x40, 0x00, 0x00, 0x00, 0x00,
    /* '?' */
    0xCF,0xF2,
        0x00, 0x00, 0x00, 0x00, 0xF8, 0x7F, 0x08, 0x00, 0x08, 0x00, 0xCC, 0x07, 0x4A, 0x04, 0x48, 0x04,
        0x48, 0x04, 0x48, 0x04, 0xC8, 0x07, 0x08, 0x40, 0x08, 0x40, 0xF8, 0x7F, 0x00, 0x00, 0x00, 0x00,
    /* '?' */
    0xD0,0xD0,
        0x00, 0x00, 0x10, 0x01, 0x88, 0x00, 0xC4, 0x7F, 0x32, 0x00, 0x00, 0x00, 0x40, 0x00, 0x44, 0x00,
        0x44, 0x40, 0x44, 0x40, 0xC4, 0x7F, 0x44, 0x00, 0x44, 0x00, 0x40, 0x00, 0x00, 0x00, 0x00, 0x00,
    /* '?' */
    0xD0,0xF7,
        0x00, 0x00, 0x20, 0x22, 0x38, 0x23, 0xA6, 0x22, 0x60, 0x12, 0x18, 0x12, 0x00, 0x04, 0x48, 0x7E,
        0x48, 0x2B, 0xFE, 0x2A, 0x48, 0x2A, 0x78, 0x2A, 0x4C, 0x7E, 0x40, 0x00, 0x00, 0x00, 0x00, 0x00,
    /* '?' */
    0xD1,0xE9,
        0x00, 0x00, 0xE4, 0x09, 0x04, 0x49, 0xFC, 0x45, 0x00, 0x3F, 0x40, 0x40, 0x20, 0x44, 0x50, 0x58,
        0x48, 0x41, 0x46, 0x46, 0x48, 0x60, 0x50, 0x58, 0x20, 0x47, 0x40, 0x40, 0x00, 0x00, 0x00, 0x00,
    /* '?' */
    0xD2,0xC6,
        0x00, 0x00, 0x48, 0x08, 0x48, 0x06, 0xF8, 0x7F, 0x44, 0x01, 0x44, 0x02, 0x20, 0x49, 0x10, 0x49,
        0xA8, 0x24, 0x4E, 0x2A, 0x28, 0x13, 0x98, 0x0A, 0x00, 0x06, 0x00, 0x02, 0x00, 0x00, 0x00, 0x00,
    /* '?' */
    0xD2,0xEB,
        0x00, 0x00, 0x40, 0x00, 0x42, 0x00, 0xCC, 0x3F, 0x00, 0x10, 0x00, 0x08, 0x84, 0x10, 0x8C, 0x12,
        0x54, 0x12, 0x24, 0x7F, 0x54, 0x12, 0x4C, 0x12, 0x84, 0x10, 0x80, 0x10, 0x00, 0x00, 0x00, 0x00,
    /* '?' */
    0xD3,0xC3,
        0x00, 0x00, 0x00, 0x20, 0x00, 0x18, 0xFE, 0x07, 0x22, 0x01, 0x22, 0x01, 0x22, 0x01, 0x22, 0x01,
        0xFE, 0x1F, 0x22, 0x01, 0x22, 0x01, 0x22, 0x21, 0x22, 0x21, 0xFE, 0x3F, 0x00, 0x00, 0x00, 0x00,
    /* '?' */
    0xD3,0xD2,
        0x00, 0x00, 0x10, 0x04, 0x10, 0x02, 0x10, 0x01, 0x90, 0x7F, 0x70, 0x21, 0x1E, 0x21, 0x10, 0x21,
        0x10, 0x21, 0x10, 0x21, 0x10, 0x21, 0x10, 0x7F, 0x10, 0x00, 0x10, 0x00, 0x00, 0x00, 0x00, 0x00,
    /* '?' */
    0xD4,0xCB,
        0x00, 0x00, 0x40, 0x20, 0x42, 0x10, 0xCC, 0x0F, 0x00, 0x10, 0x20, 0x24, 0x22, 0x26, 0x22, 0x25,
        0xE2, 0x24, 0x22, 0x24, 0x22, 0x25, 0x22, 0x26, 0x20, 0x2C, 0x20, 0x20, 0x00, 0x00, 0x00, 0x00,
    /* '?' */
    0xD5,0xF3,
        0x00, 0x00, 0xFC, 0x7F, 0x04, 0x08, 0x64, 0x08, 0x9C, 0x07, 0x00, 0x00, 0xC8, 0x08, 0xB8, 0x08,
        0x8E, 0x08, 0xE8, 0x7F, 0x88, 0x08, 0x88, 0x08, 0x88, 0x08, 0x00, 0x08, 0x00, 0x00, 0x00, 0x00,
    /* '?' */
    0xD6,0xB9,
        0x00, 0x00, 0x00, 0x40, 0x00, 0x40, 0x00, 0x40, 0xF0, 0x7F, 0x00, 0x40, 0x00, 0x40, 0x00, 0x40,
        0xFE, 0x7F, 0x40, 0x40, 0x40, 0x40, 0x40, 0x40, 0x40, 0x40, 0x00, 0x40, 0x00, 0x00, 0x00, 0x00,
    /* '?' */
    0xD6,0xC3,
        0x00, 0x00, 0x00, 0x40, 0x5E, 0x40, 0x52, 0x7F, 0x52, 0x41, 0x5E, 0x41, 0x52, 0x41, 0xF2, 0x79,
        0x52, 0x41, 0x5E, 0x41, 0x52, 0x41, 0x52, 0x7F, 0x5E, 0x40, 0x00, 0x40, 0x00, 0x00, 0x00, 0x00,
    /* '?' */
    0xD6,0xC6,
        0x00, 0x00, 0x50, 0x00, 0x4C, 0x3E, 0x48, 0x02, 0x48, 0x02, 0xFE, 0x7F, 0x48, 0x02, 0x48, 0x22,
        0x48, 0x3E, 0x00, 0x00, 0xF8, 0x47, 0x00, 0x40, 0xFE, 0x7F, 0x00, 0x00, 0x00, 0x00, 0x00, 0x00,
    /* '?' */
    0xC9,0xCF,
        0x00, 0x00, 0x00, 0x00, 0x00, 0x10, 0x80, 0x10, 0x80, 0x10, 0x80, 0x10, 0x80, 0x10, 0xF8, 0x1F,
        0x80, 0x10, 0x80, 0x10, 0x80, 0x10, 0x80, 0x10, 0x80, 0x10, 0x00, 0x10, 0x00, 0x00, 0x00, 0x00,
    /* '?' */
    0xCF,0xC2,
        0x00, 0x00, 0x00, 0x00, 0x08, 0x00, 0x08, 0x00, 0x08, 0x00, 0x08, 0x00, 0x08, 0x00, 0xF8, 0x3F,
        0x08, 0x00, 0x08, 0x00, 0x08, 0x00, 0x08, 0x00, 0x08, 0x00, 0x08, 0x03, 0x00, 0x0C, 0x00, 0x10,
    /* '?' */
    0xD6,0xD0,
        0x00, 0x00, 0x00, 0x00, 0x00, 0x00, 0xF0, 0x0F, 0x10, 0x08, 0x10, 0x08, 0x10, 0x08, 0xFC, 0x3F,
        0x10, 0x08, 0x10, 0x08, 0x10, 0x08, 0x10, 0x08, 0xF0, 0x0F, 0x00, 0x00, 0x00, 0x00, 0x00, 0x00,
    /* '?' */
    0xD6,0xD3,
        0x00, 0x00, 0x20, 0x02, 0x50, 0x02, 0xCE, 0x7F, 0x48, 0x22, 0x48, 0x12, 0x00, 0x00, 0xF0, 0x07,
        0x10, 0x02, 0x10, 0x02, 0xFE, 0x7F, 0x10, 0x02, 0x10, 0x02, 0xF0, 0x07, 0x00, 0x00, 0x00, 0x00,
    /* '?' */
    0xD7,0xD6,
        0x00, 0x00, 0x38, 0x04, 0x08, 0x04, 0x48, 0x04, 0x48, 0x04, 0x48, 0x44, 0x4A, 0x44, 0x4C, 0x7E,
        0x48, 0x05, 0xC8, 0x04, 0x48, 0x04, 0x08, 0x04, 0x08, 0x04, 0x38, 0x04, 0x00, 0x00, 0x00, 0x00,
    /* '?' */
    0xD7,0xE9,
        0x00, 0x00, 0x20, 0x22, 0x38, 0x23, 0xA6, 0x22, 0x60, 0x12, 0x18, 0x12, 0x00, 0x40, 0xFC, 0x7F,
        0x44, 0x44, 0x44, 0x44, 0x44, 0x44, 0x44, 0x44, 0xFC, 0x7F, 0x00, 0x40, 0x00, 0x00, 0x00, 0x00,
    /* '?' */
    0xD7,0xF3,
        0x00, 0x00, 0x10, 0x10, 0x10, 0x08, 0x10, 0x46, 0x90, 0x41, 0x70, 0x41, 0x1E, 0x41, 0x10, 0x41,
        0x10, 0x7F, 0x10, 0x41, 0x10, 0x41, 0x10, 0x41, 0x10, 0x41, 0x10, 0x40, 0x00, 0x00, 0x00, 0x00,
};


typedef struct 
{
	unsigned char Index[2];	
	unsigned char Msk[72];
}typFNT_GB24; 


const typFNT_GB24 tfont24[]={
0xC4,0xE3,0x00,0x00,0x00,0x80,0x00,0x00,0x80,0x31,0x00,0xC0,0x30,0x00,0xC0,0x10,0x00,0x40,
    0x18,0x00,0x20,0xF8,0x3F,0x20,0x0C,0x30,0x70,0x84,0x08,0x38,0x82,0x00,0x28,0x82,0x00,0x24,
    0x89,0x00,0x22,0x98,0x04,0x20,0x88,0x08,0x20,0x8C,0x18,0x20,0x84,0x30,0x20,0x82,0x30,0x20,
    0x82,0x60,0x20,0x81,0x20,0xA0,0x80,0x00,0x20,0x88,0x00,0x60,0xF0,0x00,0x20,0x40,0x00,0x00,0x00,0x00,/*"?",0*/
0xBA,0xC3,0x00,0x00,0x00,0x00,0x00,0x00,0x60,0x00,0x00,0x60,0x00,0x00,0x60,0xF8,0x1F,0x20,
    0x00,0x18,0x20,0x00,0x04,0xFE,0x03,0x02,0x30,0x02,0x01,0x30,0x02,0x01,0x10,0x03,0x01,0x10,
    0x01,0x21,0x10,0xFD,0x7F,0x18,0x01,0x01,0x08,0x01,0x01,0x88,0x00,0x01,0xB0,0x00,0x01,0xC0,
    0x01,0x01,0x40,0x03,0x01,0x20,0x06,0x01,0x18,0x00,0x01,0x04,0xE0,0x01,0x02,0x80,0x00,0x00,0x00,0x00,/*"?",1*/
};


typedef struct 
{
    unsigned char Index[2];
    unsigned char Msk[128];
} typFNT_GB32;

const typFNT_GB32 tfont32[]={
/* '?' */
    0xB0,0xE5,
        0x00, 0x00, 0x00, 0x00, 0x00, 0x00, 0x00, 0x00, 0x00, 0x00, 0x00, 0x00, 0x00, 0x02, 0x60, 0x00,
        0x00, 0x02, 0x10, 0x00, 0x00, 0x02, 0x0E, 0x00, 0x00, 0xC2, 0x03, 0x00, 0x00, 0x7E, 0x00, 0x00,
        0xF8, 0xFF, 0xFF, 0x1F, 0x10, 0x22, 0x00, 0x00, 0x00, 0x42, 0x00, 0x08, 0x00, 0xC3, 0x01, 0x04,
        0x00, 0x82, 0x03, 0x0B, 0x00, 0x00, 0xC0, 0x09, 0xC0, 0xFF, 0x7F, 0x04, 0xC0, 0xFF, 0x03, 0x04,
        0x40, 0x08, 0x00, 0x02, 0x40, 0x78, 0x00, 0x03, 0x40, 0x88, 0x87, 0x01, 0x40, 0x08, 0xDC, 0x00,
        0x20, 0x08, 0x70, 0x00, 0x20, 0x08, 0xF8, 0x00, 0x20, 0x08, 0x8F, 0x01, 0x30, 0xE8, 0x03, 0x03,
        0x30, 0x78, 0x00, 0x06, 0x30, 0x18, 0x00, 0x0E, 0x00, 0x00, 0x00, 0x0C, 0x00, 0x00, 0x00, 0x04,
        0x00, 0x00, 0x00, 0x00, 0x00, 0x00, 0x00, 0x00, 0x00, 0x00, 0x00, 0x00, 0x00, 0x00, 0x00, 0x00,
    /* '?' */
    0xB1,0xB8,
        0x00, 0x00, 0x00, 0x00, 0x00, 0x00, 0x00, 0x00, 0x00, 0x00, 0x00, 0x00, 0x00, 0x00, 0x00, 0x00,
        0x00, 0x00, 0x08, 0x00, 0x00, 0x00, 0x08, 0x00, 0x00, 0x10, 0x04, 0x00, 0x00, 0x18, 0x04, 0x00,
        0x00, 0x0C, 0x04, 0x00, 0x00, 0x06, 0xFE, 0x1F, 0x80, 0x03, 0xFE, 0x0F, 0xE0, 0x00, 0x47, 0x04,
        0x78, 0x81, 0x45, 0x04, 0x50, 0x86, 0x44, 0x04, 0x40, 0xC8, 0x44, 0x04, 0x40, 0x70, 0x44, 0x04,
        0x40, 0x70, 0xFC, 0x07, 0x40, 0xD8, 0x44, 0x04, 0x40, 0xCC, 0x44, 0x04, 0x40, 0x87, 0x45, 0x04,
        0xC0, 0x03, 0x47, 0x04, 0xE0, 0x01, 0x47, 0x04, 0x40, 0x00, 0xFF, 0x1F, 0x00, 0x00, 0x06, 0x08,
        0x00, 0x00, 0x06, 0x00, 0x00, 0x00, 0x06, 0x00, 0x00, 0x00, 0x0E, 0x00, 0x00, 0x00, 0x02, 0x00,
        0x00, 0x00, 0x00, 0x00, 0x00, 0x00, 0x00, 0x00, 0x00, 0x00, 0x00, 0x00, 0x00, 0x00, 0x00, 0x00,
    /* '?' */
    0xB1,0xEA,
        0x00, 0x00, 0x00, 0x00, 0x00, 0x00, 0x00, 0x00, 0x00, 0x00, 0x00, 0x00, 0x00, 0x04, 0x40, 0x00,
        0x00, 0x04, 0x30, 0x00, 0x00, 0x04, 0x0C, 0x00, 0x00, 0x04, 0x07, 0x00, 0x00, 0xF4, 0x01, 0x00,
        0xF8, 0xFF, 0xFF, 0x1F, 0x10, 0x44, 0x00, 0x00, 0x00, 0xC4, 0x00, 0x00, 0x00, 0x84, 0x03, 0x02,
        0x00, 0x04, 0x83, 0x01, 0x00, 0x10, 0x60, 0x00, 0x40, 0x10, 0x38, 0x00, 0x40, 0x10, 0x1F, 0x00,
        0x40, 0x10, 0x07, 0x04, 0x40, 0x10, 0x02, 0x04, 0x40, 0x10, 0x00, 0x0C, 0x40, 0x10, 0x00, 0x1C,
        0x40, 0xF0, 0xFF, 0x0F, 0x40, 0x10, 0x00, 0x00, 0x40, 0x10, 0x00, 0x00, 0x40, 0x10, 0x02, 0x00,
        0x40, 0x10, 0x0C, 0x00, 0x60, 0x10, 0x38, 0x00, 0x40, 0x18, 0xF0, 0x01, 0x00, 0x10, 0xC0, 0x01,
        0x00, 0x00, 0x00, 0x00, 0x00, 0x00, 0x00, 0x00, 0x00, 0x00, 0x00, 0x00, 0x00, 0x00, 0x00, 0x00,
    /* '?' */
    0xB2,0xA2,
        0x00, 0x00, 0x00, 0x00, 0x00, 0x00, 0x00, 0x00, 0x00, 0x00, 0x00, 0x00, 0x00, 0x00, 0x00, 0x00,
        0x00, 0x00, 0x02, 0x10, 0x00, 0x00, 0x02, 0x00, 0x00, 0x02, 0x02, 0x08, 0x00, 0x02, 0x02, 0x04,
        0x00, 0x02, 0x02, 0x04, 0x00, 0x02, 0x02, 0x03, 0x08, 0x02, 0x82, 0x01, 0x10, 0x02, 0xF2, 0x00,
        0xF0, 0xFE, 0x3F, 0x00, 0xE0, 0x02, 0x02, 0x00, 0x00, 0x02, 0x02, 0x00, 0x00, 0x02, 0x02, 0x00,
        0x00, 0x02, 0x02, 0x00, 0x00, 0x02, 0x02, 0x00, 0x00, 0x03, 0x02, 0x00, 0xC0, 0xFE, 0xFF, 0x1F,
        0x38, 0xFE, 0xFF, 0x0F, 0x10, 0x02, 0x02, 0x00, 0x10, 0x02, 0x02, 0x00, 0x00, 0x02, 0x02, 0x00,
        0x00, 0x02, 0x02, 0x00, 0x00, 0x03, 0x03, 0x00, 0x00, 0x02, 0x03, 0x00, 0x00, 0x00, 0x02, 0x00,
        0x00, 0x00, 0x00, 0x00, 0x00, 0x00, 0x00, 0x00, 0x00, 0x00, 0x00, 0x00, 0x00, 0x00, 0x00, 0x00,
    /* '?' */
    0xB2,0xCE,
        0x00, 0x00, 0x00, 0x00, 0x00, 0x00, 0x00, 0x00, 0x00, 0x00, 0x00, 0x00, 0x00, 0x00, 0x10, 0x00,
        0x00, 0x10, 0x08, 0x00, 0x00, 0x10, 0x08, 0x08, 0x00, 0x10, 0x04, 0x08, 0x00, 0x13, 0x14, 0x08,
        0x00, 0x13, 0x12, 0x09, 0x80, 0x12, 0x89, 0x08, 0x80, 0x92, 0x88, 0x08, 0x40, 0x52, 0x84, 0x04,
        0x60, 0x72, 0x44, 0x04, 0x30, 0x1E, 0x42, 0x04, 0x38, 0x16, 0x23, 0x06, 0x10, 0x92, 0x21, 0x02,
        0x00, 0x92, 0x11, 0x03, 0x00, 0x91, 0x18, 0x01, 0x00, 0x31, 0x8C, 0x01, 0x40, 0x51, 0x8C, 0x00,
        0x40, 0x91, 0xC8, 0x00, 0x80, 0x11, 0x61, 0x00, 0x80, 0x11, 0x63, 0x00, 0x00, 0x13, 0x22, 0x00,
        0x00, 0x17, 0x06, 0x00, 0x00, 0x10, 0x06, 0x00, 0x00, 0x18, 0x0C, 0x00, 0x00, 0x10, 0x04, 0x00,
        0x00, 0x00, 0x04, 0x00, 0x00, 0x00, 0x00, 0x00, 0x00, 0x00, 0x00, 0x00, 0x00, 0x00, 0x00, 0x00,
    /* '?' */
    0xB3,0xCC,
        0x00, 0x00, 0x00, 0x00, 0x00, 0x00, 0x00, 0x00, 0x00, 0x00, 0x00, 0x00, 0x00, 0x08, 0x80, 0x00,
        0x40, 0x08, 0x40, 0x00, 0x20, 0x08, 0x30, 0x00, 0x20, 0x08, 0x0C, 0x00, 0x20, 0x88, 0x03, 0x00,
        0xE0, 0xFF, 0xFF, 0x1F, 0xF0, 0xFF, 0xFF, 0x0F, 0x10, 0x48, 0x00, 0x00, 0x10, 0x88, 0x01, 0x00,
        0x18, 0x0C, 0x07, 0x04, 0x00, 0x08, 0x02, 0x04, 0x00, 0x80, 0x00, 0x04, 0xF8, 0xBF, 0x10, 0x04,
        0xF0, 0x9F, 0x10, 0x04, 0x10, 0x88, 0x10, 0x04, 0x10, 0x88, 0x10, 0x04, 0x10, 0x88, 0x10, 0x04,
        0x10, 0x88, 0xFF, 0x07, 0x10, 0x88, 0xFF, 0x07, 0x10, 0x88, 0x10, 0x04, 0x10, 0x88, 0x10, 0x04,
        0x10, 0x88, 0x10, 0x04, 0xF0, 0x9F, 0x10, 0x04, 0xF0, 0xDF, 0x10, 0x04, 0x00, 0x80, 0x00, 0x06,
        0x00, 0x00, 0x00, 0x04, 0x00, 0x00, 0x00, 0x00, 0x00, 0x00, 0x00, 0x00, 0x00, 0x00, 0x00, 0x00,
    /* '?' */
    0xB3,0xE5,
        0x00, 0x00, 0x00, 0x00, 0x00, 0x00, 0x00, 0x00, 0x00, 0x00, 0x00, 0x00, 0x00, 0x00, 0x00, 0x00,
        0x20, 0x00, 0x10, 0x00, 0x40, 0x00, 0x30, 0x06, 0xC0, 0x01, 0xF0, 0x0F, 0x80, 0x07, 0x3C, 0x0F,
        0x00, 0x83, 0x03, 0x00, 0x00, 0x60, 0x00, 0x00, 0x00, 0x1C, 0x00, 0x00, 0x00, 0x03, 0x00, 0x00,
        0x00, 0x01, 0x00, 0x00, 0x00, 0xFE, 0x0F, 0x00, 0x00, 0x02, 0x02, 0x00, 0x00, 0x02, 0x02, 0x00,
        0x00, 0x02, 0x02, 0x00, 0x00, 0x02, 0x02, 0x00, 0x00, 0x02, 0x02, 0x00, 0xF8, 0xFF, 0xFF, 0x1F,
        0xF0, 0xFF, 0xFF, 0x1F, 0x00, 0x02, 0x02, 0x00, 0x00, 0x02, 0x02, 0x00, 0x00, 0x02, 0x02, 0x00,
        0x00, 0x02, 0x02, 0x00, 0x00, 0x02, 0x02, 0x00, 0x00, 0xFF, 0x07, 0x00, 0x00, 0x02, 0x00, 0x00,
        0x00, 0x00, 0x00, 0x00, 0x00, 0x00, 0x00, 0x00, 0x00, 0x00, 0x00, 0x00, 0x00, 0x00, 0x00, 0x00,
    /* '?' */
    0xB3,0xF6,
        0x00, 0x00, 0x00, 0x00, 0x00, 0x00, 0x00, 0x00, 0x00, 0x00, 0x00, 0x00, 0x00, 0x00, 0x00, 0x00,
        0x00, 0x00, 0x00, 0x00, 0x00, 0x00, 0x00, 0x00, 0x00, 0x40, 0xFE, 0x03, 0x80, 0x7F, 0xFC, 0x03,
        0x80, 0x7F, 0x00, 0x02, 0x00, 0x40, 0x00, 0x02, 0x00, 0x40, 0x00, 0x02, 0x00, 0x40, 0x00, 0x02,
        0x00, 0x40, 0x00, 0x02, 0x00, 0x40, 0x00, 0x02, 0x00, 0x40, 0x00, 0x02, 0xF0, 0xFF, 0xFF, 0x03,
        0xE0, 0xFF, 0xFF, 0x03, 0x00, 0x40, 0x00, 0x02, 0x00, 0x40, 0x00, 0x02, 0x00, 0x40, 0x00, 0x02,
        0x00, 0x40, 0x00, 0x02, 0x00, 0x40, 0x00, 0x02, 0x00, 0x40, 0x00, 0x02, 0x80, 0xFF, 0x00, 0x02,
        0x80, 0xFF, 0xFE, 0x0F, 0x00, 0x00, 0xFC, 0x0F, 0x00, 0x00, 0x04, 0x00, 0x00, 0x00, 0x00, 0x00,
        0x00, 0x00, 0x00, 0x00, 0x00, 0x00, 0x00, 0x00, 0x00, 0x00, 0x00, 0x00, 0x00, 0x00, 0x00, 0x00,
    /* '?' */
    0xB4,0xA1,
        0x00, 0x00, 0x00, 0x00, 0x00, 0x00, 0x00, 0x00, 0x00, 0x00, 0x00, 0x00, 0x00, 0x00, 0x08, 0x00,
        0x40, 0x00, 0x06, 0x00, 0x40, 0x80, 0x01, 0x00, 0x40, 0xF0, 0xFF, 0x07, 0x40, 0xFF, 0xFF, 0x07,
        0xC0, 0x23, 0x80, 0x00, 0x40, 0x20, 0x80, 0x00, 0x40, 0x20, 0x80, 0x00, 0x40, 0xF0, 0xFF, 0x01,
        0x60, 0x20, 0x00, 0x00, 0x40, 0x00, 0x00, 0x00, 0x00, 0x00, 0x00, 0x02, 0xC0, 0x7F, 0xFE, 0x07,
        0x80, 0x3F, 0x04, 0x02, 0x00, 0x20, 0x00, 0x02, 0x00, 0x20, 0x00, 0x02, 0x00, 0x20, 0x00, 0x02,
        0xF8, 0xFF, 0xFF, 0x03, 0xF0, 0xFF, 0xFF, 0x03, 0x10, 0x20, 0x00, 0x02, 0x00, 0x20, 0x00, 0x02,
        0x00, 0x20, 0x00, 0x02, 0x00, 0x20, 0x00, 0x02, 0xC0, 0x7F, 0xFE, 0x0F, 0x80, 0x00, 0xFC, 0x07,
        0x00, 0x00, 0x00, 0x00, 0x00, 0x00, 0x00, 0x00, 0x00, 0x00, 0x00, 0x00, 0x00, 0x00, 0x00, 0x00,
    /* '?' */
    0xB4,0xAE,
        0x00, 0x00, 0x00, 0x00, 0x00, 0x00, 0x00, 0x00, 0x00, 0x00, 0x00, 0x00, 0x00, 0x00, 0x00, 0x00,
        0x00, 0x00, 0x00, 0x00, 0x00, 0x00, 0x00, 0x00, 0x00, 0x00, 0x7F, 0x00, 0x80, 0x3F, 0x21, 0x00,
        0x80, 0x3F, 0x21, 0x00, 0x80, 0x10, 0x21, 0x00, 0x80, 0x10, 0x21, 0x00, 0x80, 0x10, 0x21, 0x00,
        0x80, 0x10, 0x21, 0x00, 0x80, 0x10, 0x21, 0x00, 0x80, 0x10, 0x21, 0x00, 0xF8, 0xFF, 0xFF, 0x1F,
        0x90, 0x10, 0x21, 0x00, 0x80, 0x10, 0x21, 0x00, 0x80, 0x10, 0x21, 0x00, 0x80, 0x10, 0x21, 0x00,
        0x80, 0x10, 0x21, 0x00, 0x80, 0x10, 0x21, 0x00, 0x80, 0x10, 0x21, 0x00, 0xC0, 0x3F, 0x21, 0x00,
        0x80, 0x80, 0x7F, 0x00, 0x00, 0x00, 0x01, 0x00, 0x00, 0x00, 0x00, 0x00, 0x00, 0x00, 0x00, 0x00,
        0x00, 0x00, 0x00, 0x00, 0x00, 0x00, 0x00, 0x00, 0x00, 0x00, 0x00, 0x00, 0x00, 0x00, 0x00, 0x00,
    /* '?' */
    0xB4,0xE6,
        0x00, 0x00, 0x00, 0x00, 0x00, 0x00, 0x00, 0x00, 0x00, 0x00, 0x00, 0x00, 0x00, 0x00, 0x10, 0x00,
        0x40, 0x00, 0x08, 0x00, 0x40, 0x00, 0x04, 0x00, 0x40, 0x00, 0x06, 0x00, 0x40, 0x00, 0x03, 0x00,
        0x40, 0x80, 0x01, 0x00, 0x40, 0xF0, 0xFF, 0x1F, 0x40, 0xF0, 0xFF, 0x0F, 0x40, 0x1C, 0x00, 0x00,
        0x40, 0x07, 0x08, 0x00, 0xE0, 0x09, 0x08, 0x00, 0x78, 0x08, 0x08, 0x00, 0x50, 0x08, 0x08, 0x04,
        0x40, 0x08, 0x08, 0x04, 0x40, 0x08, 0x08, 0x0C, 0x40, 0x08, 0x08, 0x1C, 0x40, 0x88, 0xFF, 0x0F,
        0x40, 0x88, 0xFF, 0x07, 0x40, 0x48, 0x08, 0x00, 0x40, 0x28, 0x08, 0x00, 0x40, 0x38, 0x08, 0x00,
        0x40, 0x1C, 0x08, 0x00, 0x60, 0x18, 0x08, 0x00, 0x60, 0x00, 0x0C, 0x00, 0x40, 0x00, 0x08, 0x00,
        0x00, 0x00, 0x00, 0x00, 0x00, 0x00, 0x00, 0x00, 0x00, 0x00, 0x00, 0x00, 0x00, 0x00, 0x00, 0x00,
    /* '?' */
    0xB4,0xF8,
        0x00, 0x00, 0x00, 0x00, 0x00, 0x00, 0x00, 0x00, 0x00, 0x00, 0x00, 0x00, 0x00, 0x00, 0x00, 0x00,
        0x00, 0x80, 0x01, 0x00, 0x80, 0xC0, 0x01, 0x00, 0x80, 0xF0, 0x00, 0x00, 0x80, 0x20, 0x00, 0x00,
        0x80, 0x20, 0x00, 0x00, 0x80, 0x20, 0xFE, 0x03, 0xF8, 0x27, 0x02, 0x00, 0x90, 0x20, 0x02, 0x00,
        0x80, 0x20, 0x02, 0x00, 0x80, 0x20, 0x02, 0x00, 0x80, 0x20, 0x02, 0x00, 0xF8, 0xE7, 0xFF, 0x1F,
        0xF0, 0xE7, 0xFF, 0x1F, 0x80, 0x20, 0x02, 0x00, 0x80, 0x20, 0x02, 0x00, 0x80, 0x20, 0x02, 0x01,
        0x80, 0x20, 0x02, 0x03, 0xF0, 0x27, 0x02, 0x02, 0x90, 0x20, 0xFE, 0x07, 0x80, 0x20, 0xFE, 0x03,
        0x80, 0x20, 0x03, 0x00, 0xC0, 0xE0, 0x00, 0x00, 0x80, 0x70, 0x00, 0x00, 0x00, 0x60, 0x00, 0x00,
        0x00, 0x00, 0x00, 0x00, 0x00, 0x00, 0x00, 0x00, 0x00, 0x00, 0x00, 0x00, 0x00, 0x00, 0x00, 0x00,
    /* '?' */
    0xB4,0xFD,
        0x00, 0x00, 0x00, 0x00, 0x00, 0x00, 0x00, 0x00, 0x00, 0x00, 0x00, 0x00, 0x00, 0x00, 0x08, 0x00,
        0x00, 0x08, 0x04, 0x00, 0x00, 0x04, 0x02, 0x00, 0x00, 0x83, 0x01, 0x00, 0x80, 0xC1, 0x00, 0x00,
        0xE0, 0xF0, 0xFF, 0x0F, 0x38, 0x1C, 0x00, 0x00, 0x10, 0x0E, 0x00, 0x00, 0x10, 0x12, 0x00, 0x00,
        0x00, 0x10, 0x02, 0x00, 0x80, 0x10, 0x02, 0x00, 0x80, 0x10, 0x02, 0x00, 0x80, 0x10, 0x1A, 0x00,
        0x80, 0x10, 0x72, 0x00, 0x80, 0x10, 0xE2, 0x00, 0xF8, 0x1F, 0x02, 0x04, 0xF0, 0x1F, 0x02, 0x04,
        0x80, 0x10, 0x02, 0x08, 0x80, 0x10, 0x02, 0x18, 0x80, 0xD0, 0xFF, 0x0F, 0x80, 0x90, 0xFF, 0x07,
        0xC0, 0x10, 0x02, 0x00, 0x80, 0x10, 0x02, 0x00, 0x00, 0x18, 0x03, 0x00, 0x00, 0x10, 0x02, 0x00,
        0x00, 0x00, 0x00, 0x00, 0x00, 0x00, 0x00, 0x00, 0x00, 0x00, 0x00, 0x00, 0x00, 0x00, 0x00, 0x00,
    /* '?' */
    0xB5,0xA5,
        0x00, 0x00, 0x00, 0x00, 0x00, 0x00, 0x00, 0x00, 0x00, 0x00, 0x00, 0x00, 0x00, 0x00, 0x20, 0x00,
        0x00, 0x00, 0x20, 0x00, 0x00, 0x00, 0x20, 0x00, 0x00, 0x00, 0x20, 0x00, 0x80, 0xFF, 0x2F, 0x00,
        0x00, 0xFF, 0x2F, 0x00, 0x00, 0x21, 0x22, 0x00, 0x08, 0x21, 0x22, 0x00, 0x10, 0x21, 0x22, 0x00,
        0x60, 0x21, 0x22, 0x00, 0x60, 0x21, 0x22, 0x00, 0x00, 0x21, 0x22, 0x00, 0x00, 0xFF, 0xFF, 0x1F,
        0x00, 0x21, 0x22, 0x08, 0x00, 0x21, 0x22, 0x00, 0x80, 0x21, 0x22, 0x00, 0x60, 0x21, 0x22, 0x00,
        0x38, 0x21, 0x22, 0x00, 0x10, 0x21, 0x22, 0x00, 0x00, 0x21, 0x22, 0x00, 0x80, 0xFF, 0x27, 0x00,
        0x00, 0x01, 0x20, 0x00, 0x00, 0x00, 0x30, 0x00, 0x00, 0x00, 0x30, 0x00, 0x00, 0x00, 0x20, 0x00,
        0x00, 0x00, 0x00, 0x00, 0x00, 0x00, 0x00, 0x00, 0x00, 0x00, 0x00, 0x00, 0x00, 0x00, 0x00, 0x00,
    /* '?' */
    0xB5,0xB1,
        0x00, 0x00, 0x00, 0x00, 0x00, 0x00, 0x00, 0x00, 0x00, 0x00, 0x00, 0x00, 0x00, 0x00, 0x00, 0x00,
        0x00, 0x00, 0x00, 0x00, 0x00, 0x00, 0x00, 0x04, 0x20, 0x20, 0x00, 0x04, 0x40, 0x20, 0x08, 0x04,
        0xC0, 0x20, 0x08, 0x04, 0x80, 0x23, 0x08, 0x04, 0x00, 0x27, 0x08, 0x04, 0x00, 0x22, 0x08, 0x04,
        0x00, 0x20, 0x08, 0x04, 0x00, 0x20, 0x08, 0x04, 0x00, 0x20, 0x08, 0x04, 0xF8, 0x3F, 0x08, 0x04,
        0xF0, 0x3F, 0x08, 0x04, 0x10, 0x20, 0x08, 0x04, 0x00, 0x20, 0x08, 0x04, 0x00, 0x28, 0x08, 0x04,
        0x00, 0x26, 0x08, 0x04, 0x00, 0x23, 0x08, 0x04, 0xC0, 0x21, 0x08, 0x04, 0xE0, 0x20, 0x08, 0x04,
        0x40, 0x20, 0x08, 0x04, 0x00, 0xF0, 0xFF, 0x1F, 0x00, 0x20, 0x00, 0x00, 0x00, 0x00, 0x00, 0x00,
        0x00, 0x00, 0x00, 0x00, 0x00, 0x00, 0x00, 0x00, 0x00, 0x00, 0x00, 0x00, 0x00, 0x00, 0x00, 0x00,
    /* '?' */
    0xB5,0xC8,
        0x00, 0x00, 0x00, 0x00, 0x00, 0x00, 0x00, 0x00, 0x00, 0x00, 0x00, 0x00, 0x00, 0x08, 0x00, 0x00,
        0x00, 0x04, 0x01, 0x00, 0x00, 0x02, 0x11, 0x00, 0x00, 0x03, 0x11, 0x00, 0xC0, 0x20, 0x11, 0x00,
        0x70, 0x20, 0x11, 0x00, 0x70, 0x20, 0x11, 0x00, 0xD0, 0x20, 0x11, 0x00, 0x40, 0x27, 0x51, 0x00,
        0x40, 0x26, 0xD1, 0x01, 0x40, 0x20, 0x91, 0x03, 0x40, 0x20, 0x11, 0x00, 0x60, 0x20, 0x11, 0x00,
        0x40, 0xF8, 0x11, 0x00, 0x00, 0x29, 0x11, 0x04, 0xC0, 0x20, 0x11, 0x04, 0x70, 0x20, 0x11, 0x08,
        0x78, 0x20, 0x11, 0x1C, 0x50, 0x20, 0xFD, 0x0F, 0xC0, 0x23, 0x15, 0x00, 0x40, 0x27, 0x11, 0x00,
        0x40, 0x30, 0x11, 0x00, 0x40, 0x20, 0x11, 0x00, 0x60, 0x80, 0x19, 0x00, 0x40, 0x00, 0x11, 0x00,
        0x00, 0x00, 0x00, 0x00, 0x00, 0x00, 0x00, 0x00, 0x00, 0x00, 0x00, 0x00, 0x00, 0x00, 0x00, 0x00,
    /* '?' */
    0xB5,0xCD,
        0x00, 0x00, 0x00, 0x00, 0x00, 0x00, 0x00, 0x00, 0x00, 0x00, 0x00, 0x00, 0x00, 0x00, 0x01, 0x00,
        0x00, 0xC0, 0x00, 0x00, 0x00, 0x30, 0x00, 0x00, 0x00, 0x1C, 0x00, 0x00, 0x00, 0xFF, 0xFF, 0x1F,
        0xC0, 0xFD, 0xFF, 0x0F, 0x78, 0x00, 0x00, 0x00, 0x30, 0x00, 0x00, 0x00, 0x00, 0x00, 0x00, 0x00,
        0x80, 0xFF, 0xFF, 0x03, 0x80, 0xFF, 0xFF, 0x07, 0x80, 0x40, 0x00, 0x03, 0x80, 0x40, 0x80, 0x01,
        0x80, 0x40, 0x80, 0x00, 0x80, 0x40, 0x40, 0x02, 0x00, 0x40, 0x40, 0x0C, 0xC0, 0xFF, 0x01, 0x1C,
        0x40, 0xF0, 0x1F, 0x00, 0x40, 0x40, 0x78, 0x00, 0x60, 0x40, 0xE0, 0x00, 0x30, 0x40, 0x80, 0x03,
        0x20, 0x40, 0x00, 0x03, 0x00, 0x60, 0x00, 0x06, 0x00, 0x40, 0x00, 0x06, 0x00, 0x00, 0xE0, 0x0F,
        0x00, 0x00, 0x00, 0x00, 0x00, 0x00, 0x00, 0x00, 0x00, 0x00, 0x00, 0x00, 0x00, 0x00, 0x00, 0x00,
    /* '?' */
    0xB6,0xAF,
        0x00, 0x00, 0x00, 0x00, 0x00, 0x00, 0x00, 0x00, 0x00, 0x00, 0x00, 0x00, 0x00, 0x10, 0x00, 0x00,
        0x40, 0x10, 0xE0, 0x00, 0x40, 0x10, 0xD0, 0x00, 0x40, 0x10, 0x4C, 0x00, 0x40, 0x10, 0x47, 0x00,
        0x40, 0xD0, 0x61, 0x00, 0x40, 0xF0, 0x20, 0x00, 0x40, 0x50, 0x20, 0x00, 0x40, 0x10, 0x20, 0x10,
        0x40, 0x10, 0x26, 0x10, 0x60, 0x10, 0x1C, 0x08, 0x40, 0x18, 0x78, 0x04, 0x00, 0x10, 0x60, 0x02,
        0x00, 0x04, 0x00, 0x01, 0x00, 0x04, 0xC0, 0x00, 0x00, 0x04, 0x70, 0x00, 0x00, 0xC4, 0x1F, 0x00,
        0xF8, 0xFF, 0x01, 0x04, 0x10, 0x04, 0x00, 0x04, 0x00, 0x04, 0x00, 0x0C, 0x00, 0x04, 0x00, 0x1C,
        0x00, 0x04, 0x00, 0x0C, 0x00, 0x04, 0xFC, 0x07, 0x00, 0xFE, 0xFF, 0x01, 0x00, 0x04, 0x00, 0x00,
        0x00, 0x00, 0x00, 0x00, 0x00, 0x00, 0x00, 0x00, 0x00, 0x00, 0x00, 0x00, 0x00, 0x00, 0x00, 0x00,
    /* '?' */
    0xB6,0xCE,
        0x00, 0x00, 0x00, 0x00, 0x00, 0x00, 0x00, 0x00, 0x00, 0x00, 0x00, 0x00, 0x00, 0x00, 0x40, 0x00,
        0x00, 0x00, 0xC0, 0x00, 0x00, 0x00, 0x40, 0x00, 0xE0, 0xFF, 0xFF, 0x1F, 0xE0, 0xFF, 0xFF, 0x0F,
        0x20, 0x84, 0x20, 0x00, 0x20, 0x84, 0x20, 0x00, 0x20, 0x84, 0x20, 0x10, 0x10, 0x84, 0x10, 0x10,
        0x10, 0xC6, 0x10, 0x08, 0x18, 0x84, 0x10, 0x08, 0x10, 0x40, 0x08, 0x0C, 0x00, 0xA0, 0x08, 0x04,
        0x00, 0x9C, 0x00, 0x06, 0xE0, 0x8F, 0x07, 0x02, 0x20, 0x80, 0x18, 0x01, 0x20, 0x80, 0xE0, 0x01,
        0x20, 0x80, 0xC0, 0x00, 0x20, 0x80, 0xF0, 0x01, 0xE0, 0x8F, 0x3C, 0x03, 0xE0, 0x9F, 0x0F, 0x06,
        0x00, 0x90, 0x01, 0x0C, 0x00, 0x90, 0x00, 0x0C, 0x00, 0x18, 0x00, 0x1C, 0x00, 0x10, 0x00, 0x08,
        0x00, 0x00, 0x00, 0x00, 0x00, 0x00, 0x00, 0x00, 0x00, 0x00, 0x00, 0x00, 0x00, 0x00, 0x00, 0x00,
    /* '?' */
    0xB6,0xCF,
        0x00, 0x00, 0x00, 0x00, 0x00, 0x00, 0x00, 0x00, 0x00, 0x00, 0x00, 0x00, 0x00, 0x00, 0x00, 0x00,
        0x00, 0x00, 0x00, 0x01, 0xF0, 0xFF, 0xFF, 0x03, 0x20, 0x00, 0x00, 0x01, 0x00, 0x10, 0x30, 0x01,
        0x80, 0x11, 0x08, 0x01, 0x00, 0x17, 0x06, 0x01, 0x00, 0xD0, 0x01, 0x01, 0xF8, 0xFF, 0xFF, 0x01,
        0xF0, 0xFF, 0x7F, 0x01, 0x00, 0x90, 0x00, 0x11, 0x00, 0x97, 0x81, 0x09, 0xC0, 0x11, 0x07, 0x0D,
        0x80, 0x10, 0x0E, 0x02, 0x00, 0x00, 0x80, 0x01, 0xE0, 0xFF, 0x7F, 0x00, 0xC0, 0xFF, 0x0F, 0x00,
        0x20, 0x10, 0x00, 0x00, 0x20, 0x10, 0x00, 0x00, 0x20, 0x10, 0x00, 0x00, 0x20, 0x10, 0x00, 0x00,
        0x30, 0xF0, 0xFF, 0x0F, 0x10, 0x10, 0x00, 0x00, 0x10, 0x18, 0x00, 0x00, 0x00, 0x10, 0x00, 0x00,
        0x00, 0x00, 0x00, 0x00, 0x00, 0x00, 0x00, 0x00, 0x00, 0x00, 0x00, 0x00, 0x00, 0x00, 0x00, 0x00,
    /* '?' */
    0xB6,0xE0,
        0x00, 0x00, 0x00, 0x00, 0x00, 0x00, 0x00, 0x00, 0x00, 0x00, 0x00, 0x00, 0x00, 0x00, 0x00, 0x00,
        0x00, 0x00, 0x00, 0x00, 0x00, 0x00, 0x01, 0x10, 0x00, 0x04, 0x41, 0x10, 0x00, 0x84, 0x20, 0x10,
        0x00, 0x82, 0x20, 0x10, 0x00, 0x82, 0x10, 0x08, 0x00, 0x81, 0x10, 0x08, 0x80, 0x41, 0x08, 0x08,
        0xC0, 0x40, 0x0C, 0x08, 0x40, 0x43, 0x1C, 0x04, 0x60, 0x2E, 0xF6, 0x04, 0x78, 0x24, 0xE3, 0x06,
        0x50, 0xD0, 0x03, 0x02, 0x50, 0xD0, 0x02, 0x03, 0x40, 0x88, 0x02, 0x01, 0x40, 0x0C, 0x82, 0x00,
        0x40, 0x06, 0xC2, 0x00, 0x40, 0x03, 0x62, 0x00, 0x40, 0x03, 0x32, 0x00, 0xC0, 0x01, 0x1A, 0x00,
        0xE0, 0x00, 0x0E, 0x00, 0x40, 0x00, 0x07, 0x00, 0x00, 0x00, 0x06, 0x00, 0x00, 0x00, 0x00, 0x00,
        0x00, 0x00, 0x00, 0x00, 0x00, 0x00, 0x00, 0x00, 0x00, 0x00, 0x00, 0x00, 0x00, 0x00, 0x00, 0x00,
    /* '?' */
    0xB7,0xA8,
        0x00, 0x00, 0x00, 0x00, 0x00, 0x00, 0x00, 0x00, 0x00, 0x00, 0x00, 0x00, 0x00, 0x04, 0x10, 0x00,
        0x00, 0x08, 0x10, 0x00, 0x00, 0x38, 0x30, 0x06, 0x10, 0x70, 0xF0, 0x07, 0x60, 0x00, 0x3C, 0x04,
        0xE0, 0x01, 0x07, 0x00, 0x80, 0xE0, 0x00, 0x00, 0x00, 0x18, 0x00, 0x00, 0x00, 0x86, 0x00, 0x02,
        0x00, 0x80, 0x00, 0x0E, 0x00, 0x82, 0x00, 0x07, 0x00, 0x82, 0x80, 0x06, 0x00, 0x82, 0x60, 0x06,
        0x00, 0x82, 0x30, 0x06, 0x00, 0x82, 0x1C, 0x02, 0x00, 0x82, 0x07, 0x02, 0xF8, 0xFF, 0x02, 0x02,
        0x10, 0x82, 0x00, 0x02, 0x00, 0x82, 0x00, 0x02, 0x00, 0x82, 0x20, 0x02, 0x00, 0x82, 0x60, 0x02,
        0x00, 0x82, 0xC0, 0x02, 0x00, 0x83, 0x80, 0x03, 0x00, 0x82, 0x00, 0x0F, 0x00, 0xC0, 0x00, 0x06,
        0x00, 0x80, 0x00, 0x00, 0x00, 0x00, 0x00, 0x00, 0x00, 0x00, 0x00, 0x00, 0x00, 0x00, 0x00, 0x00,
    /* '?' */
    0xB7,0xBD,
        0x00, 0x00, 0x00, 0x00, 0x00, 0x00, 0x00, 0x00, 0x00, 0x00, 0x00, 0x00, 0x00, 0x01, 0x00, 0x00,
        0x00, 0x01, 0x00, 0x10, 0x00, 0x01, 0x00, 0x08, 0x00, 0x01, 0x00, 0x08, 0x00, 0x01, 0x00, 0x04,
        0x00, 0x01, 0x00, 0x02, 0x00, 0x01, 0x80, 0x01, 0x00, 0x01, 0xC0, 0x00, 0x00, 0x01, 0x70, 0x00,
        0x00, 0x01, 0x1C, 0x00, 0x00, 0xE1, 0x07, 0x00, 0x18, 0xFF, 0x00, 0x00, 0x30, 0x41, 0x00, 0x02,
        0xF0, 0x41, 0x00, 0x04, 0x00, 0x41, 0x00, 0x0C, 0x00, 0x41, 0x00, 0x1C, 0x00, 0x41, 0x00, 0x1C,
        0x00, 0x41, 0x00, 0x0E, 0x00, 0x41, 0xF0, 0x07, 0x00, 0xC1, 0xFF, 0x00, 0x00, 0xC1, 0x01, 0x00,
        0x00, 0x01, 0x00, 0x00, 0x00, 0x01, 0x00, 0x00, 0x80, 0x01, 0x00, 0x00, 0x00, 0x01, 0x00, 0x00,
        0x00, 0x00, 0x00, 0x00, 0x00, 0x00, 0x00, 0x00, 0x00, 0x00, 0x00, 0x00, 0x00, 0x00, 0x00, 0x00,
    /* '?' */
    0xB7,0xD6,
        0x00, 0x00, 0x00, 0x00, 0x00, 0x00, 0x00, 0x00, 0x00, 0x00, 0x00, 0x00, 0x00, 0x00, 0x00, 0x00,
        0x00, 0x00, 0x01, 0x00, 0x00, 0x80, 0x00, 0x10, 0x00, 0x40, 0x00, 0x08, 0x00, 0x20, 0x00, 0x08,
        0x00, 0x58, 0x00, 0x04, 0x00, 0x4C, 0x00, 0x02, 0x00, 0x47, 0x00, 0x01, 0xC0, 0x41, 0xC0, 0x00,
        0xF0, 0x40, 0x78, 0x00, 0x30, 0xC0, 0x1F, 0x00, 0x00, 0xC0, 0x03, 0x00, 0x00, 0x40, 0x00, 0x00,
        0x00, 0x40, 0x00, 0x04, 0x00, 0x40, 0x00, 0x0C, 0x38, 0x40, 0x00, 0x1C, 0xC0, 0x40, 0x00, 0x0C,
        0x00, 0x43, 0xFC, 0x07, 0x00, 0xEC, 0xFF, 0x01, 0x00, 0x58, 0x00, 0x00, 0x00, 0x30, 0x00, 0x00,
        0x00, 0x70, 0x00, 0x00, 0x00, 0x60, 0x00, 0x00, 0x00, 0xE0, 0x00, 0x00, 0x00, 0x40, 0x00, 0x00,
        0x00, 0x40, 0x00, 0x00, 0x00, 0x00, 0x00, 0x00, 0x00, 0x00, 0x00, 0x00, 0x00, 0x00, 0x00, 0x00,
    /* '?' */
    0xB8,0xDF,
        0x00, 0x00, 0x00, 0x00, 0x00, 0x00, 0x00, 0x00, 0x00, 0x00, 0x00, 0x00, 0x00, 0x00, 0x00, 0x00,
        0x80, 0x00, 0x00, 0x00, 0x80, 0x00, 0x00, 0x00, 0x80, 0x00, 0xFF, 0x0F, 0x80, 0x00, 0x01, 0x00,
        0x80, 0x00, 0x01, 0x00, 0x80, 0x43, 0x01, 0x00, 0x80, 0x7E, 0x01, 0x00, 0x80, 0x22, 0xF9, 0x01,
        0x80, 0x22, 0xF9, 0x01, 0x80, 0x22, 0x89, 0x00, 0x98, 0x22, 0x89, 0x00, 0xB0, 0x22, 0x89, 0x00,
        0xA0, 0x22, 0x89, 0x00, 0x80, 0x22, 0x89, 0x00, 0x80, 0x22, 0x89, 0x00, 0x80, 0x22, 0xF9, 0x01,
        0x80, 0x22, 0xC9, 0x01, 0x80, 0x7F, 0x01, 0x04, 0x80, 0x00, 0x01, 0x04, 0x80, 0x00, 0x01, 0x08,
        0x80, 0x00, 0x01, 0x1C, 0x80, 0x80, 0xFF, 0x0F, 0xC0, 0x00, 0x01, 0x00, 0x80, 0x00, 0x00, 0x00,
        0x00, 0x00, 0x00, 0x00, 0x00, 0x00, 0x00, 0x00, 0x00, 0x00, 0x00, 0x00, 0x00, 0x00, 0x00, 0x00,
    /* '?' */
    0xB9,0xDC,
        0x00, 0x00, 0x00, 0x00, 0x00, 0x00, 0x00, 0x00, 0x00, 0x00, 0x00, 0x00, 0x00, 0x00, 0x00, 0x00,
        0x00, 0xC4, 0x00, 0x00, 0x00, 0xE2, 0x00, 0x00, 0x80, 0x11, 0x00, 0x00, 0xE0, 0x10, 0x00, 0x00,
        0x78, 0x10, 0x00, 0x00, 0x50, 0x90, 0xFF, 0x1F, 0xC0, 0x91, 0xFF, 0x1F, 0x40, 0x93, 0x44, 0x04,
        0x40, 0x90, 0x44, 0x04, 0x40, 0x90, 0x44, 0x04, 0x60, 0x92, 0x44, 0x04, 0x40, 0x9C, 0x44, 0x04,
        0x00, 0x9D, 0x44, 0x04, 0x80, 0x90, 0x44, 0x04, 0x60, 0x90, 0x44, 0x04, 0x78, 0x90, 0x44, 0x04,
        0x50, 0x90, 0x4F, 0x04, 0xC0, 0xD0, 0xCF, 0x1F, 0x40, 0x97, 0xE0, 0x0F, 0x40, 0x12, 0x40, 0x00,
        0x40, 0x90, 0x00, 0x00, 0x40, 0x70, 0x00, 0x00, 0x60, 0x38, 0x00, 0x00, 0x00, 0x30, 0x00, 0x00,
        0x00, 0x00, 0x00, 0x00, 0x00, 0x00, 0x00, 0x00, 0x00, 0x00, 0x00, 0x00, 0x00, 0x00, 0x00, 0x00,
    /* '?' */
    0xBA,0xC5,
        0x00, 0x00, 0x00, 0x00, 0x00, 0x00, 0x00, 0x00, 0x00, 0x00, 0x00, 0x00, 0x00, 0x00, 0x00, 0x00,
        0x00, 0x40, 0x00, 0x00, 0x00, 0x40, 0x00, 0x00, 0x00, 0x40, 0x00, 0x00, 0x00, 0x40, 0x00, 0x00,
        0x00, 0x40, 0x00, 0x00, 0xF0, 0x4F, 0x00, 0x00, 0xF0, 0x4F, 0x04, 0x00, 0x10, 0x44, 0x07, 0x00,
        0x10, 0xC4, 0x07, 0x00, 0x10, 0x44, 0x04, 0x00, 0x10, 0x44, 0x04, 0x00, 0x10, 0x44, 0x04, 0x02,
        0x10, 0x44, 0x04, 0x04, 0x10, 0x44, 0x04, 0x0C, 0x10, 0x44, 0x04, 0x1C, 0x10, 0x44, 0x04, 0x0C,
        0x10, 0x44, 0x04, 0x0C, 0xF0, 0x4F, 0xC4, 0x07, 0xF8, 0x4F, 0xFC, 0x01, 0x10, 0x40, 0x1C, 0x00,
        0x00, 0x40, 0x00, 0x00, 0x00, 0x40, 0x00, 0x00, 0x00, 0x60, 0x00, 0x00, 0x00, 0x40, 0x00, 0x00,
        0x00, 0x00, 0x00, 0x00, 0x00, 0x00, 0x00, 0x00, 0x00, 0x00, 0x00, 0x00, 0x00, 0x00, 0x00, 0x00,
    /* '?' */
    0xBA,0xCF,
        0x00, 0x00, 0x00, 0x00, 0x00, 0x00, 0x00, 0x00, 0x00, 0x00, 0x00, 0x00, 0x00, 0x00, 0x00, 0x00,
        0x00, 0x80, 0x00, 0x00, 0x00, 0x40, 0x00, 0x00, 0x00, 0x40, 0x00, 0x00, 0x00, 0x20, 0x00, 0x00,
        0x00, 0x30, 0x00, 0x00, 0x00, 0x58, 0xFC, 0x0F, 0x00, 0x48, 0xFC, 0x07, 0x00, 0x46, 0x04, 0x02,
        0x00, 0x43, 0x04, 0x02, 0x80, 0x41, 0x04, 0x02, 0xE0, 0x40, 0x04, 0x02, 0x78, 0x40, 0x04, 0x02,
        0x30, 0x40, 0x04, 0x02, 0xD0, 0x40, 0x04, 0x02, 0x00, 0x41, 0x04, 0x02, 0x00, 0x42, 0x04, 0x02,
        0x00, 0x64, 0x04, 0x02, 0x00, 0x6C, 0xFC, 0x0F, 0x00, 0x58, 0xFC, 0x07, 0x00, 0x30, 0x00, 0x00,
        0x00, 0x30, 0x00, 0x00, 0x00, 0x70, 0x00, 0x00, 0x00, 0x60, 0x00, 0x00, 0x00, 0x20, 0x00, 0x00,
        0x00, 0x20, 0x00, 0x00, 0x00, 0x00, 0x00, 0x00, 0x00, 0x00, 0x00, 0x00, 0x00, 0x00, 0x00, 0x00,
    /* '?' */
    0xBB,0xEC,
        0x00, 0x00, 0x00, 0x00, 0x00, 0x00, 0x00, 0x00, 0x00, 0x00, 0x00, 0x00, 0x00, 0x02, 0x00, 0x00,
        0x00, 0x04, 0x10, 0x00, 0x00, 0x0C, 0x10, 0x00, 0x10, 0x38, 0xB0, 0x07, 0x30, 0x00, 0xF8, 0x07,
        0xE0, 0x00, 0x0E, 0x00, 0xC0, 0xC1, 0x01, 0x00, 0x00, 0x38, 0x00, 0x00, 0x00, 0x06, 0x00, 0x00,
        0x80, 0x01, 0x00, 0x00, 0x30, 0x40, 0xFF, 0x07, 0xE0, 0x7F, 0x09, 0x02, 0x20, 0x22, 0x08, 0x01,
        0x20, 0x22, 0x08, 0x01, 0x20, 0x22, 0x0C, 0x01, 0x20, 0x22, 0x88, 0x00, 0x20, 0x22, 0x00, 0x00,
        0x20, 0xA2, 0xFF, 0x07, 0x20, 0xA2, 0x10, 0x06, 0x20, 0x22, 0x08, 0x04, 0x20, 0x22, 0x0C, 0x04,
        0xE0, 0x7F, 0x04, 0x04, 0xF0, 0x3F, 0x07, 0x04, 0x20, 0x00, 0x02, 0x06, 0x00, 0x00, 0xE0, 0x07,
        0x00, 0x00, 0x00, 0x02, 0x00, 0x00, 0x00, 0x00, 0x00, 0x00, 0x00, 0x00, 0x00, 0x00, 0x00, 0x00,
    /* '?' */
    0xBB,0xEE,
        0x00, 0x00, 0x00, 0x00, 0x00, 0x00, 0x00, 0x00, 0x00, 0x00, 0x00, 0x00, 0x00, 0x00, 0x00, 0x00,
        0x00, 0x04, 0x10, 0x00, 0x00, 0x18, 0x10, 0x00, 0x08, 0x78, 0xF0, 0x07, 0x10, 0x30, 0xFC, 0x07,
        0x70, 0x80, 0x07, 0x00, 0x60, 0x70, 0x00, 0x00, 0x00, 0x0C, 0x00, 0x00, 0x00, 0x08, 0x00, 0x00,
        0x40, 0x08, 0x00, 0x00, 0x40, 0x08, 0xFE, 0x0F, 0x40, 0x08, 0x02, 0x01, 0x20, 0x08, 0x02, 0x01,
        0x20, 0x08, 0x02, 0x01, 0x20, 0x08, 0x02, 0x01, 0x20, 0x08, 0x02, 0x01, 0xE0, 0xFF, 0x03, 0x01,
        0x20, 0x08, 0x02, 0x01, 0x30, 0x08, 0x02, 0x01, 0x30, 0x08, 0x02, 0x01, 0x10, 0x08, 0x02, 0x01,
        0x18, 0x08, 0xFE, 0x0F, 0x10, 0x08, 0x06, 0x00, 0x00, 0x08, 0x00, 0x00, 0x00, 0x0C, 0x00, 0x00,
        0x00, 0x00, 0x00, 0x00, 0x00, 0x00, 0x00, 0x00, 0x00, 0x00, 0x00, 0x00, 0x00, 0x00, 0x00, 0x00,
    /* '?' */
    0xBB,0xF9,
        0x00, 0x00, 0x00, 0x00, 0x00, 0x00, 0x00, 0x00, 0x00, 0x00, 0x00, 0x00, 0x00, 0x00, 0x81, 0x00,
        0x00, 0x00, 0x81, 0x00, 0x40, 0x00, 0x41, 0x08, 0x40, 0x00, 0x41, 0x08, 0x40, 0x00, 0x21, 0x08,
        0x40, 0x00, 0x31, 0x08, 0x40, 0x00, 0x59, 0x08, 0xF8, 0xFF, 0x4D, 0x08, 0xF0, 0xFF, 0x47, 0x08,
        0x40, 0x24, 0x43, 0x08, 0x40, 0x24, 0x41, 0x08, 0x40, 0x24, 0x41, 0x08, 0x40, 0x24, 0xFD, 0x0F,
        0x40, 0x24, 0x45, 0x08, 0x40, 0x24, 0x41, 0x08, 0x40, 0x24, 0x41, 0x08, 0x40, 0x24, 0x43, 0x08,
        0xF8, 0xFF, 0x65, 0x08, 0x50, 0x00, 0x49, 0x08, 0x40, 0x00, 0x11, 0x08, 0x40, 0x00, 0x31, 0x08,
        0x40, 0x00, 0x31, 0x0C, 0x60, 0x80, 0x61, 0x0C, 0x40, 0x80, 0x61, 0x08, 0x00, 0x00, 0x21, 0x00,
        0x00, 0x00, 0x20, 0x00, 0x00, 0x00, 0x00, 0x00, 0x00, 0x00, 0x00, 0x00, 0x00, 0x00, 0x00, 0x00,
    /* '?' */
    0xBC,0xC4,
        0x00, 0x00, 0x00, 0x00, 0x00, 0x00, 0x00, 0x00, 0x00, 0x00, 0x00, 0x00, 0x00, 0x00, 0x00, 0x00,
        0x00, 0x00, 0x01, 0x00, 0x00, 0x06, 0x01, 0x00, 0x80, 0x07, 0x01, 0x00, 0x80, 0x08, 0x01, 0x00,
        0x80, 0x08, 0xF9, 0x03, 0x80, 0x88, 0x89, 0x00, 0x80, 0x88, 0x89, 0x00, 0x80, 0x48, 0x89, 0x00,
        0x80, 0x68, 0x89, 0x00, 0x80, 0x38, 0x89, 0x00, 0x88, 0x1C, 0x89, 0x00, 0xB0, 0x0E, 0xF9, 0x03,
        0x80, 0x0A, 0xF9, 0x01, 0x80, 0x28, 0x01, 0x04, 0x80, 0x28, 0x01, 0x04, 0x80, 0x68, 0x01, 0x0C,
        0x80, 0xC8, 0x01, 0x1C, 0x80, 0xC8, 0xFF, 0x1F, 0x80, 0x0C, 0xFF, 0x0F, 0x80, 0x08, 0x01, 0x00,
        0x80, 0x03, 0x01, 0x00, 0xC0, 0x81, 0x01, 0x00, 0x80, 0x80, 0x01, 0x00, 0x00, 0x00, 0x01, 0x00,
        0x00, 0x00, 0x00, 0x00, 0x00, 0x00, 0x00, 0x00, 0x00, 0x00, 0x00, 0x00, 0x00, 0x00, 0x00, 0x00,
    /* '?' */
    0xBC,0xC6,
        0x00, 0x00, 0x00, 0x00, 0x00, 0x00, 0x00, 0x00, 0x00, 0x00, 0x00, 0x00, 0x00, 0x10, 0x00, 0x00,
        0x00, 0x10, 0x00, 0x00, 0x00, 0x10, 0x00, 0x00, 0x08, 0x10, 0x00, 0x00, 0x10, 0x10, 0x00, 0x00,
        0x30, 0xF8, 0xFF, 0x03, 0xE0, 0x10, 0x80, 0x03, 0x40, 0x00, 0xC0, 0x00, 0x00, 0x00, 0x40, 0x00,
        0x00, 0x10, 0x20, 0x00, 0x00, 0x10, 0x10, 0x00, 0x00, 0x10, 0x00, 0x00, 0x00, 0x10, 0x00, 0x00,
        0x00, 0x10, 0x00, 0x00, 0x00, 0x10, 0x00, 0x00, 0x00, 0x10, 0x00, 0x00, 0xF8, 0xFF, 0xFF, 0x0F,
        0x10, 0x10, 0x00, 0x06, 0x00, 0x10, 0x00, 0x00, 0x00, 0x10, 0x00, 0x00, 0x00, 0x10, 0x00, 0x00,
        0x00, 0x10, 0x00, 0x00, 0x00, 0x10, 0x00, 0x00, 0x00, 0x18, 0x00, 0x00, 0x00, 0x10, 0x00, 0x00,
        0x00, 0x00, 0x00, 0x00, 0x00, 0x00, 0x00, 0x00, 0x00, 0x00, 0x00, 0x00, 0x00, 0x00, 0x00, 0x00,
    /* '?' */
    0xBC,0xC7,
        0x00, 0x00, 0x00, 0x00, 0x00, 0x00, 0x00, 0x00, 0x00, 0x00, 0x00, 0x00, 0x00, 0x10, 0x00, 0x00,
        0x00, 0x10, 0x00, 0x00, 0x00, 0x10, 0x00, 0x00, 0x00, 0x10, 0x00, 0x00, 0x30, 0x10, 0x00, 0x00,
        0x60, 0xF0, 0xFF, 0x07, 0xC0, 0x31, 0x00, 0x03, 0x80, 0x00, 0x80, 0x01, 0x00, 0x00, 0x40, 0x00,
        0x00, 0x00, 0x20, 0x00, 0x00, 0x00, 0x10, 0x00, 0x40, 0x00, 0x00, 0x00, 0x40, 0xC0, 0xFF, 0x03,
        0x40, 0x40, 0x00, 0x06, 0x40, 0x40, 0x00, 0x04, 0x40, 0x40, 0x00, 0x04, 0x40, 0x40, 0x00, 0x04,
        0x40, 0x40, 0x00, 0x04, 0x40, 0x40, 0x00, 0x04, 0x40, 0x40, 0x00, 0x04, 0x40, 0x40, 0x00, 0x04,
        0xC0, 0xFF, 0x00, 0x04, 0xC0, 0xFF, 0x00, 0x04, 0x00, 0x00, 0xF0, 0x07, 0x00, 0x00, 0x00, 0x07,
        0x00, 0x00, 0x00, 0x02, 0x00, 0x00, 0x00, 0x00, 0x00, 0x00, 0x00, 0x00, 0x00, 0x00, 0x00, 0x00,
    /* '?' */
    0xBC,0xD3,
        0x00, 0x00, 0x00, 0x00, 0x00, 0x00, 0x00, 0x00, 0x00, 0x00, 0x00, 0x00, 0x00, 0x00, 0x00, 0x08,
        0x00, 0x02, 0x00, 0x04, 0x00, 0x02, 0x00, 0x03, 0x00, 0x02, 0xC0, 0x01, 0x00, 0x02, 0x70, 0x00,
        0x18, 0xF2, 0x1F, 0x01, 0xF8, 0xFF, 0x03, 0x01, 0x10, 0x02, 0x00, 0x02, 0x00, 0x02, 0x00, 0x06,
        0x00, 0x02, 0x00, 0x06, 0x00, 0x02, 0xC0, 0x03, 0x00, 0xFE, 0xFF, 0x01, 0x00, 0x0E, 0x00, 0x00,
        0x00, 0x00, 0x00, 0x00, 0x00, 0x00, 0x00, 0x00, 0x80, 0xFF, 0xFF, 0x0F, 0x00, 0xFF, 0xFF, 0x07,
        0x00, 0x01, 0x80, 0x00, 0x00, 0x01, 0x80, 0x00, 0x00, 0x01, 0x80, 0x00, 0x00, 0x01, 0x80, 0x00,
        0x00, 0x01, 0x80, 0x00, 0x00, 0x01, 0x80, 0x00, 0x80, 0xFF, 0xFF, 0x07, 0x00, 0x01, 0x00, 0x00,
        0x00, 0x00, 0x00, 0x00, 0x00, 0x00, 0x00, 0x00, 0x00, 0x00, 0x00, 0x00, 0x00, 0x00, 0x00, 0x00,
    /* '?' */
    0xBC,0xE4,
        0x00, 0x00, 0x00, 0x00, 0x00, 0x00, 0x00, 0x00, 0x00, 0x00, 0x00, 0x00, 0x00, 0x00, 0x00, 0x00,
        0x00, 0x00, 0x00, 0x00, 0xC0, 0xFF, 0xFF, 0x0F, 0x80, 0xFF, 0xFF, 0x07, 0x88, 0x00, 0x00, 0x00,
        0x10, 0x00, 0x00, 0x00, 0xF0, 0x00, 0x00, 0x00, 0xE0, 0x00, 0x00, 0x00, 0x00, 0xFE, 0x7E, 0x00,
        0x00, 0xFC, 0x3F, 0x00, 0x20, 0x84, 0x10, 0x00, 0x20, 0x84, 0x10, 0x00, 0x20, 0x84, 0x10, 0x00,
        0x20, 0x84, 0x10, 0x00, 0x20, 0x84, 0x10, 0x00, 0x20, 0x84, 0x10, 0x00, 0x20, 0xFE, 0x3F, 0x00,
        0x20, 0x04, 0x00, 0x00, 0x20, 0x00, 0x00, 0x02, 0x20, 0x00, 0x00, 0x02, 0x20, 0x00, 0x00, 0x06,
        0x20, 0x00, 0x00, 0x0E, 0xF0, 0xFF, 0xFF, 0x07, 0x20, 0x00, 0x00, 0x00, 0x00, 0x00, 0x00, 0x00,
        0x00, 0x00, 0x00, 0x00, 0x00, 0x00, 0x00, 0x00, 0x00, 0x00, 0x00, 0x00, 0x00, 0x00, 0x00, 0x00,
    /* '?' */
    0xBC,0xFC,
        0x00, 0x00, 0x00, 0x00, 0x00, 0x00, 0x00, 0x00, 0x00, 0x00, 0x00, 0x00, 0x00, 0x20, 0x02, 0x00,
        0x00, 0x18, 0x02, 0x00, 0x00, 0x16, 0x02, 0x00, 0xE0, 0x11, 0x02, 0x00, 0xB8, 0xF0, 0xFF, 0x07,
        0x90, 0x10, 0x02, 0x13, 0x80, 0x10, 0x02, 0x11, 0xC0, 0x10, 0x83, 0x08, 0x80, 0x00, 0x00, 0x04,
        0x40, 0x40, 0x0C, 0x02, 0x40, 0x78, 0x70, 0x01, 0x40, 0x4F, 0xC0, 0x00, 0xC0, 0x41, 0x7C, 0x01,
        0x40, 0xC4, 0x0F, 0x02, 0x00, 0x44, 0x12, 0x06, 0x40, 0x24, 0x12, 0x04, 0x40, 0x24, 0x12, 0x04,
        0x40, 0x24, 0x12, 0x0C, 0xF8, 0xFF, 0xFF, 0x0D, 0x50, 0x24, 0x12, 0x0C, 0x40, 0x24, 0x12, 0x0C,
        0x40, 0x24, 0x12, 0x0C, 0xC0, 0x7F, 0x12, 0x0C, 0x40, 0x04, 0x1A, 0x0C, 0x00, 0x06, 0x10, 0x04,
        0x00, 0x04, 0x00, 0x04, 0x00, 0x00, 0x00, 0x00, 0x00, 0x00, 0x00, 0x00, 0x00, 0x00, 0x00, 0x00,
    /* '?' */
    0xBC,0xFE,
        0x00, 0x00, 0x00, 0x00, 0x00, 0x00, 0x00, 0x00, 0x00, 0x00, 0x00, 0x00, 0x00, 0x00, 0x02, 0x00,
        0x00, 0x80, 0x01, 0x00, 0x00, 0x40, 0x00, 0x00, 0x00, 0x30, 0x00, 0x00, 0x00, 0x0C, 0x00, 0x00,
        0x80, 0xFF, 0xFF, 0x1F, 0xE0, 0x09, 0x00, 0x00, 0x78, 0x00, 0x00, 0x00, 0x10, 0x80, 0x02, 0x00,
        0x00, 0x60, 0x02, 0x00, 0x00, 0x3C, 0x02, 0x00, 0xC0, 0x07, 0x02, 0x00, 0xC0, 0x04, 0x02, 0x00,
        0x00, 0x04, 0x02, 0x00, 0x00, 0x04, 0x02, 0x00, 0x00, 0x04, 0x02, 0x00, 0xF8, 0xFF, 0xFF, 0x1F,
        0xF0, 0xFF, 0xFF, 0x0F, 0x10, 0x04, 0x02, 0x00, 0x00, 0x04, 0x02, 0x00, 0x00, 0x04, 0x02, 0x00,
        0x00, 0x04, 0x02, 0x00, 0x00, 0x06, 0x02, 0x00, 0x00, 0x04, 0x03, 0x00, 0x00, 0x00, 0x02, 0x00,
        0x00, 0x00, 0x00, 0x00, 0x00, 0x00, 0x00, 0x00, 0x00, 0x00, 0x00, 0x00, 0x00, 0x00, 0x00, 0x00,
    /* '?' */
    0xBD,0xD3,
        0x00, 0x00, 0x00, 0x00, 0x00, 0x00, 0x00, 0x00, 0x00, 0x00, 0x00, 0x00, 0x00, 0x02, 0x04, 0x00,
        0x00, 0x02, 0x0C, 0x04, 0x00, 0x02, 0x06, 0x04, 0x00, 0x02, 0x02, 0x0C, 0x00, 0x02, 0x03, 0x1C,
        0xF8, 0xFF, 0xFF, 0x0F, 0x10, 0x02, 0x01, 0x00, 0x00, 0x82, 0x04, 0x10, 0x00, 0x43, 0x04, 0x10,
        0x00, 0x22, 0x04, 0x10, 0x80, 0x20, 0x04, 0x10, 0x80, 0x20, 0x44, 0x08, 0x80, 0x21, 0x74, 0x08,
        0x80, 0x26, 0x5C, 0x0C, 0x88, 0x3C, 0x87, 0x04, 0x90, 0xE8, 0x85, 0x06, 0xF0, 0xA0, 0x84, 0x03,
        0xE0, 0x20, 0x84, 0x01, 0x80, 0x38, 0xE4, 0x01, 0x80, 0x2F, 0x3C, 0x03, 0x80, 0x22, 0x1C, 0x02,
        0x80, 0x20, 0x04, 0x06, 0xC0, 0x20, 0x04, 0x0C, 0x80, 0x30, 0x04, 0x1C, 0x00, 0x20, 0x06, 0x00,
        0x00, 0x00, 0x00, 0x00, 0x00, 0x00, 0x00, 0x00, 0x00, 0x00, 0x00, 0x00, 0x00, 0x00, 0x00, 0x00,
    /* '?' */
    0xBD,0xF8,
        0x00, 0x00, 0x00, 0x00, 0x00, 0x00, 0x00, 0x00, 0x00, 0x00, 0x00, 0x00, 0x00, 0x20, 0x00, 0x04,
        0x00, 0x20, 0x00, 0x0E, 0x00, 0x20, 0x00, 0x02, 0x10, 0x20, 0x00, 0x01, 0x60, 0xE0, 0xFF, 0x00,
        0xC0, 0xF1, 0xFF, 0x00, 0x80, 0x20, 0x00, 0x01, 0x00, 0x00, 0x01, 0x01, 0x00, 0x02, 0x01, 0x03,
        0x00, 0x02, 0x81, 0x06, 0x00, 0x02, 0xC1, 0x04, 0x00, 0x02, 0x61, 0x04, 0x38, 0x02, 0x1D, 0x0C,
        0xF0, 0xFF, 0x07, 0x0C, 0x10, 0x02, 0x01, 0x0C, 0x00, 0x02, 0x01, 0x0C, 0x00, 0x02, 0x01, 0x0C,
        0x00, 0x02, 0x01, 0x0C, 0xF8, 0xFF, 0xFF, 0x0F, 0xF0, 0xFF, 0xFF, 0x0D, 0x10, 0x02, 0x01, 0x0C,
        0x00, 0x02, 0x01, 0x0C, 0x00, 0x03, 0x01, 0x0C, 0x00, 0x82, 0x01, 0x0C, 0x00, 0x00, 0x01, 0x04,
        0x00, 0x00, 0x00, 0x00, 0x00, 0x00, 0x00, 0x00, 0x00, 0x00, 0x00, 0x00, 0x00, 0x00, 0x00, 0x00,
    /* '?' */
    0xBE,0xCD,
        0x00, 0x00, 0x00, 0x00, 0x00, 0x00, 0x00, 0x00, 0x00, 0x00, 0x00, 0x00, 0x00, 0x00, 0x00, 0x04,
        0x80, 0x00, 0x00, 0x03, 0x80, 0x00, 0xC0, 0x00, 0x80, 0xF8, 0x73, 0x00, 0x80, 0x08, 0x11, 0x04,
        0x80, 0x08, 0x11, 0x04, 0x88, 0x08, 0x01, 0x0C, 0xF0, 0x08, 0xFF, 0x0F, 0xA0, 0x08, 0x01, 0x00,
        0x80, 0x08, 0x01, 0x00, 0x80, 0xF8, 0x13, 0x10, 0x80, 0xF8, 0xE3, 0x08, 0xC0, 0x00, 0xC0, 0x04,
        0x80, 0x08, 0x00, 0x03, 0x00, 0x08, 0xC0, 0x01, 0x00, 0x08, 0x7C, 0x00, 0xF8, 0xFF, 0x0F, 0x00,
        0x10, 0x08, 0x00, 0x00, 0x00, 0x08, 0x00, 0x00, 0x00, 0xF8, 0xFF, 0x0F, 0x60, 0x08, 0x00, 0x0C,
        0xC0, 0x09, 0x00, 0x08, 0x80, 0x09, 0x00, 0x08, 0x00, 0x0C, 0x00, 0x0C, 0x00, 0x08, 0x80, 0x0F,
        0x00, 0x00, 0x00, 0x00, 0x00, 0x00, 0x00, 0x00, 0x00, 0x00, 0x00, 0x00, 0x00, 0x00, 0x00, 0x00,
    /* '?' */
    0xBE,0xD8,
        0x00, 0x00, 0x00, 0x00, 0x00, 0x00, 0x00, 0x00, 0x00, 0x00, 0x00, 0x00, 0x00, 0x48, 0x00, 0x08,
        0x00, 0x46, 0x00, 0x04, 0x80, 0x41, 0x00, 0x02, 0xF0, 0x40, 0x80, 0x01, 0xBC, 0x40, 0xE0, 0x00,
        0x88, 0xC0, 0x3F, 0x00, 0x80, 0xFF, 0x07, 0x00, 0x80, 0x40, 0x04, 0x00, 0x80, 0x40, 0x18, 0x00,
        0xC0, 0x40, 0x70, 0x00, 0x80, 0x60, 0xE0, 0x00, 0x00, 0x40, 0x00, 0x00, 0x00, 0x00, 0x00, 0x04,
        0xE0, 0xFF, 0xFF, 0x0F, 0x20, 0x08, 0x04, 0x04, 0x20, 0x08, 0x04, 0x04, 0x20, 0x08, 0x04, 0x04,
        0x20, 0x08, 0x04, 0x04, 0x20, 0x08, 0x04, 0x04, 0x20, 0x08, 0x04, 0x04, 0x20, 0x08, 0x04, 0x04,
        0x20, 0xF8, 0x0F, 0x04, 0x20, 0xF8, 0x0F, 0x04, 0x30, 0x00, 0x00, 0x06, 0x20, 0x00, 0x00, 0x04,
        0x00, 0x00, 0x00, 0x00, 0x00, 0x00, 0x00, 0x00, 0x00, 0x00, 0x00, 0x00, 0x00, 0x00, 0x00, 0x00,
    /* '?' */
    0xBE,0xDD,
        0x00, 0x00, 0x00, 0x00, 0x00, 0x00, 0x00, 0x00, 0x00, 0x00, 0x00, 0x00, 0x00, 0x02, 0x02, 0x00,
        0x00, 0x02, 0x0E, 0x02, 0x00, 0x02, 0x06, 0x02, 0x00, 0x02, 0x03, 0x06, 0x00, 0x02, 0x01, 0x0E,
        0xF8, 0xFF, 0xFF, 0x07, 0x10, 0x82, 0x00, 0x08, 0x00, 0x42, 0x00, 0x04, 0x00, 0x42, 0x00, 0x03,
        0x00, 0x22, 0xE0, 0x00, 0x00, 0x00, 0x3E, 0x00, 0xF0, 0xFF, 0x07, 0x00, 0x10, 0x42, 0x00, 0x00,
        0x10, 0x42, 0xF0, 0x1F, 0x10, 0x42, 0x10, 0x02, 0x10, 0x42, 0x10, 0x02, 0x10, 0x42, 0x10, 0x02,
        0x10, 0xFE, 0x1F, 0x02, 0x10, 0xFA, 0x1F, 0x02, 0x10, 0x42, 0x10, 0x02, 0x10, 0x42, 0x10, 0x02,
        0x10, 0x42, 0x10, 0x02, 0xF0, 0x47, 0xF8, 0x0F, 0x00, 0x60, 0x10, 0x00, 0x00, 0x40, 0x00, 0x00,
        0x00, 0x00, 0x00, 0x00, 0x00, 0x00, 0x00, 0x00, 0x00, 0x00, 0x00, 0x00, 0x00, 0x00, 0x00, 0x00,
    /* '?' */
    0xBF,0xAA,
        0x00, 0x00, 0x00, 0x00, 0x00, 0x00, 0x00, 0x00, 0x00, 0x00, 0x00, 0x00, 0x00, 0x20, 0x00, 0x00,
        0x00, 0x20, 0x00, 0x08, 0x10, 0x20, 0x00, 0x04, 0x10, 0x20, 0x00, 0x02, 0x10, 0x20, 0x00, 0x03,
        0x10, 0x20, 0x80, 0x01, 0x10, 0x20, 0xE0, 0x00, 0x10, 0x20, 0x38, 0x00, 0xF0, 0xFF, 0x0F, 0x00,
        0xF0, 0xFF, 0x01, 0x00, 0x10, 0x20, 0x00, 0x00, 0x10, 0x20, 0x00, 0x00, 0x10, 0x20, 0x00, 0x00,
        0x10, 0x20, 0x00, 0x00, 0x10, 0x20, 0x00, 0x00, 0x10, 0x20, 0x00, 0x00, 0xF0, 0xFF, 0xFF, 0x0F,
        0xF0, 0xFF, 0xFF, 0x07, 0x10, 0x20, 0x00, 0x00, 0x10, 0x20, 0x00, 0x00, 0x10, 0x20, 0x00, 0x00,
        0x18, 0x20, 0x00, 0x00, 0x18, 0x30, 0x00, 0x00, 0x10, 0x30, 0x00, 0x00, 0x00, 0x20, 0x00, 0x00,
        0x00, 0x00, 0x00, 0x00, 0x00, 0x00, 0x00, 0x00, 0x00, 0x00, 0x00, 0x00, 0x00, 0x00, 0x00, 0x00,
    /* '?' */
    0xBF,0xCE,
        0x00, 0x00, 0x00, 0x00, 0x00, 0x00, 0x00, 0x00, 0x00, 0x00, 0x00, 0x00, 0x00, 0x08, 0x00, 0x00,
        0x00, 0x08, 0x00, 0x00, 0x08, 0x08, 0x00, 0x00, 0x10, 0x08, 0x00, 0x00, 0x70, 0xFC, 0xFF, 0x01,
        0xE0, 0x08, 0xC0, 0x00, 0x00, 0x00, 0x60, 0x04, 0x00, 0x00, 0x21, 0x02, 0x00, 0x00, 0x11, 0x01,
        0x00, 0x00, 0x09, 0x01, 0xF0, 0x7F, 0x81, 0x00, 0xF0, 0x3F, 0x41, 0x00, 0x10, 0x11, 0x31, 0x00,
        0x10, 0x11, 0x19, 0x00, 0x10, 0x11, 0x0F, 0x00, 0x10, 0x11, 0x07, 0x00, 0xF0, 0xFF, 0xFF, 0x0F,
        0x10, 0x11, 0x03, 0x00, 0x10, 0x11, 0x0D, 0x00, 0x10, 0x11, 0x31, 0x00, 0x10, 0x11, 0x61, 0x00,
        0xF0, 0x3F, 0xC1, 0x00, 0xF8, 0x3F, 0x81, 0x01, 0x00, 0x80, 0x81, 0x03, 0x00, 0x00, 0x01, 0x01,
        0x00, 0x00, 0x00, 0x01, 0x00, 0x00, 0x00, 0x00, 0x00, 0x00, 0x00, 0x00, 0x00, 0x00, 0x00, 0x00,
    /* '?' */
    0xBF,0xD5,
        0x00, 0x00, 0x00, 0x00, 0x00, 0x00, 0x00, 0x00, 0x00, 0x00, 0x00, 0x00, 0x00, 0x00, 0x00, 0x00,
        0x00, 0x04, 0x00, 0x04, 0x00, 0x86, 0x00, 0x04, 0x80, 0x87, 0x00, 0x04, 0x80, 0x40, 0x00, 0x04,
        0x80, 0x20, 0x01, 0x04, 0x80, 0x30, 0x01, 0x04, 0x80, 0x18, 0x01, 0x04, 0x80, 0x0C, 0x01, 0x04,
        0x80, 0x0E, 0x01, 0x04, 0x80, 0x04, 0x01, 0x04, 0x88, 0x00, 0x01, 0x04, 0xB0, 0x00, 0xFF, 0x07,
        0xF0, 0x00, 0xFF, 0x07, 0x80, 0x00, 0x01, 0x04, 0x80, 0x00, 0x01, 0x04, 0x80, 0x04, 0x01, 0x04,
        0x80, 0x04, 0x01, 0x04, 0x80, 0x08, 0x01, 0x04, 0x80, 0x98, 0x01, 0x04, 0x80, 0x38, 0x01, 0x04,
        0x80, 0x74, 0x00, 0x04, 0x80, 0x63, 0x00, 0x06, 0xC0, 0x01, 0x00, 0x06, 0x80, 0x01, 0x00, 0x04,
        0x00, 0x00, 0x00, 0x00, 0x00, 0x00, 0x00, 0x00, 0x00, 0x00, 0x00, 0x00, 0x00, 0x00, 0x00, 0x00,
    /* '?' */
    0xBF,0xD8,
        0x00, 0x00, 0x00, 0x00, 0x00, 0x00, 0x00, 0x00, 0x00, 0x00, 0x00, 0x00, 0x00, 0x02, 0x04, 0x00,
        0x00, 0x02, 0x0E, 0x04, 0x00, 0x02, 0x06, 0x04, 0x00, 0x02, 0x02, 0x08, 0x00, 0x02, 0x03, 0x1C,
        0xF8, 0xFF, 0xFF, 0x0F, 0x10, 0x82, 0x01, 0x00, 0x00, 0x82, 0x00, 0x00, 0x00, 0x42, 0x00, 0x04,
        0x00, 0x40, 0x02, 0x04, 0x00, 0x0C, 0x01, 0x04, 0x80, 0x87, 0x04, 0x04, 0x00, 0x41, 0x04, 0x04,
        0x00, 0x61, 0x04, 0x04, 0x00, 0x39, 0x04, 0x04, 0x10, 0x19, 0x04, 0x04, 0x20, 0x01, 0xFC, 0x07,
        0xE0, 0x01, 0x04, 0x04, 0x00, 0x01, 0x04, 0x04, 0x00, 0x11, 0x04, 0x04, 0x00, 0x31, 0x04, 0x04,
        0x00, 0x61, 0x06, 0x04, 0x00, 0xC5, 0x05, 0x04, 0x00, 0xC3, 0x01, 0x06, 0x00, 0x01, 0x00, 0x04,
        0x00, 0x00, 0x00, 0x00, 0x00, 0x00, 0x00, 0x00, 0x00, 0x00, 0x00, 0x00, 0x00, 0x00, 0x00, 0x00,
    /* '?' */
    0xC0,0xB4,
        0x00, 0x00, 0x00, 0x00, 0x00, 0x00, 0x00, 0x00, 0x00, 0x00, 0x00, 0x00, 0x00, 0x80, 0x00, 0x08,
        0x00, 0x80, 0x00, 0x00, 0x00, 0x81, 0x00, 0x04, 0x00, 0x81, 0x00, 0x02, 0x00, 0x81, 0x00, 0x03,
        0x00, 0x85, 0x00, 0x01, 0x00, 0x8D, 0xC0, 0x00, 0x00, 0xB9, 0x60, 0x00, 0x00, 0xF1, 0x30, 0x00,
        0x00, 0x81, 0x1C, 0x00, 0x00, 0x81, 0x0E, 0x00, 0x00, 0x81, 0x07, 0x00, 0xF8, 0xFF, 0xFF, 0x1F,
        0xF0, 0xFF, 0xFF, 0x0F, 0x10, 0x81, 0x01, 0x00, 0x00, 0x81, 0x06, 0x00, 0x00, 0xC1, 0x18, 0x00,
        0x00, 0xA1, 0x30, 0x00, 0x00, 0x99, 0x60, 0x00, 0x00, 0x8F, 0xC0, 0x00, 0x00, 0x85, 0x80, 0x01,
        0x80, 0x81, 0x80, 0x03, 0x80, 0x81, 0x00, 0x03, 0x00, 0xC1, 0x00, 0x07, 0x00, 0x80, 0x00, 0x02,
        0x00, 0x00, 0x00, 0x02, 0x00, 0x00, 0x00, 0x00, 0x00, 0x00, 0x00, 0x00, 0x00, 0x00, 0x00, 0x00,
    /* '?' */
    0xC1,0xAC,
        0x00, 0x00, 0x00, 0x00, 0x00, 0x00, 0x00, 0x00, 0x00, 0x00, 0x00, 0x00, 0x00, 0x20, 0x00, 0x00,
        0x00, 0x20, 0x00, 0x06, 0x10, 0x20, 0x00, 0x03, 0x60, 0x20, 0x00, 0x01, 0xC0, 0x23, 0x80, 0x00,
        0x80, 0xF1, 0xFF, 0x00, 0x00, 0x20, 0x80, 0x00, 0x00, 0x00, 0x08, 0x01, 0x80, 0x00, 0x08, 0x02,
        0x80, 0x40, 0x08, 0x06, 0x80, 0xE0, 0x08, 0x04, 0x80, 0x78, 0x08, 0x04, 0x80, 0x4E, 0x08, 0x0C,
        0xC0, 0x43, 0x08, 0x0C, 0xF0, 0x40, 0x08, 0x0C, 0xB8, 0x40, 0x08, 0x0C, 0x90, 0xFC, 0xFF, 0x0D,
        0x80, 0x48, 0x08, 0x0C, 0x80, 0x40, 0x08, 0x0C, 0x80, 0x40, 0x08, 0x0C, 0x80, 0x40, 0x08, 0x0C,
        0x80, 0x60, 0x08, 0x0C, 0xC0, 0x40, 0x08, 0x0C, 0x80, 0x00, 0x0C, 0x0C, 0x00, 0x00, 0x08, 0x04,
        0x00, 0x00, 0x00, 0x00, 0x00, 0x00, 0x00, 0x00, 0x00, 0x00, 0x00, 0x00, 0x00, 0x00, 0x00, 0x00,
    /* '?' */
    0xC1,0xB4,
        0x00, 0x00, 0x00, 0x00, 0x00, 0x00, 0x00, 0x00, 0x00, 0x00, 0x00, 0x00, 0x00, 0x20, 0x02, 0x00,
        0x00, 0x18, 0x02, 0x00, 0x00, 0x1E, 0x02, 0x00, 0xE0, 0x13, 0x02, 0x00, 0xF0, 0xF1, 0xFF, 0x03,
        0x30, 0x11, 0x02, 0x03, 0x00, 0x11, 0x02, 0x01, 0x80, 0x19, 0x82, 0x04, 0x80, 0x51, 0x42, 0x0E,
        0x40, 0x40, 0x00, 0x06, 0x80, 0x41, 0x00, 0x03, 0x00, 0xE7, 0xFF, 0x01, 0x00, 0x40, 0x00, 0x02,
        0x80, 0x40, 0x08, 0x02, 0x80, 0xE0, 0x08, 0x04, 0x80, 0x7C, 0x08, 0x04, 0x80, 0x47, 0x08, 0x0C,
        0xF8, 0x40, 0x08, 0x0C, 0x90, 0xFC, 0xFF, 0x0F, 0x80, 0xF8, 0xFF, 0x0F, 0x80, 0x40, 0x08, 0x0C,
        0x80, 0x40, 0x08, 0x0C, 0x80, 0x40, 0x08, 0x0C, 0xC0, 0x40, 0x0C, 0x0C, 0x80, 0x00, 0x08, 0x04,
        0x00, 0x00, 0x00, 0x00, 0x00, 0x00, 0x00, 0x00, 0x00, 0x00, 0x00, 0x00, 0x00, 0x00, 0x00, 0x00,
    /* '?' */
    0xC1,0xF9,
        0x00, 0x00, 0x00, 0x00, 0x00, 0x00, 0x00, 0x00, 0x00, 0x00, 0x00, 0x00, 0x00, 0x08, 0x00, 0x08,
        0x00, 0x08, 0x00, 0x04, 0x00, 0x08, 0x00, 0x02, 0x00, 0x08, 0x00, 0x03, 0x00, 0x08, 0x80, 0x00,
        0x00, 0x08, 0x60, 0x00, 0x00, 0x08, 0x30, 0x00, 0x00, 0x08, 0x1C, 0x00, 0x00, 0x88, 0x0F, 0x00,
        0x00, 0xC8, 0x03, 0x00, 0x08, 0x88, 0x00, 0x00, 0x30, 0x88, 0x00, 0x00, 0xF0, 0x08, 0x00, 0x00,
        0xE0, 0x0B, 0x00, 0x00, 0xC0, 0x08, 0x00, 0x00, 0x00, 0x88, 0x00, 0x00, 0x00, 0x08, 0x01, 0x00,
        0x00, 0x08, 0x02, 0x00, 0x00, 0x08, 0x06, 0x00, 0x00, 0x08, 0x1C, 0x00, 0x00, 0x08, 0x78, 0x00,
        0x00, 0x08, 0xF0, 0x01, 0x00, 0x0C, 0xE0, 0x07, 0x00, 0x0C, 0x80, 0x03, 0x00, 0x08, 0x00, 0x00,
        0x00, 0x00, 0x00, 0x00, 0x00, 0x00, 0x00, 0x00, 0x00, 0x00, 0x00, 0x00, 0x00, 0x00, 0x00, 0x00,
    /* '?' */
    0xC2,0xB7,
        0x00, 0x00, 0x00, 0x00, 0x00, 0x00, 0x00, 0x00, 0x00, 0x00, 0x00, 0x00, 0x00, 0x00, 0x00, 0x00,
        0x00, 0x00, 0x00, 0x06, 0xE0, 0x3F, 0xFF, 0x07, 0xE0, 0x3F, 0x02, 0x02, 0x20, 0x10, 0x00, 0x02,
        0x20, 0x10, 0x00, 0x01, 0x20, 0xF0, 0xFF, 0x01, 0x20, 0x10, 0x02, 0x01, 0x20, 0x10, 0x02, 0x01,
        0xE0, 0x3F, 0x83, 0x00, 0x20, 0x00, 0x8A, 0x00, 0x00, 0x30, 0x08, 0x00, 0x00, 0x08, 0x04, 0x00,
        0x00, 0x07, 0x06, 0x10, 0xE0, 0x01, 0xFF, 0x0F, 0x78, 0x86, 0x05, 0x02, 0x50, 0xD8, 0x04, 0x02,
        0x40, 0x70, 0x04, 0x02, 0x40, 0x78, 0x04, 0x02, 0x40, 0xCC, 0x04, 0x02, 0x40, 0x87, 0x05, 0x02,
        0xC0, 0x81, 0xFD, 0x0F, 0xC0, 0x00, 0x07, 0x00, 0x00, 0x00, 0x03, 0x00, 0x00, 0x00, 0x03, 0x00,
        0x00, 0x00, 0x00, 0x00, 0x00, 0x00, 0x00, 0x00, 0x00, 0x00, 0x00, 0x00, 0x00, 0x00, 0x00, 0x00,
    /* '?' */
    0xC2,0xCA,
        0x00, 0x00, 0x00, 0x00, 0x00, 0x00, 0x00, 0x00, 0x00, 0x00, 0x00, 0x00, 0x00, 0x00, 0x20, 0x00,
        0x00, 0x00, 0x20, 0x00, 0x80, 0x00, 0x24, 0x00, 0x80, 0x04, 0x26, 0x00, 0x80, 0x0C, 0x22, 0x00,
        0x80, 0x18, 0x21, 0x00, 0x80, 0x00, 0x21, 0x00, 0x80, 0x80, 0x20, 0x00, 0x80, 0x30, 0x26, 0x00,
        0x80, 0x18, 0x26, 0x00, 0x80, 0x14, 0x23, 0x00, 0x88, 0x93, 0x22, 0x00, 0xF0, 0x53, 0xFE, 0x1F,
        0xE0, 0x30, 0xFA, 0x0F, 0x80, 0x10, 0x22, 0x00, 0x80, 0x8C, 0x23, 0x00, 0x80, 0x0C, 0x23, 0x00,
        0x80, 0x00, 0x26, 0x00, 0x80, 0x90, 0x20, 0x00, 0x80, 0x88, 0x20, 0x00, 0x80, 0x0C, 0x21, 0x00,
        0x80, 0x04, 0x23, 0x00, 0xC0, 0x04, 0x27, 0x00, 0x80, 0x00, 0x30, 0x00, 0x00, 0x00, 0x20, 0x00,
        0x00, 0x00, 0x00, 0x00, 0x00, 0x00, 0x00, 0x00, 0x00, 0x00, 0x00, 0x00, 0x00, 0x00, 0x00, 0x00,
    /* '?' */
    0xC2,0xEB,
        0x00, 0x00, 0x00, 0x00, 0x00, 0x00, 0x00, 0x00, 0x00, 0x00, 0x00, 0x00, 0x20, 0x00, 0x02, 0x00,
        0x20, 0x00, 0x01, 0x00, 0x20, 0xE0, 0x00, 0x00, 0x20, 0xFC, 0xFF, 0x07, 0xE0, 0x17, 0x40, 0x00,
        0xE0, 0x10, 0x40, 0x00, 0x20, 0x10, 0x40, 0x00, 0x20, 0x10, 0x40, 0x00, 0x20, 0xF0, 0xFF, 0x01,
        0x30, 0x10, 0x00, 0x00, 0x20, 0x00, 0x10, 0x00, 0x00, 0x00, 0x10, 0x00, 0x20, 0x80, 0x10, 0x00,
        0xA0, 0xFF, 0x11, 0x00, 0xA0, 0x8F, 0x10, 0x00, 0x20, 0x80, 0x10, 0x00, 0x20, 0x80, 0x10, 0x00,
        0x20, 0x80, 0x10, 0x00, 0x20, 0x80, 0x10, 0x02, 0x20, 0x80, 0x10, 0x02, 0x20, 0xFC, 0x10, 0x0E,
        0xF0, 0x9F, 0x00, 0x0E, 0x20, 0x80, 0x80, 0x07, 0x00, 0x80, 0xFF, 0x03, 0x00, 0x80, 0x03, 0x00,
        0x00, 0x00, 0x00, 0x00, 0x00, 0x00, 0x00, 0x00, 0x00, 0x00, 0x00, 0x00, 0x00, 0x00, 0x00, 0x00,
    /* '?' */
    0xC2,0xF6,
        0x00, 0x00, 0x00, 0x00, 0x00, 0x00, 0x00, 0x00, 0x00, 0x00, 0x00, 0x00, 0x00, 0x00, 0x00, 0x10,
        0x00, 0x00, 0x00, 0x0C, 0x00, 0x00, 0xE0, 0x03, 0xE0, 0xFF, 0x7F, 0x00, 0x20, 0x08, 0x02, 0x00,
        0x20, 0x08, 0x02, 0x04, 0x20, 0x08, 0x02, 0x04, 0x20, 0x08, 0x02, 0x0C, 0xF0, 0xFF, 0xFF, 0x07,
        0x20, 0x00, 0x00, 0x04, 0x00, 0x40, 0x00, 0x02, 0x00, 0x40, 0x80, 0x01, 0x00, 0x41, 0x78, 0x00,
        0x00, 0xC1, 0x1F, 0x04, 0x00, 0xC1, 0x01, 0x04, 0x08, 0x01, 0x00, 0x0C, 0x18, 0xFF, 0xFF, 0x1F,
        0x30, 0xFF, 0xFF, 0x0F, 0x70, 0xF1, 0x00, 0x00, 0x20, 0x80, 0x07, 0x00, 0x00, 0x60, 0x3C, 0x00,
        0x00, 0x30, 0xF0, 0x00, 0x00, 0x18, 0xC0, 0x01, 0x00, 0x0E, 0x80, 0x03, 0x00, 0x04, 0x00, 0x03,
        0x00, 0x00, 0x00, 0x00, 0x00, 0x00, 0x00, 0x00, 0x00, 0x00, 0x00, 0x00, 0x00, 0x00, 0x00, 0x00,
    /* '?' */
    0xC3,0xE6,
        0x00, 0x00, 0x00, 0x00, 0x00, 0x00, 0x00, 0x00, 0x00, 0x00, 0x00, 0x00, 0x10, 0x00, 0x00, 0x00,
        0x10, 0x00, 0x00, 0x00, 0x10, 0x00, 0x00, 0x00, 0x10, 0xFC, 0xFF, 0x1F, 0x10, 0x04, 0x00, 0x04,
        0x10, 0x04, 0x00, 0x04, 0x10, 0x04, 0x00, 0x04, 0x10, 0x04, 0x00, 0x04, 0x10, 0x04, 0x00, 0x04,
        0x10, 0xFC, 0xFF, 0x07, 0x10, 0xFF, 0xFF, 0x07, 0xF0, 0x84, 0x10, 0x04, 0x70, 0x84, 0x10, 0x04,
        0x10, 0x84, 0x10, 0x04, 0x10, 0x84, 0x10, 0x04, 0x10, 0xFC, 0xFF, 0x07, 0x10, 0xFC, 0xFF, 0x07,
        0x10, 0x04, 0x00, 0x04, 0x10, 0x04, 0x00, 0x04, 0x10, 0x04, 0x00, 0x04, 0x10, 0x04, 0x00, 0x04,
        0x10, 0xFC, 0xFF, 0x1F, 0x10, 0xFC, 0xFF, 0x0F, 0x18, 0x04, 0x00, 0x00, 0x10, 0x00, 0x00, 0x00,
        0x00, 0x00, 0x00, 0x00, 0x00, 0x00, 0x00, 0x00, 0x00, 0x00, 0x00, 0x00, 0x00, 0x00, 0x00, 0x00,
    /* '?' */
    0xC3,0xE8,
        0x00, 0x00, 0x00, 0x00, 0x00, 0x00, 0x00, 0x00, 0x00, 0x00, 0x00, 0x00, 0x00, 0x04, 0x04, 0x00,
        0x00, 0x04, 0x0C, 0x04, 0x00, 0x04, 0x0C, 0x04, 0x00, 0x04, 0x06, 0x08, 0x00, 0x04, 0x02, 0x1C,
        0xF8, 0xFF, 0xFF, 0x0F, 0xF0, 0xFF, 0xFF, 0x03, 0x00, 0x04, 0x01, 0x00, 0x00, 0x84, 0x00, 0x00,
        0x00, 0x84, 0x00, 0x00, 0x00, 0x01, 0x00, 0x00, 0x00, 0xC1, 0xFF, 0x0F, 0x00, 0x41, 0x10, 0x04,
        0x00, 0x41, 0x10, 0x04, 0xF0, 0x5F, 0x10, 0x04, 0x10, 0x41, 0x10, 0x04, 0x00, 0x41, 0x10, 0x04,
        0x00, 0xC1, 0xFF, 0x07, 0x00, 0x41, 0x10, 0x04, 0xF0, 0x5F, 0x10, 0x04, 0xF0, 0x4F, 0x10, 0x04,
        0x10, 0x41, 0x10, 0x04, 0x00, 0xC1, 0xFF, 0x1F, 0x80, 0xC1, 0xFF, 0x0F, 0x00, 0x41, 0x00, 0x00,
        0x00, 0x00, 0x00, 0x00, 0x00, 0x00, 0x00, 0x00, 0x00, 0x00, 0x00, 0x00, 0x00, 0x00, 0x00, 0x00,
    /* '?' */
    0xC4,0xA3,
        0x00, 0x00, 0x00, 0x00, 0x00, 0x00, 0x00, 0x00, 0x00, 0x00, 0x00, 0x00, 0x00, 0x02, 0x20, 0x00,
        0x00, 0x02, 0x18, 0x00, 0x00, 0x02, 0x06, 0x00, 0x00, 0xC2, 0x01, 0x00, 0x00, 0x7E, 0x00, 0x00,
        0xF8, 0xFF, 0xFF, 0x1F, 0x10, 0x22, 0x00, 0x00, 0x00, 0x62, 0x00, 0x00, 0x00, 0xC3, 0x21, 0x10,
        0x40, 0x82, 0x21, 0x10, 0x40, 0x00, 0x20, 0x08, 0x40, 0xF8, 0x27, 0x08, 0x40, 0xF8, 0x27, 0x04,
        0xF8, 0x4B, 0x22, 0x06, 0xF0, 0x49, 0x22, 0x03, 0x40, 0x48, 0xF2, 0x01, 0x40, 0x48, 0x7E, 0x00,
        0x40, 0x48, 0x62, 0x00, 0x48, 0x48, 0xA2, 0x00, 0xF8, 0x49, 0x22, 0x03, 0x40, 0x48, 0x22, 0x06,
        0x40, 0xF8, 0x27, 0x04, 0x40, 0x08, 0x24, 0x0C, 0x60, 0x00, 0x30, 0x1C, 0x40, 0x00, 0x20, 0x08,
        0x00, 0x00, 0x00, 0x00, 0x00, 0x00, 0x00, 0x00, 0x00, 0x00, 0x00, 0x00, 0x00, 0x00, 0x00, 0x00,
    /* '?' */
    0xC5,0xCC,
        0x00, 0x00, 0x00, 0x00, 0x00, 0x00, 0x00, 0x00, 0x00, 0x00, 0x00, 0x00, 0x00, 0x00, 0x00, 0x04,
        0x00, 0x08, 0x08, 0x04, 0x00, 0x08, 0x08, 0x04, 0x00, 0x08, 0x04, 0x04, 0x00, 0x08, 0x02, 0x04,
        0x00, 0x88, 0xF9, 0x07, 0xE0, 0xFF, 0x08, 0x04, 0xC0, 0x3F, 0x08, 0x04, 0x40, 0x08, 0x08, 0x04,
        0x40, 0x08, 0x08, 0x04, 0x40, 0x08, 0xF8, 0x07, 0xF8, 0x28, 0x08, 0x04, 0x50, 0xE9, 0x08, 0x04,
        0x40, 0xCF, 0x09, 0x04, 0x40, 0x0A, 0x08, 0x04, 0x40, 0x08, 0xF8, 0x07, 0x40, 0x08, 0x09, 0x04,
        0x40, 0x08, 0x09, 0x04, 0x40, 0x08, 0x0B, 0x04, 0xE0, 0xFF, 0x09, 0x04, 0x40, 0x08, 0xFC, 0x07,
        0x00, 0x08, 0x08, 0x04, 0x00, 0x08, 0x00, 0x04, 0x00, 0x0C, 0x00, 0x06, 0x00, 0x08, 0x00, 0x04,
        0x00, 0x00, 0x00, 0x00, 0x00, 0x00, 0x00, 0x00, 0x00, 0x00, 0x00, 0x00, 0x00, 0x00, 0x00, 0x00,
    /* '?' */
    0xC6,0xB5,
        0x00, 0x00, 0x00, 0x00, 0x00, 0x00, 0x00, 0x00, 0x00, 0x00, 0x00, 0x00, 0x00, 0x00, 0x80, 0x00,
        0x00, 0x20, 0x40, 0x10, 0x00, 0x20, 0x30, 0x08, 0x80, 0x3F, 0x0E, 0x08, 0x80, 0x3F, 0x06, 0x04,
        0x00, 0x20, 0x02, 0x06, 0x00, 0x20, 0x00, 0x02, 0xF8, 0xFF, 0x3F, 0x01, 0x10, 0x21, 0xC0, 0x00,
        0x00, 0x21, 0x60, 0x00, 0x00, 0x21, 0x38, 0x10, 0x00, 0x31, 0x1C, 0x10, 0x10, 0x20, 0x08, 0x08,
        0x10, 0x00, 0x00, 0x08, 0x10, 0xFE, 0x3F, 0x04, 0x10, 0x02, 0x00, 0x06, 0x10, 0x02, 0x00, 0x03,
        0x10, 0x03, 0xC0, 0x01, 0xF0, 0xF2, 0x7F, 0x00, 0x30, 0xF2, 0x0F, 0x00, 0x10, 0x02, 0x80, 0x00,
        0x10, 0x02, 0x80, 0x01, 0x10, 0x02, 0x00, 0x03, 0x10, 0xFF, 0x1F, 0x07, 0x10, 0x02, 0x00, 0x0E,
        0x00, 0x00, 0x00, 0x00, 0x00, 0x00, 0x00, 0x00, 0x00, 0x00, 0x00, 0x00, 0x00, 0x00, 0x00, 0x00,
    /* '?' */
    0xC6,0xF7,
        0x00, 0x00, 0x00, 0x00, 0x00, 0x00, 0x00, 0x00, 0x00, 0x00, 0x00, 0x00, 0x00, 0x00, 0x20, 0x00,
        0x00, 0x40, 0x20, 0x00, 0x00, 0x40, 0x10, 0x00, 0x00, 0x40, 0x10, 0x00, 0xF0, 0x5F, 0xF8, 0x0F,
        0x20, 0x44, 0xF8, 0x07, 0x20, 0x44, 0x1C, 0x02, 0x20, 0x44, 0x16, 0x02, 0x20, 0x44, 0x13, 0x02,
        0x20, 0xC4, 0x11, 0x02, 0xF0, 0xCF, 0xF8, 0x07, 0x20, 0x70, 0x10, 0x06, 0x00, 0x70, 0x00, 0x00,
        0x00, 0x50, 0x00, 0x00, 0x00, 0x40, 0xF0, 0x0F, 0xE0, 0xCF, 0xF0, 0x0F, 0x20, 0x44, 0x11, 0x02,
        0x20, 0x54, 0x12, 0x02, 0x20, 0x74, 0x16, 0x02, 0x20, 0x64, 0x1C, 0x02, 0xE0, 0x4F, 0xFC, 0x0F,
        0xF0, 0x4F, 0xF8, 0x07, 0x20, 0x60, 0x18, 0x00, 0x00, 0x60, 0x18, 0x00, 0x00, 0x40, 0x08, 0x00,
        0x00, 0x00, 0x08, 0x00, 0x00, 0x00, 0x00, 0x00, 0x00, 0x00, 0x00, 0x00, 0x00, 0x00, 0x00, 0x00,
    /* '?' */
    0xC7,0xB0,
        0x00, 0x00, 0x00, 0x00, 0x00, 0x00, 0x00, 0x00, 0x00, 0x00, 0x00, 0x00, 0x00, 0x00, 0x00, 0x00,
        0x00, 0x01, 0x00, 0x00, 0x00, 0x01, 0x00, 0x00, 0x00, 0x09, 0x00, 0x10, 0x00, 0xF1, 0xFF, 0x1F,
        0x00, 0x11, 0x11, 0x00, 0x00, 0x11, 0x11, 0x00, 0x08, 0x11, 0x11, 0x00, 0x30, 0x11, 0x11, 0x04,
        0xE0, 0x11, 0x11, 0x08, 0x40, 0xF1, 0xFF, 0x1F, 0x00, 0xF1, 0xFF, 0x07, 0x00, 0x11, 0x00, 0x00,
        0x00, 0x01, 0x00, 0x00, 0x00, 0x01, 0x00, 0x00, 0x80, 0x01, 0x00, 0x00, 0x60, 0xF1, 0xFF, 0x04,
        0x38, 0x01, 0x00, 0x04, 0x10, 0x01, 0x00, 0x0C, 0x10, 0x01, 0x00, 0x1C, 0x00, 0xF9, 0xFF, 0x0F,
        0x00, 0xF9, 0xFF, 0x07, 0x80, 0x01, 0x00, 0x00, 0x80, 0x01, 0x00, 0x00, 0x00, 0x01, 0x00, 0x00,
        0x00, 0x00, 0x00, 0x00, 0x00, 0x00, 0x00, 0x00, 0x00, 0x00, 0x00, 0x00, 0x00, 0x00, 0x00, 0x00,
    /* '?' */
    0xC8,0xEB,
        0x00, 0x00, 0x00, 0x00, 0x00, 0x00, 0x00, 0x00, 0x00, 0x00, 0x00, 0x00, 0x00, 0x00, 0x00, 0x08,
        0x00, 0x00, 0x00, 0x04, 0x00, 0x00, 0x00, 0x02, 0x00, 0x00, 0x00, 0x03, 0x00, 0x00, 0x80, 0x01,
        0x00, 0x00, 0xC0, 0x00, 0x00, 0x00, 0x60, 0x00, 0x10, 0x00, 0x30, 0x00, 0x30, 0x00, 0x1C, 0x00,
        0x20, 0x00, 0x07, 0x00, 0x60, 0xC0, 0x03, 0x00, 0x40, 0xF8, 0x00, 0x00, 0x80, 0x1F, 0x00, 0x00,
        0x00, 0x0F, 0x00, 0x00, 0x00, 0x78, 0x00, 0x00, 0x00, 0xC0, 0x03, 0x00, 0x00, 0x00, 0x0F, 0x00,
        0x00, 0x00, 0x1C, 0x00, 0x00, 0x00, 0x78, 0x00, 0x00, 0x00, 0xE0, 0x00, 0x00, 0x00, 0xC0, 0x01,
        0x00, 0x00, 0x80, 0x03, 0x00, 0x00, 0x80, 0x07, 0x00, 0x00, 0x00, 0x03, 0x00, 0x00, 0x00, 0x02,
        0x00, 0x00, 0x00, 0x02, 0x00, 0x00, 0x00, 0x00, 0x00, 0x00, 0x00, 0x00, 0x00, 0x00, 0x00, 0x00,
    /* '?' */
    0xC9,0xA8,
        0x00, 0x00, 0x00, 0x00, 0x00, 0x00, 0x00, 0x00, 0x00, 0x00, 0x00, 0x00, 0x00, 0x00, 0x00, 0x00,
        0x00, 0x02, 0x06, 0x00, 0x00, 0x02, 0x06, 0x04, 0x00, 0x02, 0x03, 0x04, 0x00, 0x02, 0x01, 0x0C,
        0x00, 0x02, 0x01, 0x1C, 0xF8, 0xFF, 0xFF, 0x0F, 0x10, 0x82, 0x00, 0x00, 0x00, 0x82, 0x00, 0x00,
        0x00, 0x43, 0x00, 0x00, 0x00, 0x42, 0x00, 0x02, 0x00, 0x01, 0x00, 0x02, 0x00, 0x81, 0x00, 0x02,
        0x00, 0x81, 0x00, 0x02, 0x00, 0x81, 0x00, 0x02, 0x00, 0x81, 0x00, 0x02, 0x00, 0x81, 0x00, 0x02,
        0x00, 0x81, 0x00, 0x02, 0x00, 0x81, 0x00, 0x02, 0x00, 0x81, 0x00, 0x02, 0x00, 0x81, 0x00, 0x02,
        0x00, 0x81, 0x00, 0x02, 0x00, 0xFF, 0xFF, 0x1F, 0x00, 0xFF, 0xFF, 0x0F, 0x00, 0x01, 0x00, 0x00,
        0x00, 0x00, 0x00, 0x00, 0x00, 0x00, 0x00, 0x00, 0x00, 0x00, 0x00, 0x00, 0x00, 0x00, 0x00, 0x00,
    /* '?' */
    0xC9,0xE8,
        0x00, 0x00, 0x00, 0x00, 0x00, 0x00, 0x00, 0x00, 0x00, 0x00, 0x00, 0x00, 0x00, 0x00, 0x00, 0x00,
        0x00, 0x08, 0x00, 0x00, 0x00, 0x08, 0x00, 0x00, 0x00, 0x08, 0x00, 0x00, 0x18, 0x08, 0x00, 0x00,
        0xF0, 0xFC, 0xFF, 0x01, 0x60, 0xF8, 0xFF, 0x08, 0x00, 0x00, 0x60, 0x08, 0x00, 0x40, 0x30, 0x00,
        0x00, 0x20, 0x08, 0x04, 0x00, 0x50, 0x04, 0x04, 0x00, 0x4C, 0x00, 0x02, 0xF0, 0xC7, 0x00, 0x02,
        0xF0, 0x41, 0x07, 0x03, 0x10, 0x40, 0x18, 0x01, 0x10, 0x40, 0xB0, 0x00, 0x10, 0x40, 0xC0, 0x00,
        0x10, 0x40, 0xE0, 0x00, 0x10, 0x40, 0xB8, 0x01, 0xF8, 0x4F, 0x0F, 0x03, 0x10, 0xCC, 0x03, 0x03,
        0x00, 0xC8, 0x00, 0x06, 0x00, 0x08, 0x00, 0x06, 0x00, 0x0C, 0x00, 0x06, 0x00, 0x0C, 0x00, 0x02,
        0x00, 0x00, 0x00, 0x00, 0x00, 0x00, 0x00, 0x00, 0x00, 0x00, 0x00, 0x00, 0x00, 0x00, 0x00, 0x00,
    /* '?' */
    0xCA,0xAE,
        0x00, 0x00, 0x00, 0x00, 0x00, 0x00, 0x00, 0x00, 0x00, 0x00, 0x00, 0x00, 0x00, 0x20, 0x00, 0x00,
        0x00, 0x20, 0x00, 0x00, 0x00, 0x20, 0x00, 0x00, 0x00, 0x20, 0x00, 0x00, 0x00, 0x20, 0x00, 0x00,
        0x00, 0x20, 0x00, 0x00, 0x00, 0x20, 0x00, 0x00, 0x00, 0x20, 0x00, 0x00, 0x00, 0x20, 0x00, 0x00,
        0x00, 0x20, 0x00, 0x00, 0x00, 0x20, 0x00, 0x00, 0x00, 0x20, 0x00, 0x00, 0xF8, 0xFF, 0xFF, 0x1F,
        0xF0, 0xFF, 0xFF, 0x0F, 0x00, 0x20, 0x00, 0x00, 0x00, 0x20, 0x00, 0x00, 0x00, 0x20, 0x00, 0x00,
        0x00, 0x20, 0x00, 0x00, 0x00, 0x20, 0x00, 0x00, 0x00, 0x20, 0x00, 0x00, 0x00, 0x20, 0x00, 0x00,
        0x00, 0x20, 0x00, 0x00, 0x00, 0x20, 0x00, 0x00, 0x00, 0x30, 0x00, 0x00, 0x00, 0x20, 0x00, 0x00,
        0x00, 0x00, 0x00, 0x00, 0x00, 0x00, 0x00, 0x00, 0x00, 0x00, 0x00, 0x00, 0x00, 0x00, 0x00, 0x00,
    /* '?' */
    0xCA,0xB1,
        0x00, 0x00, 0x00, 0x00, 0x00, 0x00, 0x00, 0x00, 0x00, 0x00, 0x00, 0x00, 0x00, 0x00, 0x00, 0x00,
        0x80, 0xFF, 0xFF, 0x03, 0x80, 0xFF, 0xFF, 0x03, 0x80, 0x40, 0x40, 0x00, 0x80, 0x40, 0x40, 0x00,
        0x80, 0x40, 0x40, 0x00, 0x80, 0x40, 0x40, 0x00, 0x80, 0x40, 0x40, 0x00, 0xC0, 0xFF, 0xFF, 0x01,
        0x80, 0x00, 0x00, 0x00, 0x00, 0x04, 0x00, 0x00, 0x00, 0x04, 0x00, 0x00, 0x00, 0xC4, 0x00, 0x00,
        0x00, 0x84, 0x03, 0x00, 0x00, 0x04, 0x0F, 0x04, 0x00, 0x04, 0x00, 0x04, 0x00, 0x04, 0x00, 0x04,
        0x00, 0x04, 0x00, 0x0C, 0x00, 0x04, 0x00, 0x1C, 0xF8, 0xFF, 0xFF, 0x0F, 0x10, 0x04, 0x00, 0x00,
        0x00, 0x04, 0x00, 0x00, 0x00, 0x04, 0x00, 0x00, 0x00, 0x06, 0x00, 0x00, 0x00, 0x04, 0x00, 0x00,
        0x00, 0x00, 0x00, 0x00, 0x00, 0x00, 0x00, 0x00, 0x00, 0x00, 0x00, 0x00, 0x00, 0x00, 0x00, 0x00,
    /* '?' */
    0xCA,0xB5,
        0x00, 0x00, 0x00, 0x00, 0x00, 0x00, 0x00, 0x00, 0x00, 0x00, 0x00, 0x00, 0x00, 0x00, 0x00, 0x00,
        0x00, 0x00, 0x08, 0x10, 0x00, 0x1C, 0x08, 0x10, 0x00, 0x0F, 0x08, 0x10, 0x00, 0x41, 0x08, 0x08,
        0x00, 0x81, 0x08, 0x08, 0x00, 0x81, 0x09, 0x08, 0x00, 0x05, 0x0F, 0x0C, 0x00, 0x09, 0x0A, 0x04,
        0x00, 0x19, 0x08, 0x06, 0x00, 0x71, 0x08, 0x03, 0x08, 0x01, 0x88, 0x01, 0x30, 0x01, 0xE8, 0x00,
        0xF0, 0x01, 0x7E, 0x00, 0x60, 0xFD, 0x4F, 0x00, 0x00, 0x7D, 0xC8, 0x00, 0x00, 0x01, 0x88, 0x00,
        0x00, 0x01, 0x88, 0x01, 0x00, 0x01, 0x88, 0x01, 0x00, 0x01, 0x08, 0x03, 0x00, 0x01, 0x08, 0x07,
        0x00, 0x09, 0x08, 0x0E, 0x00, 0x07, 0x0C, 0x1C, 0x80, 0x03, 0x0C, 0x00, 0x00, 0x03, 0x08, 0x00,
        0x00, 0x00, 0x00, 0x00, 0x00, 0x00, 0x00, 0x00, 0x00, 0x00, 0x00, 0x00, 0x00, 0x00, 0x00, 0x00,
    /* '?' */
    0xCA,0xBD,
        0x00, 0x00, 0x00, 0x00, 0x00, 0x00, 0x00, 0x00, 0x00, 0x00, 0x00, 0x00, 0x00, 0x00, 0x00, 0x00,
        0x00, 0x02, 0x00, 0x04, 0x00, 0x82, 0x00, 0x06, 0x00, 0x82, 0x00, 0x06, 0x00, 0x82, 0x00, 0x02,
        0x00, 0x82, 0x00, 0x02, 0x00, 0x82, 0x00, 0x02, 0x00, 0x82, 0xFF, 0x01, 0x00, 0x82, 0xFF, 0x01,
        0x00, 0x82, 0x00, 0x01, 0x00, 0x82, 0x00, 0x01, 0x00, 0xC2, 0x80, 0x00, 0x00, 0x82, 0x80, 0x00,
        0x00, 0x02, 0x00, 0x00, 0xF8, 0x03, 0x40, 0x00, 0xF0, 0xFF, 0x03, 0x00, 0x10, 0xC2, 0x1F, 0x00,
        0x00, 0x02, 0x78, 0x00, 0x10, 0x02, 0xE0, 0x01, 0x20, 0x02, 0x80, 0x03, 0x60, 0x02, 0x00, 0x07,
        0xC0, 0x02, 0x00, 0x0E, 0x00, 0x03, 0x00, 0x0C, 0x00, 0x03, 0x00, 0x0C, 0x00, 0x02, 0xE0, 0x1F,
        0x00, 0x00, 0x00, 0x10, 0x00, 0x00, 0x00, 0x00, 0x00, 0x00, 0x00, 0x00, 0x00, 0x00, 0x00, 0x00,
    /* '?' */
    0xCA,0xBE,
        0x00, 0x00, 0x00, 0x00, 0x00, 0x00, 0x00, 0x00, 0x00, 0x00, 0x00, 0x00, 0x00, 0x10, 0x00, 0x00,
        0x00, 0x10, 0x00, 0x01, 0x00, 0x10, 0x80, 0x00, 0x00, 0x10, 0x40, 0x00, 0x10, 0x10, 0x30, 0x00,
        0x10, 0x10, 0x18, 0x00, 0x10, 0x10, 0x0E, 0x00, 0x10, 0x90, 0x07, 0x00, 0x10, 0x10, 0x01, 0x02,
        0x10, 0x10, 0x00, 0x02, 0x10, 0x10, 0x00, 0x06, 0x10, 0x10, 0x00, 0x0E, 0x10, 0xF0, 0xFF, 0x07,
        0x10, 0xF0, 0xFF, 0x03, 0x10, 0x10, 0x00, 0x00, 0x10, 0x10, 0x00, 0x00, 0x10, 0x10, 0x00, 0x00,
        0x10, 0x10, 0x01, 0x00, 0x10, 0x10, 0x02, 0x00, 0x10, 0x10, 0x04, 0x00, 0x18, 0x10, 0x18, 0x00,
        0x10, 0x10, 0x38, 0x00, 0x00, 0x10, 0xF0, 0x00, 0x00, 0x18, 0xE0, 0x01, 0x00, 0x10, 0x00, 0x00,
        0x00, 0x00, 0x00, 0x00, 0x00, 0x00, 0x00, 0x00, 0x00, 0x00, 0x00, 0x00, 0x00, 0x00, 0x00, 0x00,
    /* '?' */
    0xCA,0xC2,
        0x00, 0x00, 0x00, 0x00, 0x00, 0x00, 0x00, 0x00, 0x00, 0x00, 0x00, 0x00, 0x00, 0x00, 0x08, 0x00,
        0x40, 0x00, 0x08, 0x00, 0x40, 0x00, 0x08, 0x00, 0x40, 0x00, 0x08, 0x00, 0x40, 0x00, 0x49, 0x00,
        0x40, 0x7E, 0x49, 0x00, 0x40, 0x7E, 0x49, 0x00, 0x40, 0x22, 0x49, 0x00, 0x40, 0x22, 0x49, 0x04,
        0x40, 0x22, 0x49, 0x04, 0x40, 0x22, 0x49, 0x0C, 0x40, 0x22, 0x49, 0x1C, 0xF8, 0xFF, 0xFF, 0x0F,
        0xF0, 0xFF, 0xFF, 0x07, 0x40, 0x22, 0x49, 0x00, 0x40, 0x22, 0x49, 0x00, 0x40, 0x22, 0x49, 0x00,
        0x40, 0x22, 0x49, 0x00, 0x40, 0x22, 0x49, 0x00, 0x40, 0x7E, 0xFF, 0x00, 0x40, 0x3E, 0xFF, 0x00,
        0x40, 0x02, 0x09, 0x00, 0x60, 0x00, 0x08, 0x00, 0x60, 0x00, 0x0C, 0x00, 0x40, 0x00, 0x08, 0x00,
        0x00, 0x00, 0x00, 0x00, 0x00, 0x00, 0x00, 0x00, 0x00, 0x00, 0x00, 0x00, 0x00, 0x00, 0x00, 0x00,
    /* '?' */
    0xCA,0xD3,
        0x00, 0x00, 0x00, 0x00, 0x00, 0x00, 0x00, 0x00, 0x00, 0x00, 0x00, 0x00, 0x00, 0x00, 0x08, 0x00,
        0x00, 0x01, 0x08, 0x00, 0x00, 0x01, 0x06, 0x00, 0x00, 0x01, 0x03, 0x00, 0x18, 0xC1, 0x00, 0x00,
        0xF0, 0xE1, 0xFF, 0x1F, 0x60, 0xF9, 0xFF, 0x0F, 0x00, 0x8F, 0x00, 0x00, 0x80, 0x03, 0x03, 0x10,
        0x00, 0x01, 0x07, 0x08, 0x00, 0x00, 0x06, 0x08, 0x00, 0x00, 0x00, 0x04, 0xE0, 0xFF, 0x03, 0x06,
        0x20, 0x00, 0x00, 0x03, 0x20, 0x00, 0x80, 0x01, 0x20, 0x00, 0xF0, 0x00, 0x20, 0xFE, 0x3F, 0x00,
        0x20, 0xFE, 0x03, 0x00, 0x20, 0x04, 0xFC, 0x0F, 0x20, 0x00, 0x04, 0x08, 0x20, 0x00, 0x00, 0x08,
        0xE0, 0xFF, 0x03, 0x08, 0xE0, 0xFF, 0x03, 0x08, 0x00, 0x00, 0x00, 0x0C, 0x00, 0x00, 0xC0, 0x0F,
        0x00, 0x00, 0x00, 0x04, 0x00, 0x00, 0x00, 0x00, 0x00, 0x00, 0x00, 0x00, 0x00, 0x00, 0x00, 0x00,
    /* '?' */
    0xCA,0xE4,
        0x00, 0x00, 0x00, 0x00, 0x00, 0x00, 0x00, 0x00, 0x00, 0x00, 0x00, 0x00, 0x00, 0x01, 0x00, 0x00,
        0x00, 0xE1, 0x61, 0x00, 0x00, 0xF9, 0x60, 0x00, 0x00, 0x8F, 0x20, 0x00, 0xF0, 0x81, 0x20, 0x00,
        0x30, 0xF9, 0xFF, 0x1F, 0x10, 0xF1, 0xFF, 0x1F, 0x00, 0x81, 0x10, 0x00, 0x00, 0xE1, 0x10, 0x00,
        0x80, 0x91, 0x10, 0x00, 0x00, 0xC8, 0xFF, 0x1F, 0x00, 0xCC, 0xFF, 0x0F, 0x00, 0x46, 0x24, 0x00,
        0x00, 0x4B, 0x24, 0x08, 0xC0, 0x49, 0x24, 0x08, 0x70, 0xC8, 0xFF, 0x1F, 0x38, 0xC8, 0xFF, 0x07,
        0x30, 0x08, 0x00, 0x00, 0xC0, 0x08, 0x00, 0x00, 0x00, 0x85, 0xFF, 0x04, 0x00, 0x8A, 0x00, 0x04,
        0x00, 0x06, 0x00, 0x08, 0x00, 0xEC, 0xFF, 0x1F, 0x00, 0xDC, 0xFF, 0x0F, 0x00, 0x08, 0x00, 0x00,
        0x00, 0x08, 0x00, 0x00, 0x00, 0x00, 0x00, 0x00, 0x00, 0x00, 0x00, 0x00, 0x00, 0x00, 0x00, 0x00,
    /* '?' */
    0xCA,0xFD,
        0x00, 0x00, 0x00, 0x00, 0x00, 0x00, 0x00, 0x00, 0x00, 0x00, 0x00, 0x00, 0x00, 0x00, 0x01, 0x08,
        0x00, 0x04, 0x05, 0x08, 0x00, 0x84, 0x04, 0x08, 0x60, 0x44, 0x04, 0x04, 0xC0, 0x65, 0x24, 0x04,
        0x80, 0x35, 0x7C, 0x02, 0x00, 0x1C, 0x4E, 0x02, 0xF8, 0xFF, 0x47, 0x01, 0xF0, 0xFF, 0xC4, 0x01,
        0x00, 0x14, 0xC4, 0x00, 0x00, 0x35, 0xF4, 0x10, 0xC0, 0x64, 0x9C, 0x11, 0x70, 0x06, 0x05, 0x0B,
        0x20, 0xC4, 0x00, 0x08, 0x00, 0x38, 0x00, 0x04, 0x00, 0x0F, 0x00, 0x02, 0xF0, 0xF7, 0x03, 0x03,
        0x78, 0x04, 0xBC, 0x01, 0x10, 0x04, 0xE0, 0x00, 0x00, 0x04, 0xF0, 0x01, 0x00, 0x84, 0x1F, 0x03,
        0x00, 0xFC, 0x03, 0x06, 0x00, 0x0C, 0x00, 0x0E, 0x00, 0x06, 0x00, 0x0C, 0x00, 0x04, 0x00, 0x04,
        0x00, 0x00, 0x00, 0x00, 0x00, 0x00, 0x00, 0x00, 0x00, 0x00, 0x00, 0x00, 0x00, 0x00, 0x00, 0x00,
    /* '?' */
    0xCD,0xA3,
        0x00, 0x00, 0x00, 0x00, 0x00, 0x00, 0x00, 0x00, 0x00, 0x00, 0x00, 0x00, 0x00, 0x00, 0x01, 0x00,
        0x00, 0xC0, 0x00, 0x00, 0x00, 0x30, 0x00, 0x00, 0x00, 0x1C, 0x00, 0x00, 0x80, 0xFF, 0xFF, 0x1F,
        0xF8, 0x04, 0x00, 0x00, 0x30, 0x00, 0x00, 0x00, 0x10, 0x00, 0x06, 0x00, 0x40, 0xC0, 0x03, 0x00,
        0x40, 0x80, 0x08, 0x00, 0x40, 0x80, 0x08, 0x00, 0x40, 0xBE, 0x08, 0x00, 0x40, 0x92, 0x08, 0x04,
        0x40, 0x92, 0x08, 0x08, 0x48, 0x92, 0x08, 0x08, 0x70, 0x92, 0x08, 0x1C, 0x70, 0x92, 0xF8, 0x0F,
        0x40, 0x92, 0x08, 0x00, 0x40, 0x92, 0x08, 0x00, 0x40, 0x92, 0x08, 0x00, 0x40, 0xBE, 0x08, 0x00,
        0x40, 0x82, 0x0C, 0x00, 0x60, 0x80, 0x0A, 0x00, 0x40, 0x80, 0x01, 0x00, 0x00, 0x80, 0x00, 0x00,
        0x00, 0x00, 0x00, 0x00, 0x00, 0x00, 0x00, 0x00, 0x00, 0x00, 0x00, 0x00, 0x00, 0x00, 0x00, 0x00,
    /* '?' */
    0xCD,0xBC,
        0x00, 0x00, 0x00, 0x00, 0x00, 0x00, 0x00, 0x00, 0x00, 0x00, 0x00, 0x00, 0x00, 0x00, 0x00, 0x00,
        0x00, 0x00, 0x00, 0x00, 0x00, 0x00, 0x00, 0x00, 0xF0, 0xFF, 0xFF, 0x1F, 0x10, 0x00, 0x04, 0x04,
        0x10, 0x00, 0x04, 0x04, 0x10, 0x10, 0x04, 0x04, 0x10, 0x08, 0x02, 0x04, 0x10, 0x06, 0x03, 0x04,
        0x90, 0x03, 0x11, 0x04, 0xF0, 0x83, 0x21, 0x04, 0xB0, 0xCC, 0x20, 0x04, 0x90, 0x78, 0x62, 0x04,
        0x90, 0x70, 0x66, 0x04, 0x90, 0xD8, 0xFC, 0x04, 0x90, 0x8E, 0xD8, 0x05, 0x90, 0x87, 0xC1, 0x07,
        0x90, 0x01, 0x03, 0x04, 0x10, 0x00, 0x03, 0x04, 0x10, 0x00, 0x07, 0x04, 0x10, 0x00, 0x02, 0x04,
        0x10, 0x00, 0x00, 0x04, 0xF8, 0xFF, 0xFF, 0x1F, 0xF0, 0xFF, 0xFF, 0x0F, 0x10, 0x00, 0x00, 0x00,
        0x00, 0x00, 0x00, 0x00, 0x00, 0x00, 0x00, 0x00, 0x00, 0x00, 0x00, 0x00, 0x00, 0x00, 0x00, 0x00,
    /* '?' */
    0xCE,0xBB,
        0x00, 0x00, 0x00, 0x00, 0x00, 0x00, 0x00, 0x00, 0x00, 0x00, 0x00, 0x00, 0x00, 0x00, 0x02, 0x00,
        0x00, 0x00, 0x01, 0x00, 0x00, 0xC0, 0x00, 0x00, 0x00, 0x30, 0x00, 0x00, 0x00, 0x1E, 0x00, 0x1C,
        0x80, 0xFF, 0xFF, 0x0F, 0xF8, 0x08, 0x00, 0x00, 0x30, 0x00, 0x00, 0x04, 0x10, 0x02, 0x00, 0x04,
        0x00, 0x02, 0x00, 0x04, 0x00, 0x12, 0x00, 0x04, 0x00, 0xE2, 0x00, 0x04, 0x00, 0x82, 0x3F, 0x04,
        0x08, 0x02, 0x7E, 0x04, 0x10, 0x02, 0x00, 0x04, 0xE0, 0x02, 0x00, 0x04, 0xC0, 0x02, 0x00, 0x04,
        0x00, 0x02, 0x80, 0x07, 0x00, 0x02, 0x7C, 0x04, 0x00, 0xE2, 0x0F, 0x04, 0x00, 0xF2, 0x00, 0x04,
        0x00, 0x22, 0x00, 0x04, 0x00, 0x03, 0x00, 0x04, 0x00, 0x02, 0x00, 0x06, 0x00, 0x00, 0x00, 0x04,
        0x00, 0x00, 0x00, 0x00, 0x00, 0x00, 0x00, 0x00, 0x00, 0x00, 0x00, 0x00, 0x00, 0x00, 0x00, 0x00,
    /* '?' */
    0xCF,0xD0,
        0x00, 0x00, 0x00, 0x00, 0x00, 0x00, 0x00, 0x00, 0x00, 0x00, 0x00, 0x00, 0x00, 0x00, 0x00, 0x00,
        0x00, 0x00, 0x00, 0x00, 0x80, 0xFF, 0xFF, 0x0F, 0x00, 0xFF, 0xFF, 0x07, 0x08, 0x01, 0x00, 0x00,
        0x10, 0x00, 0x80, 0x00, 0x70, 0x20, 0x40, 0x00, 0x60, 0x20, 0x30, 0x00, 0x00, 0x20, 0x18, 0x00,
        0x00, 0x20, 0x0E, 0x00, 0x20, 0xA0, 0x03, 0x00, 0x20, 0xE0, 0x01, 0x00, 0x20, 0xFE, 0xFF, 0x07,
        0x20, 0xFE, 0xFF, 0x03, 0x20, 0x20, 0x02, 0x00, 0x20, 0x20, 0x06, 0x00, 0x20, 0x20, 0x0C, 0x00,
        0x20, 0x20, 0x1C, 0x00, 0x20, 0x30, 0x38, 0x02, 0x20, 0x20, 0x70, 0x02, 0x20, 0x00, 0x00, 0x06,
        0x20, 0x00, 0x00, 0x0E, 0xF0, 0xFF, 0xFF, 0x07, 0x20, 0x00, 0x00, 0x00, 0x00, 0x00, 0x00, 0x00,
        0x00, 0x00, 0x00, 0x00, 0x00, 0x00, 0x00, 0x00, 0x00, 0x00, 0x00, 0x00, 0x00, 0x00, 0x00, 0x00,
    /* '?' */
    0xCF,0xD4,
        0x00, 0x00, 0x00, 0x00, 0x00, 0x00, 0x00, 0x00, 0x00, 0x00, 0x00, 0x00, 0x00, 0x00, 0x00, 0x00,
        0x00, 0x00, 0x00, 0x02, 0x00, 0x00, 0x02, 0x02, 0x00, 0x00, 0x04, 0x02, 0x00, 0x00, 0x1C, 0x02,
        0x00, 0x00, 0x78, 0x02, 0xE0, 0x7F, 0x70, 0x02, 0x20, 0x22, 0x00, 0x02, 0x20, 0x22, 0x00, 0x02,
        0x20, 0xA2, 0xFF, 0x03, 0x20, 0xA2, 0xFF, 0x03, 0x20, 0x22, 0x00, 0x02, 0x20, 0x22, 0x00, 0x02,
        0x20, 0x22, 0x00, 0x02, 0x20, 0x22, 0x00, 0x02, 0x20, 0xA2, 0xFF, 0x03, 0x20, 0x22, 0x81, 0x02,
        0x20, 0x22, 0x80, 0x02, 0x20, 0x22, 0x60, 0x02, 0xF0, 0x7F, 0x30, 0x02, 0x20, 0x60, 0x18, 0x02,
        0x00, 0x00, 0x0E, 0x02, 0x00, 0x00, 0x07, 0x03, 0x00, 0x00, 0x02, 0x03, 0x00, 0x00, 0x00, 0x02,
        0x00, 0x00, 0x00, 0x00, 0x00, 0x00, 0x00, 0x00, 0x00, 0x00, 0x00, 0x00, 0x00, 0x00, 0x00, 0x00,
    /* '?' */
    0xCF,0xF2,
        0x00, 0x00, 0x00, 0x00, 0x00, 0x00, 0x00, 0x00, 0x00, 0x00, 0x00, 0x00, 0x00, 0x00, 0x00, 0x00,
        0x00, 0x00, 0x00, 0x00, 0x00, 0x00, 0x00, 0x00, 0x00, 0xFF, 0xFF, 0x1F, 0x00, 0xFF, 0xFF, 0x0F,
        0x00, 0x01, 0x00, 0x00, 0x00, 0x01, 0x00, 0x00, 0x00, 0x01, 0x00, 0x00, 0x00, 0xC1, 0x7F, 0x00,
        0x00, 0xC1, 0x7F, 0x00, 0xE0, 0x41, 0x10, 0x00, 0x38, 0x41, 0x10, 0x00, 0x10, 0x41, 0x10, 0x00,
        0x00, 0x41, 0x10, 0x00, 0x00, 0x41, 0x10, 0x00, 0x00, 0x41, 0x10, 0x00, 0x00, 0xE1, 0x7F, 0x00,
        0x00, 0x41, 0x30, 0x04, 0x00, 0x01, 0x00, 0x04, 0x00, 0x01, 0x00, 0x04, 0x00, 0x01, 0x00, 0x0C,
        0x00, 0x01, 0x00, 0x1E, 0x80, 0xFF, 0xFF, 0x0F, 0x00, 0x01, 0x00, 0x00, 0x00, 0x00, 0x00, 0x00,
        0x00, 0x00, 0x00, 0x00, 0x00, 0x00, 0x00, 0x00, 0x00, 0x00, 0x00, 0x00, 0x00, 0x00, 0x00, 0x00,
    /* '?' */
    0xD0,0xD0,
        0x00, 0x00, 0x00, 0x00, 0x00, 0x00, 0x00, 0x00, 0x00, 0x00, 0x00, 0x00, 0x00, 0x00, 0x00, 0x00,
        0x00, 0x00, 0x08, 0x00, 0x00, 0x04, 0x06, 0x00, 0x00, 0x02, 0x03, 0x00, 0x80, 0x81, 0x01, 0x00,
        0xC0, 0xC0, 0x00, 0x10, 0x70, 0xF0, 0xFF, 0x0F, 0x38, 0x9C, 0x00, 0x00, 0x10, 0x0E, 0x00, 0x00,
        0x00, 0x04, 0x00, 0x00, 0x00, 0x10, 0x00, 0x00, 0x00, 0x10, 0x00, 0x00, 0x20, 0x10, 0x00, 0x00,
        0x20, 0x10, 0x00, 0x04, 0x20, 0x10, 0x00, 0x04, 0x20, 0x10, 0x00, 0x0C, 0x20, 0x10, 0x00, 0x1C,
        0x20, 0xF0, 0xFF, 0x0F, 0x20, 0xF0, 0xFF, 0x07, 0x20, 0x10, 0x00, 0x00, 0x20, 0x10, 0x00, 0x00,
        0x20, 0x10, 0x00, 0x00, 0x30, 0x10, 0x00, 0x00, 0x20, 0x18, 0x00, 0x00, 0x00, 0x10, 0x00, 0x00,
        0x00, 0x00, 0x00, 0x00, 0x00, 0x00, 0x00, 0x00, 0x00, 0x00, 0x00, 0x00, 0x00, 0x00, 0x00, 0x00,
    /* '?' */
    0xD0,0xF7,
        0x00, 0x00, 0x00, 0x00, 0x00, 0x00, 0x00, 0x00, 0x00, 0x00, 0x00, 0x00, 0x00, 0x00, 0x00, 0x00,
        0x00, 0x38, 0x04, 0x07, 0x00, 0x14, 0x0C, 0x03, 0x00, 0x13, 0x0A, 0x03, 0xC0, 0x11, 0x0D, 0x01,
        0x78, 0xD0, 0x04, 0x01, 0x30, 0x70, 0x84, 0x00, 0x10, 0x38, 0x84, 0x00, 0x00, 0x0E, 0xA4, 0x00,
        0x00, 0x26, 0x92, 0x00, 0x00, 0x21, 0x10, 0x00, 0x00, 0x21, 0x08, 0x00, 0x00, 0x21, 0xFE, 0x1F,
        0x00, 0x21, 0xFE, 0x1F, 0x00, 0x21, 0x23, 0x04, 0xF8, 0xBF, 0x22, 0x04, 0x10, 0xE1, 0x22, 0x04,
        0x00, 0x61, 0x22, 0x04, 0x80, 0x39, 0x22, 0x04, 0x00, 0x2D, 0x22, 0x04, 0x00, 0x27, 0x22, 0x04,
        0xC0, 0x23, 0xFF, 0x1F, 0xC0, 0x20, 0x02, 0x00, 0x40, 0x30, 0x00, 0x00, 0x00, 0x20, 0x00, 0x00,
        0x00, 0x00, 0x00, 0x00, 0x00, 0x00, 0x00, 0x00, 0x00, 0x00, 0x00, 0x00, 0x00, 0x00, 0x00, 0x00,
    /* '?' */
    0xD1,0xE9,
        0x00, 0x00, 0x00, 0x00, 0x00, 0x00, 0x00, 0x00, 0x00, 0x00, 0x00, 0x00, 0x00, 0x00, 0x20, 0x00,
        0x20, 0x00, 0x61, 0x00, 0x20, 0xF0, 0x23, 0x00, 0x20, 0xFF, 0x21, 0x02, 0x20, 0x02, 0x01, 0x02,
        0x20, 0x00, 0x11, 0x04, 0x20, 0x00, 0x11, 0x0C, 0xA0, 0xFF, 0x11, 0x06, 0xF0, 0x07, 0xF1, 0x03,
        0x20, 0x80, 0x7F, 0x00, 0x00, 0x40, 0x01, 0x04, 0x00, 0x20, 0x00, 0x04, 0x00, 0x30, 0x0C, 0x04,
        0x00, 0x2C, 0xF8, 0x04, 0x00, 0x27, 0x60, 0x04, 0xC0, 0x21, 0x01, 0x04, 0x70, 0x20, 0x1E, 0x04,
        0x38, 0x20, 0x78, 0x04, 0xD0, 0x20, 0x00, 0x04, 0x00, 0x23, 0x00, 0x07, 0x00, 0x36, 0xE0, 0x04,
        0x00, 0x2C, 0x1E, 0x04, 0x00, 0x18, 0x07, 0x04, 0x00, 0x30, 0x00, 0x06, 0x00, 0x30, 0x00, 0x04,
        0x00, 0x00, 0x00, 0x00, 0x00, 0x00, 0x00, 0x00, 0x00, 0x00, 0x00, 0x00, 0x00, 0x00, 0x00, 0x00,
    /* '?' */
    0xD2,0xC6,
        0x00, 0x00, 0x00, 0x00, 0x00, 0x00, 0x00, 0x00, 0x00, 0x00, 0x00, 0x00, 0x00, 0x08, 0x80, 0x00,
        0x40, 0x08, 0x40, 0x00, 0x40, 0x08, 0x30, 0x00, 0x40, 0x08, 0x0C, 0x00, 0x40, 0x88, 0x03, 0x00,
        0x20, 0xF8, 0x00, 0x00, 0xE0, 0xFF, 0xFF, 0x1F, 0x20, 0x88, 0x00, 0x00, 0x30, 0x88, 0x01, 0x10,
        0x30, 0x08, 0x07, 0x10, 0x20, 0x0C, 0x46, 0x00, 0x00, 0x08, 0x20, 0x08, 0x00, 0x04, 0x21, 0x08,
        0x00, 0x02, 0x11, 0x08, 0x80, 0x81, 0x08, 0x04, 0xE0, 0xC2, 0x14, 0x04, 0xF8, 0x4C, 0xE6, 0x06,
        0x90, 0xA0, 0x43, 0x03, 0x80, 0xD0, 0x03, 0x01, 0x80, 0xD8, 0x82, 0x01, 0x80, 0x0C, 0xC2, 0x00,
        0x80, 0x07, 0x72, 0x00, 0x80, 0x01, 0x3A, 0x00, 0x80, 0x00, 0x0E, 0x00, 0x00, 0x00, 0x06, 0x00,
        0x00, 0x00, 0x00, 0x00, 0x00, 0x00, 0x00, 0x00, 0x00, 0x00, 0x00, 0x00, 0x00, 0x00, 0x00, 0x00,
    /* '?' */
    0xD2,0xEB,
        0x00, 0x00, 0x00, 0x00, 0x00, 0x00, 0x00, 0x00, 0x00, 0x00, 0x00, 0x00, 0x00, 0x08, 0x00, 0x00,
        0x00, 0x08, 0x00, 0x00, 0x00, 0x08, 0x00, 0x00, 0x08, 0x08, 0x00, 0x00, 0x70, 0xF8, 0xFF, 0x00,
        0xE0, 0xF8, 0xFF, 0x01, 0x00, 0x08, 0xC0, 0x00, 0x00, 0x80, 0x20, 0x00, 0x00, 0x40, 0x18, 0x00,
        0x10, 0x40, 0x10, 0x00, 0x10, 0x20, 0x11, 0x00, 0x30, 0x20, 0x11, 0x00, 0x50, 0x30, 0x11, 0x00,
        0x90, 0x11, 0x11, 0x00, 0x10, 0x0B, 0x11, 0x00, 0x10, 0xEE, 0xF1, 0x0F, 0x10, 0xEE, 0xFF, 0x0F,
        0x10, 0x0B, 0x11, 0x00, 0x90, 0x19, 0x11, 0x00, 0xF0, 0x10, 0x11, 0x00, 0x78, 0x30, 0x11, 0x00,
        0x10, 0xB0, 0x11, 0x00, 0x00, 0x30, 0x11, 0x00, 0x00, 0x70, 0x18, 0x00, 0x00, 0x20, 0x10, 0x00,
        0x00, 0x00, 0x00, 0x00, 0x00, 0x00, 0x00, 0x00, 0x00, 0x00, 0x00, 0x00, 0x00, 0x00, 0x00, 0x00,
    /* '?' */
    0xD3,0xC3,
        0x00, 0x00, 0x00, 0x00, 0x00, 0x00, 0x00, 0x00, 0x00, 0x00, 0x00, 0x00, 0x00, 0x00, 0x00, 0x08,
        0x00, 0x00, 0x00, 0x04, 0x00, 0x00, 0x80, 0x03, 0x00, 0x00, 0xF8, 0x00, 0xF0, 0xFF, 0x1F, 0x00,
        0x10, 0x08, 0x02, 0x00, 0x10, 0x08, 0x02, 0x00, 0x10, 0x08, 0x02, 0x00, 0x10, 0x08, 0x02, 0x00,
        0x10, 0x08, 0x02, 0x00, 0x10, 0x08, 0x02, 0x00, 0x10, 0x08, 0x02, 0x00, 0xF0, 0xFF, 0xFF, 0x07,
        0xF0, 0xFF, 0xFF, 0x07, 0x10, 0x08, 0x02, 0x00, 0x10, 0x08, 0x02, 0x00, 0x10, 0x08, 0x02, 0x00,
        0x10, 0x08, 0x02, 0x02, 0x10, 0x08, 0x02, 0x02, 0x10, 0x08, 0x02, 0x06, 0x10, 0x08, 0x02, 0x0E,
        0xF0, 0xFF, 0xFF, 0x07, 0xF8, 0xFF, 0xFF, 0x03, 0x00, 0x00, 0x00, 0x00, 0x00, 0x00, 0x00, 0x00,
        0x00, 0x00, 0x00, 0x00, 0x00, 0x00, 0x00, 0x00, 0x00, 0x00, 0x00, 0x00, 0x00, 0x00, 0x00, 0x00,
    /* '?' */
    0xD3,0xD2,
        0x00, 0x00, 0x00, 0x00, 0x00, 0x00, 0x00, 0x00, 0x00, 0x00, 0x00, 0x00, 0x00, 0x00, 0x00, 0x00,
        0x00, 0x02, 0x80, 0x00, 0x00, 0x02, 0x40, 0x00, 0x00, 0x02, 0x20, 0x00, 0x00, 0x02, 0x10, 0x00,
        0x00, 0x02, 0x0C, 0x00, 0x00, 0x02, 0x06, 0x00, 0x00, 0x02, 0x03, 0x00, 0x00, 0xC2, 0xFF, 0x0F,
        0x00, 0x72, 0xFF, 0x07, 0x00, 0x1E, 0x01, 0x02, 0xF0, 0x07, 0x01, 0x02, 0xF0, 0x02, 0x01, 0x02,
        0x20, 0x02, 0x01, 0x02, 0x00, 0x02, 0x01, 0x02, 0x00, 0x02, 0x01, 0x02, 0x00, 0x02, 0x01, 0x02,
        0x00, 0x02, 0x01, 0x02, 0x00, 0x02, 0x01, 0x02, 0x00, 0x02, 0x01, 0x02, 0x00, 0x82, 0xFF, 0x0F,
        0x00, 0x02, 0x01, 0x04, 0x00, 0x03, 0x00, 0x00, 0x00, 0x03, 0x00, 0x00, 0x00, 0x02, 0x00, 0x00,
        0x00, 0x00, 0x00, 0x00, 0x00, 0x00, 0x00, 0x00, 0x00, 0x00, 0x00, 0x00, 0x00, 0x00, 0x00, 0x00,
    /* '?' */
    0xD4,0xCB,
        0x00, 0x00, 0x00, 0x00, 0x00, 0x00, 0x00, 0x00, 0x00, 0x00, 0x00, 0x00, 0x00, 0x10, 0x00, 0x01,
        0x00, 0x10, 0x80, 0x03, 0x00, 0x10, 0x80, 0x01, 0x10, 0x10, 0xC0, 0x00, 0x60, 0x10, 0x40, 0x00,
        0xC0, 0xF9, 0x7F, 0x00, 0x80, 0x10, 0xC0, 0x00, 0x00, 0x00, 0x80, 0x00, 0x00, 0x08, 0x00, 0x01,
        0x00, 0x08, 0x10, 0x03, 0x40, 0x08, 0x38, 0x02, 0x40, 0x08, 0x34, 0x02, 0x40, 0x08, 0x12, 0x06,
        0x40, 0x88, 0x11, 0x06, 0x40, 0xE8, 0x10, 0x06, 0x40, 0x38, 0x10, 0x06, 0x40, 0x28, 0x10, 0x06,
        0x40, 0x08, 0x10, 0x06, 0x40, 0x08, 0x11, 0x06, 0x40, 0x08, 0x12, 0x06, 0x60, 0x08, 0x0E, 0x06,
        0x40, 0x08, 0x3C, 0x06, 0x00, 0x0C, 0x38, 0x06, 0x00, 0x0C, 0x00, 0x06, 0x00, 0x08, 0x00, 0x02,
        0x00, 0x00, 0x00, 0x00, 0x00, 0x00, 0x00, 0x00, 0x00, 0x00, 0x00, 0x00, 0x00, 0x00, 0x00, 0x00,
    /* '?' */
    0xD5,0xF3,
        0x00, 0x00, 0x00, 0x00, 0x00, 0x00, 0x00, 0x00, 0x00, 0x00, 0x00, 0x00, 0x00, 0x00, 0x00, 0x00,
        0x00, 0x00, 0x00, 0x00, 0xE0, 0xFF, 0xFF, 0x1F, 0x20, 0x00, 0x00, 0x00, 0x20, 0x00, 0x10, 0x00,
        0x20, 0x18, 0x10, 0x00, 0x20, 0x26, 0x30, 0x00, 0xE0, 0xC1, 0x38, 0x00, 0x70, 0x80, 0x1F, 0x00,
        0x20, 0x00, 0x20, 0x00, 0x80, 0x00, 0x20, 0x00, 0x80, 0x80, 0x21, 0x00, 0x80, 0xF0, 0x20, 0x00,
        0x80, 0x9E, 0x20, 0x00, 0xE0, 0x83, 0x20, 0x00, 0xF8, 0x80, 0x20, 0x00, 0x90, 0x80, 0x20, 0x00,
        0x80, 0xF8, 0xFF, 0x1F, 0x80, 0x88, 0x20, 0x00, 0x80, 0x80, 0x20, 0x00, 0x80, 0x80, 0x20, 0x00,
        0x80, 0x80, 0x20, 0x00, 0xC0, 0xC0, 0x20, 0x00, 0x80, 0x80, 0x30, 0x00, 0x00, 0x00, 0x20, 0x00,
        0x00, 0x00, 0x00, 0x00, 0x00, 0x00, 0x00, 0x00, 0x00, 0x00, 0x00, 0x00, 0x00, 0x00, 0x00, 0x00,
    /* '?' */
    0xD6,0xB9,
        0x00, 0x00, 0x00, 0x00, 0x00, 0x00, 0x00, 0x00, 0x00, 0x00, 0x00, 0x00, 0x00, 0x00, 0x00, 0x04,
        0x00, 0x00, 0x00, 0x04, 0x00, 0x00, 0x00, 0x04, 0x00, 0x00, 0x00, 0x04, 0x00, 0x00, 0x00, 0x04,
        0x00, 0x00, 0x00, 0x04, 0x00, 0xF8, 0xFF, 0x07, 0x00, 0x08, 0x00, 0x04, 0x00, 0x00, 0x00, 0x04,
        0x00, 0x00, 0x00, 0x04, 0x00, 0x00, 0x00, 0x04, 0x00, 0x00, 0x00, 0x04, 0x00, 0x00, 0x00, 0x04,
        0xF0, 0xFF, 0xFF, 0x07, 0xE0, 0xFF, 0xFF, 0x07, 0x20, 0x20, 0x00, 0x04, 0x00, 0x20, 0x00, 0x04,
        0x00, 0x20, 0x00, 0x04, 0x00, 0x20, 0x00, 0x04, 0x00, 0x20, 0x00, 0x04, 0x00, 0x20, 0x00, 0x04,
        0x00, 0x30, 0x00, 0x04, 0x00, 0x30, 0x00, 0x06, 0x00, 0x20, 0x00, 0x06, 0x00, 0x00, 0x00, 0x04,
        0x00, 0x00, 0x00, 0x00, 0x00, 0x00, 0x00, 0x00, 0x00, 0x00, 0x00, 0x00, 0x00, 0x00, 0x00, 0x00,
    /* '?' */
    0xD6,0xC3,
        0x00, 0x00, 0x00, 0x00, 0x00, 0x00, 0x00, 0x00, 0x00, 0x00, 0x00, 0x00, 0x00, 0x00, 0x00, 0x08,
        0x00, 0x00, 0x00, 0x08, 0x00, 0x08, 0x00, 0x08, 0x08, 0x0A, 0x00, 0x08, 0xF0, 0x0B, 0x00, 0x08,
        0x10, 0x09, 0x00, 0x08, 0x10, 0xC9, 0xFF, 0x0F, 0x10, 0x49, 0x22, 0x09, 0x10, 0x49, 0x22, 0x09,
        0xF0, 0x49, 0x22, 0x09, 0xF0, 0x49, 0x22, 0x09, 0x10, 0x79, 0x22, 0x09, 0x10, 0x7F, 0x22, 0x09,
        0x10, 0x4B, 0x22, 0x09, 0x10, 0x49, 0x22, 0x09, 0xF0, 0x49, 0x22, 0x09, 0xF0, 0x49, 0x22, 0x09,
        0x10, 0x49, 0x22, 0x09, 0x10, 0xC9, 0xFF, 0x0F, 0x10, 0xE9, 0xFF, 0x0F, 0x10, 0x49, 0x00, 0x08,
        0xF8, 0x0F, 0x00, 0x08, 0xF0, 0x09, 0x00, 0x08, 0x00, 0x00, 0x00, 0x0C, 0x00, 0x00, 0x00, 0x0C,
        0x00, 0x00, 0x00, 0x08, 0x00, 0x00, 0x00, 0x00, 0x00, 0x00, 0x00, 0x00, 0x00, 0x00, 0x00, 0x00,
    /* '?' */
    0xD6,0xC6,
        0x00, 0x00, 0x00, 0x00, 0x00, 0x00, 0x00, 0x00, 0x00, 0x00, 0x00, 0x00, 0x00, 0x20, 0x00, 0x00,
        0x00, 0x30, 0x00, 0x00, 0x00, 0x2E, 0xFF, 0x01, 0xC0, 0x23, 0xFF, 0x01, 0x80, 0x22, 0x01, 0x00,
        0x00, 0x22, 0x01, 0x00, 0x00, 0x22, 0x01, 0x00, 0xF8, 0xFF, 0xFF, 0x1F, 0xF0, 0xFF, 0xFF, 0x0F,
        0x00, 0x22, 0x01, 0x00, 0x00, 0x22, 0x81, 0x00, 0x00, 0x22, 0x81, 0x00, 0x00, 0x23, 0x81, 0x01,
        0x00, 0x22, 0xFF, 0x00, 0x00, 0x20, 0x01, 0x00, 0x00, 0x00, 0x00, 0x00, 0x00, 0x00, 0x00, 0x00,
        0x80, 0xFF, 0x3F, 0x00, 0x00, 0xFF, 0x3F, 0x04, 0x00, 0x00, 0x00, 0x04, 0x00, 0x00, 0x00, 0x04,
        0x00, 0x00, 0x00, 0x0C, 0xF8, 0xFF, 0xFF, 0x1F, 0xF0, 0xFF, 0xFF, 0x07, 0x00, 0x00, 0x00, 0x00,
        0x00, 0x00, 0x00, 0x00, 0x00, 0x00, 0x00, 0x00, 0x00, 0x00, 0x00, 0x00, 0x00, 0x00, 0x00, 0x00,
    /* '?' */
    0xC9,0xCF,
        0x00, 0x00, 0x00, 0x00, 0x00, 0x00, 0x00, 0x00, 0x00, 0x00, 0x00, 0x00, 0x00, 0x00, 0x00, 0x00,
        0x00, 0x00, 0x00, 0x03, 0x00, 0x00, 0x00, 0x03, 0x00, 0x80, 0x01, 0x03, 0x00, 0x80, 0x01, 0x03,
        0x00, 0x80, 0x01, 0x03, 0x00, 0x80, 0x01, 0x03, 0x00, 0x80, 0x01, 0x03, 0x00, 0x80, 0x01, 0x03,
        0x00, 0x80, 0x01, 0x03, 0x00, 0x80, 0x01, 0x03, 0x00, 0x80, 0x01, 0x03, 0xC0, 0xFF, 0xFF, 0x03,
        0xC0, 0xFF, 0xFF, 0x03, 0x00, 0x80, 0x01, 0x03, 0x00, 0x80, 0x01, 0x03, 0x00, 0x80, 0x01, 0x03,
        0x00, 0x80, 0x01, 0x03, 0x00, 0x80, 0x01, 0x03, 0x00, 0x80, 0x01, 0x03, 0x00, 0x80, 0x01, 0x03,
        0x00, 0x80, 0x01, 0x03, 0x00, 0x80, 0x01, 0x03, 0x00, 0x00, 0x00, 0x03, 0x00, 0x00, 0x00, 0x03,
        0x00, 0x00, 0x00, 0x00, 0x00, 0x00, 0x00, 0x00, 0x00, 0x00, 0x00, 0x00, 0x00, 0x00, 0x00, 0x00,
    /* '?' */
    0xCF,0xC2,
        0x00, 0x00, 0x00, 0x00, 0x00, 0x00, 0x00, 0x00, 0x00, 0x00, 0x00, 0x00, 0x00, 0x00, 0x00, 0x00,
        0xC0, 0x00, 0x00, 0x00, 0xC0, 0x00, 0x00, 0x00, 0xC0, 0x00, 0x00, 0x00, 0xC0, 0x00, 0x00, 0x00,
        0xC0, 0x00, 0x00, 0x00, 0xC0, 0x00, 0x00, 0x00, 0xC0, 0x00, 0x00, 0x00, 0xC0, 0x00, 0x00, 0x00,
        0xC0, 0x00, 0x00, 0x00, 0xC0, 0x00, 0x00, 0x00, 0xC0, 0x00, 0x00, 0x00, 0xC0, 0xFF, 0xFF, 0x07,
        0xC0, 0xFF, 0xFF, 0x07, 0xC0, 0x00, 0x00, 0x00, 0xC0, 0x00, 0x02, 0x00, 0xC0, 0x00, 0x0C, 0x00,
        0xC0, 0x00, 0x30, 0x00, 0xC0, 0x00, 0xC0, 0x00, 0xC0, 0x00, 0x00, 0x03, 0xC0, 0x00, 0x00, 0x00,
        0xC0, 0x00, 0x00, 0x00, 0xC0, 0x00, 0x00, 0x00, 0xC0, 0x00, 0x00, 0x00, 0xC0, 0x00, 0x00, 0x00,
        0x00, 0x00, 0x00, 0x00, 0x00, 0x00, 0x00, 0x00, 0x00, 0x00, 0x00, 0x00, 0x00, 0x00, 0x00, 0x00,
    /* '?' */
    0xD6,0xD0,
        0x00, 0x00, 0x00, 0x00, 0x00, 0x00, 0x00, 0x00, 0x00, 0x00, 0x00, 0x00, 0x00, 0x00, 0x00, 0x00,
        0x00, 0x00, 0x00, 0x00, 0x00, 0x00, 0x00, 0x00, 0x00, 0xFF, 0xFF, 0x00, 0x00, 0xFF, 0xFF, 0x00,
        0x00, 0x03, 0xC0, 0x00, 0x00, 0x03, 0xC0, 0x00, 0x00, 0x03, 0xC0, 0x00, 0x00, 0x03, 0xC0, 0x00,
        0x00, 0x03, 0xC0, 0x00, 0x00, 0x03, 0xC0, 0x00, 0x00, 0x03, 0xC0, 0x00, 0xF0, 0xFF, 0xFF, 0x0F,
        0xF0, 0xFF, 0xFF, 0x0F, 0x00, 0x03, 0xC0, 0x00, 0x00, 0x03, 0xC0, 0x00, 0x00, 0x03, 0xC0, 0x00,
        0x00, 0x03, 0xC0, 0x00, 0x00, 0x03, 0xC0, 0x00, 0x00, 0x03, 0xC0, 0x00, 0x00, 0x03, 0xC0, 0x00,
        0x00, 0xFF, 0xFF, 0x00, 0x00, 0xFF, 0xFF, 0x00, 0x00, 0x00, 0x00, 0x00, 0x00, 0x00, 0x00, 0x00,
        0x00, 0x00, 0x00, 0x00, 0x00, 0x00, 0x00, 0x00, 0x00, 0x00, 0x00, 0x00, 0x00, 0x00, 0x00, 0x00,
    /* '?' */
    0xD6,0xD3,
        0x00, 0x00, 0x00, 0x00, 0x00, 0x00, 0x00, 0x00, 0x00, 0x00, 0x00, 0x00, 0x00, 0x80, 0x02, 0x00,
        0x00, 0x60, 0x02, 0x00, 0x00, 0x1C, 0x02, 0x00, 0x80, 0x17, 0x02, 0x00, 0xF8, 0x11, 0x02, 0x02,
        0x70, 0xF1, 0xFF, 0x07, 0x10, 0x11, 0x02, 0x03, 0x00, 0x11, 0x02, 0x01, 0x00, 0x19, 0x82, 0x00,
        0x80, 0x11, 0x43, 0x00, 0x00, 0x01, 0x22, 0x00, 0x00, 0x00, 0x00, 0x00, 0x00, 0xFC, 0x0F, 0x00,
        0x00, 0xFC, 0x07, 0x00, 0x00, 0x04, 0x02, 0x00, 0x00, 0x04, 0x02, 0x00, 0x00, 0x04, 0x02, 0x00,
        0xF8, 0xFF, 0xFF, 0x1F, 0xF0, 0xFF, 0xFF, 0x0F, 0x00, 0x04, 0x02, 0x00, 0x00, 0x04, 0x02, 0x00,
        0x00, 0x04, 0x02, 0x00, 0x00, 0xFC, 0x0F, 0x00, 0x00, 0xFC, 0x07, 0x00, 0x00, 0x04, 0x00, 0x00,
        0x00, 0x00, 0x00, 0x00, 0x00, 0x00, 0x00, 0x00, 0x00, 0x00, 0x00, 0x00, 0x00, 0x00, 0x00, 0x00,
    /* '?' */
    0xD7,0xD6,
        0x00, 0x00, 0x00, 0x00, 0x00, 0x00, 0x00, 0x00, 0x00, 0x00, 0x00, 0x00, 0x00, 0x00, 0x04, 0x00,
        0x00, 0x00, 0x04, 0x00, 0x00, 0x04, 0x04, 0x00, 0x00, 0x07, 0x04, 0x00, 0x80, 0x00, 0x04, 0x00,
        0x80, 0x08, 0x04, 0x00, 0x80, 0x08, 0x04, 0x00, 0x80, 0x08, 0x04, 0x00, 0x80, 0x08, 0x04, 0x04,
        0x80, 0x08, 0x04, 0x04, 0x80, 0x08, 0x04, 0x0C, 0x88, 0x08, 0x04, 0x1C, 0xB0, 0x88, 0xFF, 0x1F,
        0xE0, 0x08, 0xFF, 0x0F, 0x80, 0x88, 0x04, 0x00, 0x80, 0x48, 0x04, 0x00, 0x80, 0x28, 0x04, 0x00,
        0x80, 0x38, 0x04, 0x00, 0x80, 0x1C, 0x04, 0x00, 0x80, 0x18, 0x04, 0x00, 0x80, 0x04, 0x04, 0x00,
        0x80, 0x02, 0x04, 0x00, 0xC0, 0x01, 0x04, 0x00, 0x80, 0x00, 0x06, 0x00, 0x00, 0x00, 0x04, 0x00,
        0x00, 0x00, 0x00, 0x00, 0x00, 0x00, 0x00, 0x00, 0x00, 0x00, 0x00, 0x00, 0x00, 0x00, 0x00, 0x00,
    /* '?' */
    0xD7,0xE9,
        0x00, 0x00, 0x00, 0x00, 0x00, 0x00, 0x00, 0x00, 0x00, 0x00, 0x00, 0x00, 0x00, 0x00, 0x00, 0x00,
        0x00, 0x30, 0x08, 0x06, 0x00, 0x3C, 0x1C, 0x02, 0x00, 0x17, 0x0E, 0x03, 0xC0, 0x11, 0x09, 0x03,
        0x78, 0xD0, 0x08, 0x01, 0x10, 0x70, 0x04, 0x01, 0x00, 0x18, 0x84, 0x00, 0x00, 0x0F, 0x84, 0x04,
        0x00, 0x03, 0x80, 0x04, 0x00, 0x00, 0x00, 0x04, 0x00, 0x00, 0x00, 0x04, 0xE0, 0xFF, 0xFF, 0x07,
        0x20, 0x10, 0x08, 0x04, 0x20, 0x10, 0x08, 0x04, 0x20, 0x10, 0x08, 0x04, 0x20, 0x10, 0x08, 0x04,
        0x20, 0x10, 0x08, 0x04, 0x20, 0x10, 0x08, 0x04, 0x20, 0x10, 0x08, 0x04, 0xE0, 0xFF, 0xFF, 0x07,
        0xE0, 0xFF, 0xFF, 0x07, 0x20, 0x00, 0x00, 0x04, 0x00, 0x00, 0x00, 0x06, 0x00, 0x00, 0x00, 0x06,
        0x00, 0x00, 0x00, 0x04, 0x00, 0x00, 0x00, 0x00, 0x00, 0x00, 0x00, 0x00, 0x00, 0x00, 0x00, 0x00,
    /* '?' */
    0xD7,0xF3,
        0x00, 0x00, 0x00, 0x00, 0x00, 0x00, 0x00, 0x00, 0x00, 0x00, 0x00, 0x00, 0x00, 0x00, 0x00, 0x00,
        0x00, 0x00, 0x00, 0x02, 0x00, 0x01, 0x00, 0x01, 0x00, 0x01, 0xC0, 0x00, 0x00, 0x01, 0x60, 0x00,
        0x00, 0x01, 0x18, 0x04, 0x00, 0x01, 0x0E, 0x04, 0x00, 0x81, 0x03, 0x04, 0x00, 0xF9, 0x01, 0x04,
        0x80, 0x1F, 0x01, 0x04, 0xF8, 0x03, 0x01, 0x04, 0x30, 0x01, 0x01, 0x04, 0x00, 0x01, 0x01, 0x04,
        0x00, 0x01, 0x01, 0x04, 0x00, 0x01, 0xFF, 0x07, 0x00, 0x01, 0x01, 0x04, 0x00, 0x01, 0x01, 0x04,
        0x00, 0x01, 0x01, 0x04, 0x00, 0x01, 0x01, 0x04, 0x00, 0x01, 0x01, 0x04, 0x00, 0x81, 0x01, 0x04,
        0x80, 0x01, 0x01, 0x04, 0x80, 0x01, 0x00, 0x06, 0x00, 0x01, 0x00, 0x04, 0x00, 0x00, 0x00, 0x00,
        0x00, 0x00, 0x00, 0x00, 0x00, 0x00, 0x00, 0x00, 0x00, 0x00, 0x00, 0x00, 0x00, 0x00, 0x00, 0x00,
};

#endif





















