:020000040800F2
:1000000008070024AD020008B9020008BB0200087E
:10001000BD020008BF020008C10200080000000085
:10002000000000000000000000000000C302000803
:10003000C502000800000000C7020008E97B0008B4
:10004000CB020008CB020008CB020008CB0200085C
:10005000CB020008CB020008CB020008CB0200084C
:10006000CB020008CB020008CB020008910900086F
:100070009D090008CB020008CB020008CB02000853
:10008000CB020008CB020008CB020008CB0200081C
:10009000CB020008CB020008CB020008CB0200080C
:1000A000CB020008CB020008CB020008CB020008FC
:1000B000CB020008CB020008CB020008CB020008EC
:1000C000CB020008CB020008CB02000861770008D1
:1000D000CB020008CB020008CB020008CB020008CC
:1000E000CB020008CB02000800000000CB02000891
:1000F000CB020008CB020008CB020008CB020008AC
:10010000CB020008CB020008CB020008CB0200089B
:10011000CB020008CB020008CB020008CB0200088B
:10012000CB020008CB020008CB020008CB0200087B
:10013000CB020008CB020008CB020008CB0200086B
:1001400000000000000000000000000000000000AF
:10015000CB020008CB020008CB020008CB0200084B
:10016000CB020008CB020008CB020008CB0200083B
:10017000CB020008CB020008CB0200080000000000
:10018000CB020008CB020008CB020008CB0200081B
:10019000CB020008CB020008CB020008CB0200080B
:1001A000CB020008CB020008CB020008CB020008FB
:1001B000CB020008CB020008CB020008CB020008EB
:1001C000CB020008CB020008CB020008CB020008DB
:1001D000CB020008CB020008CB020008CB020008CB
:1001E000CB020008CB020008CB020008CB020008BB
:1001F000CB020008CB020008CB020008CB020008AB
:10020000CB020008CB020008CB020008CB0200089A
:10021000CB020008CB020008CB020008CB0200088A
:10022000CB020008CB020008CB020008000000004F
:10023000CB020008CB02000800000000CB0200083F
:10024000CB020008CB020008CB020008CB0200085A
:10025000CB020008CB020008CB020008CB0200084A
:10026000CB020008CB020008CB020008CB0200083A
:10027000CB020008CB020008CB02000800000000FF
:10028000CB020008CB020008CB02000800000000EF
:1002900000000000CB020008DFF80CD000F046FAA6
:1002A0000048004775800008080700240748804779
:1002B0000748804707480047FEE7FEE7FEE7FEE7FE
:1002C000FEE7FEE7FEE7FEE7FEE7FEE75D0D00085E
:1002D000097D00089902000840EA01039B0703D04A
:1002E00009E008C9121F08C0042AFAD203E011F875
:1002F000013B00F8013B521EF9D27047D2B201E037
:1003000000F8012B491EFBD270470022F6E710B51A
:1003100013460A4604461946FFF7F0FF204610BD73
:10032000421C10F8011B0029FBD1801A704730B520
:100330000B46014600202022012409E021FA02F5A3
:100340009D4205D303FA02F5491B04FA02F528443D
:10035000151EA2F10102F1DC30BD2DE9F05F05466A
:10036000002092469B4688460646814640241BE074
:10037000284641464746224600F0F9F953465A4678
:10038000C01A914110D311461846224600F0E0F9F8
:100390002D1A67EB01084F4622460120002100F08C
:1003A000D7F917EB00094E41201EA4F10104DFDC50
:1003B000484631462A464346BDE8F09F2DE9FE4FA8
:1003C000804681EA0300C00F0C46009021F00041F6
:1003D00023F00045B8EB0200A94105D24046214672
:1003E00090461C460B46024623F00040104347D07F
:1003F000270DC7F30A00C3F30A510290401A019077
:1004000040286BDAC3F3130040F4801B0098924637
:1004100020B10023D2EB030A63EB0B0B0198594682
:10042000C0F14002504600F093F906460D46504692
:100430005946019A00F0ABF910EB08006141002425
:1004400087EA115284EAE7731A4340D0009A62B3F4
:10045000019A012A4FEA075215DC001B61EB0201E9
:100460004FF0004202EA0752CDE90042001C41F57C
:10047000801132462B4600F0ABF903B0BDE8F08F97
:1004800040462146F9E7001B61EB0201001C41F5E3
:10049000801300185B412018A2F5001747EB0301F9
:1004A00040EAD570B6196D4111E06D084FEA360685
:1004B00045EAC0754FEA0752001B61EB0201001CC0
:1004C00041F5801149084FEA300000195141324688
:1004D0002B4603B0BDE8F04F00F06BB90098012245
:1004E00040000023D0EB020263EBE073009821464A
:1004F0004FEAE074B8EB000061EB0401E9E783F038
:1005000000435BE781F0004158E72DE9FE4F81EAA7
:10051000030404F0004421F0004100944FF0000B6C
:1005200023F0004350EA01045ED052EA03045BD09A
:10053000C3F30A54C1F30A552C44A4F2F3340194D2
:10054000A0FB0254C1F3130141F48011C3F3130360
:1005500043F4801301FB024400FB034E840A970A14
:1005600044EA815447EA8357A4FB076802958D0A41
:1005700005FB07854FEA932C04FB0C542705029DCD
:100580004FEA065847EA1637B5EB08056EEB070C3D
:10059000870E920E47EA811742EA8312A7FB0201F7
:1005A000B6EB0B0164EB00042B0D43EA0C335E1831
:1005B00044EB1C50DA465146E7FB0201C5F3130435
:1005C0004FEA0B3343EA14534FEA0432019C43EAE7
:1005D0000603A4F10C040294009CCDE900B400F0E1
:1005E000F7F803B0BDE8F08F00200146F9E72DE9E8
:1005F000F04D81EA030404F0004B21F0004514465D
:100600004FF0000A23F0004150EA050220D054EADE
:1006100001021DD0C5F30A570246C5F31303C1F307
:100620001300C1F30A5640F4801543F48013A7EB7E
:100630000608101BD64608F2FD3873EB050002D3FE
:1006400008F1010801E092185B41B8F1000F03DAEC
:1006500000200146BDE8F08D00204FF480110646D1
:1006600084460EE0171B73EB050705D3121B63EBE3
:10067000050306434CEA010C49084FEA3000921882
:100680005B4150EA0107EDD152EA030012D082EA41
:10069000040083EA0501084305D0101BAB4106D2D4
:1006A0000122002306E000224FF0004302E06FF039
:1006B000010253101AEB06004CEB085110EB0A0034
:1006C00041EB0B01BDE8F04D00F073B8C1F30A52E5
:1006D000C1F3130140F2FF3341F480119A4202DA70
:1006E00000200146704740F233439A42A2F233425F
:1006F00002DC524200F03BB800F02AB830B5041ECC
:1007000071F1000404DB4FF00044404264EB01014E
:10071000141E73F1000405DB1C464FF000435242E7
:1007200063EB0403994208BF904230BD064C074D6D
:1007300006E0E06840F0010394E8070098471034B1
:10074000AC42F6D3FFF7ACFD600501088005010857
:10075000202A04DB203A00FA02F100207047914081
:10076000C2F1200320FA03F3194390407047202A76
:1007700004DB203A21FA02F00021704721FA02F34B
:10078000D040C2F120029140084319467047202A08
:1007900006DBCB17203A41FA02F043EAE07306E0A9
:1007A00041FA02F3D040C2F12002914008431946B9
:1007B000704710B5141E73F1000408DA401C41F1B3
:1007C000000192185B411A4301D120F0010010BDD5
:1007D0002DE9F04D92469B4611B1B1FA81F202E04B
:1007E000B0FA80F220329046FFF7B2FF04460F467F
:1007F00040EA0A0041EA0B0153465A46084313D027
:10080000114653EA010019D0C8F140025046FFF7E3
:10081000AEFF05460E46504659464246FFF798FF42
:10082000084305D0012004E020463946BDE8F08D9C
:100830000020054346EAE0762C4337430A986305D7
:10084000E40AA0EB08000022FD0A44EA47540A30FB
:1008500002D500200146E9E7010510196941DDE9EB
:10086000084500196941BDE8F04DA2E780B500F0E8
:100870000DF827200021002207F02EFE272001215D
:100880000022BDE8804007F027BE0000FEB50D49FC
:10089000002005900A6842F002020A60096801F02F
:1008A00002010091CDE90300112002904FF4C070C5
:1008B0000190009801A9044801F0EEFC07F0E6FD64
:1008C00006B080BDE04402580004025880B5FFF72E
:1008D000DDFF26200021002207F0FEFD0020BDE8FC
:1008E000804000F00EB810B50446C2B22720122195
:1008F00007F0F2FD220A27201321BDE8104007F07F
:10090000EBBD80F0FF022620122107F0E5BD0000BC
:10091000F0B51E48016889030ED4BFF34F8F002144
:10092000BFF36F8FC0F83C1206F03BFD016841F445
:100930000031016006F035FD0168C90325D40021AE
:10094000016743F6E07CBFF34F8FC36EDA08C3F351
:100950004E31C3F3C903920701330CEA4115164621
:100960001F4646EA050406F14046013FC0F84C42E6
:10097000F7D14C1E00292146EFD1BFF34F8F0168FC
:1009800041F48031016006F00CFDF0BD14ED00E093
:100990000148043000F002BE20000024014800F0AD
:1009A000FDBD00BFE001002410B50168234A91425B
:1009B00023D0234A91421CBF224A91421DD0224A91
:1009C00091421CBF214A914217D0214A91421CBF3B
:1009D000204A914211D0204A91421CBF1F4A9142A5
:1009E0000BD01F4A91421CBF1E4A914205D01E4A9D
:1009F00091421CBF1D4A914213D101F0F802182305
:100A00001EA4103AB2FBF3F303F00703E35CC365E3
:100A100040F2FF3399435F2A88BF0431816508465D
:100A200010BD134A9142E8D0124A9142E5D0124AD1
:100A30009142E2D021F0FF01F0E700BF1000024038
:100A4000280002404000024058000240700002406E
:100A500088000240A0000240B8000240100402409A
:100A6000280402404004024058040240700402403E
:100A700088040240B8040240A00402400006101698
:100A80000006101610B50168AB4A91420BD0AB4A74
:100A900091421CBFAA4A914205D0AA4A91421CBF6A
:100AA000A94A914213D101F0FC011422154B0839D7
:100AB000B1FBF2F203F1800103EB820302F01F02AB
:100AC0000124C0E9183104FA02F2826610BD9F4A7F
:100AD0009142E8D09E4A9142E5D09E4A9142E2D0AE
:100AE00001F0F8021823084C103AB2FBF3F3A142CC
:100AF0001A4688BF0832AA34A14228BF1A46034BBF
:100B0000D8E700BF005802580F0402400008024016
:100B100070B501794A1E072A1AD8144B0568864E0B
:100B200003F14404B5420BD0844EB5421CBF844E41
:100B3000B54205D0834EB5421CBF834EB54208D1A5
:100B4000012503EB8101C0E91B1405FA02F242679B
:100B500070BD7E4EB542F3D07E4EB542F0D07C4E95
:100B6000B5421CBF024B03F14404E9E7FC580258AC
:100B7000FC080240F0B5964604685F4AD0F858C0B9
:100B800094423BD05D4FBC421CBF5D4FBC4235D050
:100B90005C4FBC421CBF5C4FBC422FD05B4FBC4281
:100BA0001CBF5B4FBC4229D05A4FBC421CBF5A4F9E
:100BB000BC4223D0594FBC421CBF594FBC421DD030
:100BC000584FBC421CBF584FBC4217D0574FBC4275
:100BD0001CBF574FBC4211D0564FBC421CBF564F92
:100BE000BC420BD0554FBC421CBF554FBC4205D038
:100BF000544FBC421CBF544FBC4267D1C66ED0E9B3
:100C000019757D6016B1D0E91C566E60944229D0EA
:100C10003A4A94421CBF3A4A944223D0394A9442F9
:100C20001CBF394A94421DD0384A94421CBF384AEE
:100C3000944217D0374A94421CBF374A944211D08D
:100C4000364A94421CBF364A94420BD0354A9442ED
:100C50001CBF354A944205D0344A94421CBF344AE2
:100C6000944217D18268C06D3F2500F01F0005FA3D
:100C700000F0CCF80800206820F480202060402A92
:100C8000636003D1C4F808E0E160F0BDA160C4F87E
:100C90000CE0F0BD2E4A94421CBF274A94420BD070
:100CA000264A94421CBF264A944205D0254A9442C3
:100CB0001CBF254A944214D18268C06D012500F002
:100CC0001F0005FA00F0CCF80400D8E71F4FBC4223
:100CD00094D01F4FBC4291D01E4FBC423FF48EAF08
:100CE000D7E71A4A9442E7D01A4A9442E4D0114A0C
:100CF0009442B7D0CDE700BF100002402800024068
:100D0000400002405800024070000240880002404B
:100D1000A0000240B8000240100402402804024033
:100D2000400402405804024070040240880402401B
:100D3000A0040240B8040240085402581C5402584F
:100D40003054025844540258585402586C540258B3
:100D5000945402588054025872B6FEE7704780B52A
:100D6000FFF784FD4FF40040BDE88040FFF7BBBDB6
:100D7000FFF7B9BD2DE9F0418046D3480D468045C7
:100D800004D0D24840F2163107F026F8286802282D
:100D900004D3CE4840F2173107F01EF868680428E3
:100DA00004D3CA484FF4467107F016F8A86808281B
:100DB00002D806F0D7FA04D1C44840F2193107F03E
:100DC0000BF8E86840B1102818BF202804D0BF48AD
:100DD00040F21A3107F000F8286940F0400040283E
:100DE00004D0BA4840F21B3106F0F6FF686980284B
:100DF0000AD0B0F5807F18BFB0F5C07F04D0B348EB
:100E00004FF4477106F0E8FFA86940F40070B0F5B0
:100E1000007F04D0AD4840F21D3106F0DDFFE869E7
:100E200050B1B0F5006F18BFB0F5406F04D0A748BF
:100E300040F21E3106F0D0FF286A40F48050B0F531
:100E4000805F04D0A14840F21F3106F0C5FF686AF8
:100E500050B1B0F5005F18BFB0F5804F04D09B488B
:100E60004FF4487106F0B8FF2968D8F80000D9B1EE
:100E700005F11C0320F4F8402C1D0ECB084347F667
:100E8000FF7110431843C8F80000D8F804008843E5
:100E90001ECC084369691043184320430843A969DD
:100EA0000843C8F8040017E02F1D47F6FF71D5F876
:100EB00020E020EA010CD5E90640CECF41EA0C0142
:100EC000114319433143394321430843696A40EAD6
:100ED0000E000843C8F800000020BDE8F08100BF04
:100EE000B0B5044678480D46844204D077484FF4A4
:100EF0007C7106F071FFB5F5005F04D3734840F2D2
:100F0000F13106F069FF606943F6FE71884340EAFB
:100F1000450060610020B0BDB0B504466A480D468A
:100F2000844204D0694840F2D73106F055FF286862
:100F3000072804D365484FF4767106F04DFF6868C2
:100F4000182805D8012101FA00F01549084204D1FA
:100F50005E4840F2D93106F03FFFA86801380F28FB
:100F600004D35A4840F2DA3106F036FFE868B0F5AB
:100F7000005F05D3554840F2DB3106F02DFFE868ED
:100F80000ECD6FF01F0505EB431325696FF31505B3
:100F900029431143194341EA402020610020B0BD9C
:100FA00000010101F8B50446474816460D46844243
:100FB00004D0464840F2553106F00EFF286801384B
:100FC000102804D3414840F2563106F005FF686806
:100FD0000138102804D33D4840F2573106F0FCFE9A
:100FE000A8680138102804D338484FF4567106F029
:100FF000F3FEE8680138102804D3344840F2593130
:1010000006F0EAFE28690138102804D32F4840F280
:101010005A3106F0E1FE68690138102804D32B48E4
:1010200040F25B3106F0D8FEA8690138102804D3DD
:1010300026484FF4577106F0CFFE3EB3012E04D080
:10104000224840F25D3106F0C7FEA0682349204BDC
:101050006A696FF00F070840E96803EB0131084344
:101060001D4901EB02510843A060E06895E80E00BD
:101070002E6906F012F80843164901EB06410843B1
:10108000A969013940EA0160E0601AE0A06895E8CA
:101090004E006FF00F0706F000F80E4A08430C49A7
:1010A00001EB06310843296902EB01410A4A084372
:1010B000696902EB01510843A969013940EA0160FD
:1010C000A0600020F8BD00BF4041005278C3000876
:1010D00000F0FFFF0000FFFF0000F0FFFF0F0FFF19
:1010E000F8B5044601F024FA002C00F09080054683
:1010F00094F83500022840F08C802768A44EB7424F
:10110000386820F00100386024D0A24887421CBF14
:10111000A14887421ED0A14887421CBFA0488742F1
:1011200018D0A04887421CBF9F48874212D09F48D2
:1011300087421CBF9E4887420CD09E4887421CBFF6
:101140009D48874206D09D4887421CBF9C488742E5
:1011500040F0E380386820F01E01384640F8141B48
:101160006FF08001026811400160B7423CD0F34843
:1011700087421CBFF248874236D0F24887421CBFE4
:10118000F148874230D0F14887421CBFF04887427F
:101190002AD0F04887421CBFEF48874224D0EF484E
:1011A00087421CBFEE4887421ED0EE4887421CBFD4
:1011B000ED48874218D0ED4887421CBFED48874272
:1011C00012D0EB4887421CBFEB4887420CD0EB485B
:1011D00087421CBFEA48874206D0EA4887421CBFC4
:1011E000E948874240F0BC80206E016821F480719C
:1011F00001603868C00710D001F09AF9401B06283A
:10120000F7D320206065032084F8350003E0012037
:10121000F8BD8020606501207CE02068B04223D0CA
:10122000C64988421CBFC64988421DD0C54988426C
:101230001CBFC549884217D0C44988421CBFC44955
:10124000884211D0C34988421CBFC34988420BD091
:10125000C24988421CBFC249884205D0C149884260
:101260001CBFC149884268D1D4E916123F2302F05D
:101270001F0203FA02F28A60B0423BD0AF498842B3
:101280001CBFAF49884235D0AE4988421CBFAE4929
:1012900088422FD0AD4988421CBFAD49884229D031
:1012A000AC4988421CBFAC49884223D0AB49884234
:1012B0001CBFAB4988421DD0AA4988421CBFAA491D
:1012C000884217D0A94988421CBFAA49884211D038
:1012D000A74988421CBFA84988420BD0A749884229
:1012E0001CBFA749884205D0A64988421CBFA64911
:1012F000884242D1E06ED4E919124A6030B10168E7
:1013000021F480710160D4E91C014160012084F85E
:101310003500002006F0A9F8F8BD944887423FF454
:1013200019AF934887423FF415AF924887423FF484
:1013300011AF6FF00E01384614E78C49884293D004
:101340008B49884290D08B4988423FF48DAFD4E9D5
:101350001612012302F01F0203FA02F24A608BE721
:101360008A4887423FF440AF894887423FF43CAF08
:10137000884887423FF438AF3BE784498842B9D078
:1013800083498842B6D083498842B3D0BEE700BFC4
:101390001000024028000240400002405800024075
:1013A0007000024088000240A0000240B8000240E5
:1013B0001004024028040240400402405804024045
:1013C00070040240B0B500285CD090F835100229B6
:1013D00056D10168584A914223D0584B99421CBFBC
:1013E000574B99421DD0574B99421CBF564B9942BF
:1013F00017D0564B99421CBF554B994211D0554BB3
:1014000099421CBF544B99420BD0544B99421CBF7C
:10141000534B994205D0534B99421CBF524B9942B2
:1014200033D1042380F83530914223D043488142A0
:101430001CBF434881421DD0424881421CBF4248E4
:10144000814217D0414881421CBF4148814211D09E
:10145000404881421CBF404881420BD03F488142F6
:101460001CBF3F48814205D03E4881421CBF3E48D8
:1014700081424DD1086820F001000860002102E09F
:101480008021416501210846B0BD384B9942C8D042
:10149000374B9942C5D0374B9942C2D00A6822F0E7
:1014A00001020A600A6822F00E020A60324A914282
:1014B0000BD0324A91421CBF314A914205D0314A89
:1014C00091421CBF304A91422BD100F158041ECCEE
:1014D0001D6825F480751D6002F01F02012303FAC8
:1014E00002F24A60816E6160C16E31B10A6822F415
:1014F00080720A60D0E91C124A60002180F8341022
:10150000012280F83520026D002ABCD09047B5E753
:1015100016488142AED016488142ABD01548814270
:10152000A8E71A4A9142D0D0194A9142CDD0194A1F
:101530009142CAD0E1E700BF1000024028000240FB
:101540004000024058000240700002408800024003
:10155000A0000240B80002401004024028040240EB
:1015600040040240580402407004024088040240D3
:10157000B8040240A0040240085402581C54025807
:101580003054025844540258585402586C5402586B
:101590009454025880540258406D70472DE9F84326
:1015A000044600200090C34FDFF8F804D4F85890A8
:1015B000D0F800802068D9F80060D9F80010B8424F
:1015C0002AD0BD4A90421CBFBC4A904224D0BC4A9B
:1015D00090421CBFBB4A90421ED0BB4A90421CBFE7
:1015E000BA4A904218D0BA4A90421CBFB94A9042B7
:1015F00012D0B94A90421CBFB84A90420CD0B84AA7
:1016000090421CBFB74A904206D0B74A90421CBFD6
:10161000B64A904240F09A81E16D082201F01F0124
:101620008A40324236D004233D46B84224D0A24FED
:10163000B8421CBFA14FB8421ED0A14FB8421CBF38
:10164000A04FB84218D0A04FB8421CBF9F4FB8421D
:1016500012D09F4FB8421CBF9E4FB8420CD09E4F35
:10166000B8421CBF9D4FB84206D09D4FB8421CBF28
:101670009C4FB84240F0958107681F422F4609D021
:10168000036823F004030360C9F80820626D42F088
:101690000102626501228A4032422FD0B84224D032
:1016A000854B98421CBF854B98421ED0844B984274
:1016B0001CBF844B984218D0834B98421CBF834B6D
:1016C000984212D0824B98421CBF824B98420CD059
:1016D000814B98421CBF814B984206D0804B984268
:1016E0001CBF804B984240F0698143691B0605D5B9
:1016F000C9F80820626D42F00202626504228A4045
:1017000032422FD0B84224D06B4B98421CBF6B4B57
:1017100098421ED06A4B98421CBF6A4B984218D020
:10172000694B98421CBF694B984212D0684B984253
:101730001CBF684B98420CD0674B98421CBF674B4C
:10174000984206D0664B98421CBF664B984240F0C8
:10175000438103689B0705D5C9F80820626D42F0F4
:1017600004026265102202FA01F131423FD00822E0
:10177000B84224D0CC4B98421CBFCC4B98421ED0D0
:10178000CB4B98421CBFCB4B984218D0CA4B9842C7
:101790001CBFCA4B984212D0C94B98421CBFC94BC0
:1017A00098420CD0C84B98421CBFC84B984206D0F8
:1017B000C74B98421CBFC74B984240F01B8103683F
:1017C000134214D0C9F8081002680168520306D405
:1017D000C90506D4016821F00801016001E0080391
:1017E00001D4216C00E0A16C09B120468847E06D6E
:1017F00000F01F01202000FA01F232427CD0206864
:101800001023B84224D0A84EB0421CBFA74EB0420D
:101810001ED0A74EB0421CBFA64EB04218D0A64E56
:10182000B0421CBFA54EB04212D0A54EB0421CBF64
:10183000A44EB0420CD0A44EB0421CBFA34EB04246
:1018400006D0A34EB0421CBFA24EB04240F0DF8093
:1018500006681E4250D0C9F8082094F83530026856
:10186000042B16D122F016020260426922F0800297
:101870004261226C0AB9A26C1AB1026822F0080215
:1018800002603F208840C9F8080005F035FC216D52
:1018900057E00168520308D4C90508D4016821F053
:1018A0001001016005F028FC01E0080320D4E16B81
:1018B0001FE000BF1000024028000240400002402C
:1018C000580002407000024088000240A000024020
:1018D000B8000240100402402804024040040240C4
:1018E000580402407004024088040240A0040240F0
:1018F000616C09B120468847606D00284FD0606D4B
:10190000C0071DD04FF41650B8FBF0F1042084F846
:1019100035002068026822F001020260009A01325C
:1019200000928A4202D80268D207F7D105F09DFDE5
:101930000068C0074FF0030008BF012084F835009D
:10194000E16C61B32046BDE8F8430847644A904221
:101950001CBF644A90420CD0634A90421CBF634A49
:10196000904206D0624A90421CBF624A904240F0C8
:101970008A80E26D02F01F03042202FA03F6026875
:101980000E4201D057074FD402269E400E4201D08E
:10199000970754D4D940090701D5110760D4BDE891
:1019A000F8834D4FB8423FF467AE4C4FB8423FF416
:1019B00063AE534FB84218BF08235DE6464B9842CA
:1019C0003FF493AE454B98423FF48FAE4C4B984258
:1019D0003FF48BAE026891E63F4B98423FF4B9AEBC
:1019E0003E4B98423FF4B5AE454B98423FF4B1AE02
:1019F0000268B7E6384B98423FF4E1AE374B984265
:101A00003FF4DDAE3E4B984218BF0422D7E6324E7B
:101A1000B0423FF41DAF314EB0423FF419AF384EE3
:101A2000B04218BF022313E71104C9F8046013D4AD
:101A3000910613D4016821F0040101600EE0110445
:101A4000C9F8046019D491061BD4016821F00A0179
:101A5000016005F051FB14E0D00321D4216C70E744
:101A6000016821F00E010160012000FA03F1C9F8BC
:101A70000410606505F0F9FC60E7D00301D4616CE7
:101A80005FE7E16B5DE71C4A90423FF472AF1B4A8F
:101A900090423FF46EAF1A4988423FF4BDAD7EE7F5
:101AA000A16C4EE7000000242800024040000240E4
:101AB000580002407000024088000240A00002402E
:101AC000B8000240100402402804024040040240D2
:101AD000580402407004024088040240A0040240FE
:101AE00094540258085402581C5402583054025856
:101AF00044540258585402586C54025880540258A6
:101B0000B80402402DE9F843044600F011FD002C12
:101B100000F00F8105462068BC4FB8423CD0BC495C
:101B200088421CBFBB49884236D0BB4988421CBF93
:101B3000BA49884230D0BA4988421CBFB949884264
:101B40002AD0B94988421CBFB849884224D0B84934
:101B500088421CBFB74988421ED0B74988421CBF83
:101B6000B649884218D0B64988421CBFB549884258
:101B700012D0B54988421CBFB44988420CD0B44940
:101B800088421CBFB349884206D0B34988421CBF73
:101B9000B249884240F01882A06840B1402818BF7E
:101BA000802804D0DFF86006E72106F015F9E06828
:101BB00040F40070B0F5007F04D0DFF84C06E82157
:101BC00006F00AF9206940F48060B0F5806F04D017
:101BD000DFF83406E92106F0FFF8606950B1B0F58E
:101BE000006F18BFB0F5805F04D0DFF81C06EA2153
:101BF00006F0F2F8A06950B1B0F5005F18BFB0F57B
:101C0000804F04D0DFF80006EB2106F0E5F8E0692C
:101C100078B1202818BFB0F5807F0AD0B0F5802FAA
:101C200018BFB0F5402F04D0DFF8DC05EC2106F03A
:101C3000D3F8206A4FEA3040042804D3DFF8C805FF
:101C4000ED2106F0C9F82068B8422AD070498842D0
:101C50001CBF7049884224D06F4988421CBF6F491D
:101C600088421ED06E4988421CBF6E49884218D0F7
:101C70006D4988421CBF6D49884212D06C49884228
:101C80001CBF6C4988420CD06B4988421CBF6B4911
:101C9000884206D06A4988421CBF6A49884240F09F
:101CA00047816068742804D3DFF85C05F12106F0F1
:101CB00093F8606A40F00401042905D0DFF8480574
:101CC000F22106F089F8606AD0B1A06A042804D332
:101CD000DFF83405F72106F07FF8E06A4FEAF050AC
:101CE000042804D3DFF82005F82106F075F8206BEE
:101CF0004FEA7050042803D3C848F92106F06CF865
:101D0000022084F83500002084F83400206801683F
:101D100021F00101016020680168C9070CD000F0C2
:101D200007FC401B0628F6D320206065032084F8BA
:101D300035000120BDE8F8830168BA4AB946D4E904
:101D40000257D4E906C301EA0208D4E90462D4E9DF
:101D5000081E45EA08053D4335432A431A4311430B
:101D600041EA0C01BEF1040F03D1D4E90B231A435D
:101D70001143AD4A4F461268B2F1005F12D3656855
:101D8000A5F12902062A0BD3A5F13F02042A07D3A5
:101D9000A5F14702022A03D3A5F14F02032A01D875
:101DA00041F480110160BEF1040F416921F0070187
:101DB00041EA0E0154D1D4E90A532943002B4FD0F4
:101DC000BCF5005F08D0BCF1000F11D1022D12D07C
:101DD000012D07D07DB143E0032D41D8DFE805F0A8
:101DE0000E0B0E02A3F1C072B2FA82F2520904E0A5
:101DF000032D03D334D1C3F300628AB3402060655E
:101E0000012084F83500BDE8F88300BF10000240CF
:101E1000280002404000024058000240700002408A
:101E200088000240A0000240B800024010040240B6
:101E3000280402404004024058040240700402405A
:101E400088040240A0040240B8040240085402582A
:101E50001C540258305402584454025858540258E2
:101E6000416105F069F905F094FA2068B8423CD068
:101E7000E74988421CBFE749884236D0E649884294
:101E80001CBFE649884230D0E54988421CBFE5497D
:101E900088422AD0E44988421CBFE449884224D0C1
:101EA000E34988421CBFE34988421ED0E249884288
:101EB0001CBFE249884218D0E14988421CBFE24970
:101EC000884212D0DF4988421CBFE04988420CD0CA
:101ED000DF4988421CBFDF49884206D0DE4988427C
:101EE0001CBFDE49884240F08C802046FEF7CAFDC8
:101EF000A06804F16003802806BF0020606060686D
:101F0000C5B20ECB013807280D60536005D82046B6
:101F1000FEF7FEFD05F051FA03E00020C4E91B00C6
:101F2000606700206065012184F83510BDE8F88302
:101F3000CC4988421CBFC54988420BD0C44988425D
:101F40001CBFC449884205D0C34988421CBFC3494D
:101F500088424AD16068122804D3AB484FF4B47168
:101F600005F03AFF022084F835002D4D142604F1C7
:101F70000803002084F8340020680ECB0544B5FB2C
:101F8000F6F5AD00E56505686FF3101545EAD20278
:101F9000A1F18005B5FA85F56D09AD03402908BFAB
:101FA000102542EA0501D4E906522A4365692A430D
:101FB0001A4341EAD201226A41EA1211016005F096
:101FC000BBF805F0C7F950E7A54988423FF4E4ADF6
:101FD000A54988423FF4E0ADA24988423FF4DCAD18
:101FE0008948E62105F0F8FED6E59D498842B1D042
:101FF0009D498842AED0934988423FF452AE40207A
:1020000093E6974988423FF470AF964988423FF47F
:102010006CAF954988423FF468AF82E7FDC2000883
:10202000F8ABFDA73F8010FE0010005CF8B505F08E
:102030001BF904D3744840F2AB2105F0CDFE002C0F
:1020400000F0B68094F83400012804BF0220F8BDE7
:1020500005F084F840F0AA8005F007F820686B4985
:10206000884224D06A4A90421CBF6A4A90421ED0DD
:10207000694A90421CBF694A904218D0684A90420F
:102080001CBF684A904212D0674A90421CBF674A00
:1020900090420CD0664A90421CBF664A904206D0DD
:1020A000654A90421CBF654A904240F083800268B6
:1020B0000B2363F344020260226C1AB10822036806
:1020C0001A43026088423BD0514A90421CBF514A99
:1020D000904235D0504A90421CBF504A90422FD077
:1020E0004F4A90421CBF4F4A904229D04E4A9042DC
:1020F0001CBF4E4A904223D04D4A90421CBF4D4ACD
:1021000090421DD04C4A90421CBF4C4A904217D07E
:102110004B4A90421CBF4C4A904211D0494A9042CF
:102120001CBF4A4A90420BD0494A90421CBF494AC0
:10213000904205D0484A90421CBF484A904259D12B
:10214000226E1368DB0303D5136843F480731360B6
:10215000E26E1AB1136843F480731360884223D08F
:102160002B4988421CBF2B4988421DD02A498842EE
:102170001CBF2A49884217D0294988421CBF2949D7
:10218000884211D0284988421CBF284988420BD078
:10219000274988421CBF2749884205D026498842E2
:1021A0001CBF264988421CD105F09EB805F03BF9BA
:1021B0000120F8BD224A90423FF479AF214A904273
:1021C0003FF475AF204A90423FF471AF0268052397
:1021D00063F343020260226C002A3FF473AF0422CF
:1021E0006DE717498842DFD016498842DCD016498E
:1021F0008842D9E71A4A9042A2D01A4A90429FD008
:10220000194A90429CD0CFE7FDC20008100002405E
:102210002800024040000240580002407000024086
:1022200088000240A0000240B800024010040240B2
:102230002804024040040240580402407004024056
:1022400088040240B8040240A00402400854025826
:102250001C540258305402584454025858540258DE
:102260006C5402589454025880540258B0B5044635
:1022700000F05EF90546DA48611C007818BF044496
:1022800000F056F9401BA042FAD3B0BD014805F05A
:1022900022B800BF200400582DE9FE4F8F4F0C4696
:1022A00005468F4EB84208D0A8194FEAB0200A2838
:1022B00003D39B48B32105F08FFD20680021B1EBCB
:1022C000104F01D180B218B99548B42105F084FDB2
:1022D0006068122804D80121824A8140114215D138
:1022E000B0F5881F18BFB0F5901F0FD0B0F5041FD0
:1022F00018BFB0F5081F09D0B0F5441F18BFB0F5DE
:10230000481F03D08648B52105F066FD07F510503B
:102310000A214FF0030C4FF0000A4FF000098542EC
:1023200008BF0921A81901234FEAB022082A38BFA3
:1023300003EBB021E81B18BF0846002601900A2ACB
:102340004FF0000038BF0120E91BB1FA81F14909C3
:1023500008430090206830FA09F100F0BD800121A7
:1023600001FA09F810EA080B00F0B080606800F08C
:102370000301013901291CD8E068042806D3684804
:10238000C42105F029FD4FF0030CE0680CFA0AF1B6
:10239000AA6800FA0AF022EA01010843A86060680E
:1023A0006A6822EA0802C0F3001101FA09F1114338
:1023B000696000F00302A168032A08BF012912D056
:1023C000032906D35648D72105F006FD4FF0030C2C
:1023D000A16801FA0AF00CFA0AF1EA6822EA01019E
:1023E0000843E860606800F00301022923D10098E7
:1023F00028B94B48E42105F0EFFC4FF0030C2069AD
:10240000102806D34648E52105F0E6FC4FF0030C02
:1024100020696FF0030306F01C010F2203EA590341
:102420008A4088402B441F6A27EA02021043186240
:10243000606800F003010CFA0AF22B6801FA0AF155
:1024400023EA02021143296010F4403F3ED027499D
:10245000274F086840F00200086008680F2100F06C
:1024600002000290029A06F00C0029F0030281405B
:10247000D35923EA0101019B03FA00F00843D0512C
:102480004FF0B0473868626840EA0B01D30258BF8A
:1024900020EA0B013960144F9302386840EA0B01BF
:1024A00058BF20EA0B0139609303D7F8800040EA57
:1024B0000B0158BF20EA0B01C7F88010D203F86F58
:1024C00040EA0B0158BF20EA0B01F96704360AF114
:1024D000020A09F101093DE7BDE8FE8F000002583C
:1024E00000FCFDA70F00060004000058F444025849
:1024F0000804005870B516460C46054621B9084830
:1025000040F2AB1105F068FC3EB1012E06D0044844
:102510004FF4D67105F060FC00E02404AC6170BD9E
:102520000BC2000801480068000C70470010005CF6
:1025300005480068704700BF2948034900780A68C9
:1025400010440860704700BF0003002480B50320DA
:1025500000F06CFA01F0F8F90E490F4B0A680968AF
:1025600001F00F01C2F30322595C9A5C01F01F01D4
:1025700002F01F02D0401B4A1060C84007490860A3
:102580000F2000F00DF808B1012080BD00F002FA24
:10259000002080BD18440258908F000804000024D9
:1025A00070B50F4E04463078B0B14FF47A71B1FB7C
:1025B000F0F00C490968B1FBF0F002F067FA012570
:1025C0000F2C0AD848B94FF0FF30214600220025D1
:1025D00000F0F6F9746000E00125284670BD00BFE8
:1025E0000800002400000024F8B504F023FE04D302
:1025F0009D4840F23E3105F0EFFB3068B0F5805F5A
:1026000004D3994840F23F3105F0E6FB7068B0F51D
:10261000803F04D394484FF4507105F0DDFBB0685F
:10262000B0F5805F04D3904840F2413105F0D4FB0F
:10263000F068B0F5803F04D38B4840F2423105F09A
:10264000CBFB3069082804D3874840F2433105F0BA
:10265000C3FB7069B0F5807F04D383484FF4517198
:1026600005F0BAFBB069B0F5807F04D37E4840F234
:10267000453105F0B1FBF06940F40070B0F5C06F72
:1026800004D0794840F2463105F0A6FB306A40F0AC
:102690000200072804D0744840F2473105F09CFB43
:1026A000B06AB0F5005F04D36F484FF4527105F083
:1026B00093FBF06AB0F5006F04D36B4840F24931E8
:1026C00005F08AFB04F0C6FC07D004F058FD04F0C6
:1026D000E6FD2068476204F02FFEF8BD002800F0F8
:1026E000BF80B0B5044600685E49884203D05E48AA
:1026F000E72105F071FB6069B0F5805F03D35A48AC
:10270000E82105F069FBA069B0F5006F03D35648D6
:10271000E92105F061FBE069B0F5805F03D3524821
:10272000EA2105F059FB206AB0F5006F03D34E484B
:10273000EB2105F051FBA06AB0F5006F03D34A48C6
:10274000EC2105F049FB606AB0F5805F03D3464891
:10275000ED2105F041FB206BB0F5006F03D342483B
:10276000EE2105F039FBE06AB0F5805F03D33E4807
:10277000EF2105F031FB606840F00040B0F1004F00
:1027800003D03948F02105F027FBA06840F08040D5
:10279000B0F1804F03D03448F12105F01DFBE06813
:1027A00040F00050B0F1005F03D02F48F22105F057
:1027B00013FB206940F08050B0F1805F03D02A48BD
:1027C000F32105F009FB94F8A10028B9002084F852
:1027D000A000204600F04AF8022084F8A10094E806
:1027E0000F0011438569194325F070458561226901
:1027F0001143826911438161D4E9051242EA014122
:102800008160D4E9071242EA0141C160D4E90912AA
:1028100042EA01410161D4E90B1242EA01414161FE
:10282000C16A01F07F41C16294F8362094F83510F6
:10283000120442EA012194F834201144C26A11437F
:10284000C162416B41F006014163816941F00101C0
:1028500081610020C4F8A400012184F8A110B0BD5A
:10286000012070470010005048C200087047000067
:1028700010B504464078102804D3764840F24D1134
:1028800005F0AAFA2078022804D372484FF4A77101
:1028900005F0A2FA207B022804D36E4840F24F11C3
:1028A00005F09AFAE07A062856D8042854D0A07A7F
:1028B000032804D3674840F2511105F08DFA607B7C
:1028C000022804D363484FF4A97105F085FAA07B70
:1028D000022804D35F4840F2531105F07DFAE07BF3
:1028E000022804D35B484FF4AA7105F075FA607AA8
:1028F000FF2804D1574840F2551105F06DFA207AAF
:1029000004381C2804D353484FF4AB7105F064FA23
:102910001448627821780260826822F001028260A5
:1029200062684260E37A227B1B0643EA0272A37A62
:1029300042EAC342637B42EA8342A37B42EA4342C8
:10294000E37B42EA0342637A42EA0322237A42EAC1
:1029500043021143816010BD3E484FF4A87105F059
:102960003BFAA4E798ED00E00948BFF35F8F0168E8
:1029700021F480310160002101677047044940F073
:1029800001000867086840F48030086004F05CBC0F
:1029900024ED00E070470000B0F1FF3F0ADD00F0D9
:1029A0001F0180B2012202FA01F14009034A42F8F4
:1029B000201070472748BD2105F00EBA00E100E065
:1029C000F8B516460D460446102A03D32148A9211E
:1029D00005F002FA102D03D31E48AA2105F0FCF9D8
:1029E0001D484FF0FF330168C1F30221CA1E81F078
:1029F000070138BF002203FA02F7BE43042928BFAB
:102A0000042103FA01F104F00F0325EA0101043B5C
:102A10009140054A1844314322440901002C48BF23
:102A200000F10C021170F8BD00E400E010B504469E
:102A30000338052803D30748912105F0CDF906484E
:102A40004FF6FF0201681140044A64F30A21114362
:102A5000016010BDCCC100080CED00E00000FA05DB
:102A60002DE9F0470446C078A44D00071AD5A06EA2
:102A70004FEA305103292CD8DFE801F002070A0F92
:102A8000E96941F40031E96107E004F06EFB01E01F
:102A900004F030FC064630B9A06E296C21F44011D8
:102AA0000843286400266078AA46C00701D137464B
:102AB00020E0A06D042800F2D6803746DFE800F061
:102AC000030E0B111100E869374640F40030E8614D
:102AD00007E00126E7E704F032FB01E004F0CDFB5C
:102AE00007463D463FB9A06D04F076FB21F0070193
:102AF00004F09CFB3546607880071CD5E06D4FEAFA
:102B0000B010042800F2B280DFE800F00309060CE0
:102B10000C0004F0BAFA05E004F011FB01E004F047
:102B2000ACFB07463E463FB9E06D04F055FB21F48F
:102B3000E07104F07BFB2E46607840071ED5D4F888
:102B4000A8004FEA7050042800F29380DFE800F0FC
:102B50000309060C0C0004F098FA05E004F0EFFA03
:102B600001E004F08AFB07463D4647B9D4F8A800C7
:102B700004F012FB21F4600104F04BFB3546607851
:102B800000071ED5D4F8AC004FEA3060042800F2EC
:102B90007380DFE800F00309060C0C0004F075FAFE
:102BA00005E004F0CCFA01E004F067FB07463E467E
:102BB00047B9D4F8AC0004F0EFFA21F0E06104F07A
:102BC00028FB2E46E078800718D5E06C4FEA3010DD
:102BD000032824D8DFE800F00802050804F055FABD
:102BE00002E004F0C2FA07463D4647B9E06C04F043
:102BF00026FB21F030010843CAF83C0035466078D6
:102C0000C0061ED5206E4FEA3030042837D8DFE8E2
:102C100000F0030C090F0F0004F037FA08E0012759
:102C20000125ECE704F08BFA01E004F026FB0746EF
:102C30003E463FB9206E04F0CFFA21F4E04104F0A3
:102C4000F5FA2E466078800628D5606E4FEA30404F
:102C5000052800F25484DFE800F01803151818184E
:102C600004F007FC10E00127012544E701270126B5
:102C700062E70127012582E701270126A2E7012754
:102C80000126DFE704F0E1FB07463D463FB9606EF1
:102C900004F0A2FA21F4E02104F0C8FA3546607885
:102CA00040061BD5D4F8B0004FEA3070052800F27A
:102CB0002A84DFE800F009030609090904F0D9FBBA
:102CC00001E004F0C2FB07463E4647B9D4F8B00025
:102CD00004F062FA21F0E04104F09BFA2E4660789D
:102CE000000619D5206F70B1B0F1005F08D0B0F1C7
:102CF000805F20D104F0C9F905E000BF10440258FC
:102D000004F0B7FB07463D463FB9206F04F064FA74
:102D100021F0405104F08AFA3546E078C0071AD015
:102D2000A06C032800F20981DFE800F00B02080B19
:102D300004F0ABF905E001270125EEE704F015FAF0
:102D40000746B84647B9A06C04F079FA21F00301B0
:102D50000843CAF83C00A846A078400601D445467E
:102D6000DAE0D4F8B400B0F5807F00F0BD80B0F5B3
:102D7000007F18BFB0F50C5F00F0B680B0F54C5F77
:102D800018BFB0F5864F00F0AF80B0F5A64F18BF62
:102D9000B0F5C64F00F0A880B0F5E64F18BFB0F50B
:102DA000034F00F0A180B0F5134F18BFB0F5234FCB
:102DB00000F09A80B0F5334F18BFB0F5434F00F0E4
:102DC0009380B0F5534F18BFB0F5634F00F08C807F
:102DD000B0F5734F1CBFBD49884200F08580BC49E7
:102DE00088421CBFBB4988427ED0BB4988421CBF79
:102DF000BA49884278D0BA4988421CBFB94988424A
:102E000072D0B94988421CBFB84988426CD0B849D1
:102E100088421CBFB749884266D0B74988421CBF68
:102E2000B649884260D0B64988421CBFB54988423D
:102E30005AD0B54988421CBFB449884254D0B449DD
:102E400088421CBFB34988424ED0B34988421CBF58
:102E5000B249884248D0B24988421CBFB149884231
:102E600042D0B14988421CBFB04988423CD0B049E9
:102E700088421CBFAF49884236D0AF4988421CBF48
:102E8000AE49884230D0AE4988421CBFAD49884225
:102E90002AD0AD4988421CBFAC49884224D0AC49F5
:102EA00088421CBFAB4988421ED0AB4988421CBF38
:102EB000AA49884218D0AA4988421CBFA949884219
:102EC00012D0A94988421CBFA84988420CD0A84901
:102ED00088421CBFA749884206D0A74988421CBF28
:102EE000A649884240F03E83DAF8F003554640F4A4
:102EF0008070CAF8F003FFF71BFB0646D5F8F00315
:102F0000C00507D4FFF714FB801B6428F6D90327FC
:102F1000032501E03D46A7B12078C00749D0E06F06
:102F20004FEAF000052800F2F282DFE800F03803F3
:102F30003538383804F09DFA30E001274FF00108A9
:102F40000AE7DAF86010D4F8B4005546414011F4AD
:102F5000407F0BD0296E2A6E42F480322A6621F41B
:102F600040712A6E22F480322A662966B0F5807F8D
:102F700040F0E382FFF7DCFA064641F28839032786
:102F8000DAF86000800700F1D582FFF7D1FA801BE4
:102F900003254845F4D9BFE704F057FA07463E46F3
:102FA00047B9E06F04F03DF921F038010843CAF851
:102FB00044002E462078800718D5A06F052800F21F
:102FC000A982DFE800F009030609090904F051FAB3
:102FD00001E004F03AFA07463D4647B9A06F04F015
:102FE00020F921F007010843CAF84400354620784B
:102FF000400719D5D4F89400052800F28E82DFE846
:1030000000F009030609090904F033FA01E004F0AD
:103010001CFA0746B84647B9D4F8940004F0BCF847
:1030200021F0070104F0F5F8A846207880061CD5A9
:10303000D4F890004FEA3070052800F272825546AD
:10304000DFE800F009030609090904F016F901E0B8
:1030500004F050F907463E4647B9D4F89000696C31
:10306000002721F0E0410843686446462078400686
:103070001BD5D4F89C004FEAB020052800F25482FA
:10308000DFE800F009030609090904F0F6F801E099
:1030900004F030F907463D4647B9D4F89C0004F0E7
:1030A0007BF821F4E05104F0B4F8354620780006AE
:1030B00040F17680D4F8A0004FEA7030052800F285
:1030C0003682DFE800F0635D606363630003010044
:1030D0000013010000230100003301000043010040
:1030E0000053010000630100007301000083010030
:1030F0000093010000A3010000B3010000C3010020
:1031000000D3010000E3010000F30100000302000E
:1031100000130200002302000033020000430200FB
:1031200000530200006302000073020000830200EB
:103130000093020000A3020000B3020000C30200DB
:1031400000D3020000E3020000F3020000030300CA
:1031500000130300002303000033030000430300B7
:1031600000530300006303000073030000830300A7
:103170000093030000A3030000B3030000C3030097
:1031800004F07BF801E004F0B5F807463E4647B985
:10319000D4F8A00004F000F821F4604104F039F8FC
:1031A0002E462068010701D455461EE0D4F884005D
:1031B00055464FEA3031042907D3DFF8DC0340F2EB
:1031C0000D5104F009FED4F88400B0F5805F06D1FB
:1031D00004F090F8002818BF0126D4F88400696C28
:1031E00021F44051084368642068C1061DD5D4F815
:1031F00098004FEA3021042907D3DFF89C034FF4ED
:10320000A46104F0E9FDD4F89800B0F5807F06D100
:1032100004F070F8002818BF0126D4F89800A96CB3
:1032200021F440710843A864206800031AD5D4F83B
:10323000A400B0F5003F0BD0B0F5803F05D00028CA
:1032400040F0468104F019F801E004F053F8074615
:103250003D4647B9D4F8A40003F09EFF21F4403165
:1032600003F0D7FF3546A07840071CD5D4F8880076
:10327000B0F5401F0CD0B0F5001F06D0B0F5801F90
:1032800040F0298103F001FF02E004F0DEF8074678
:103290003E464FB9D4F8880003F0C3FF21F4401133
:1032A0000843CAF844002E46A078C00701D135462D
:1032B00022E0206D40F48031B1F5803F05D0B64862
:1032C00040F2865104F088FD206DB0F5803F03D0B8
:1032D00080B903F0DAFE02E003F047FF07463D46FF
:1032E00057B9206D03F0ABFF21F480310843CAF8D1
:1032F0003C00DCE7012701252168880001D46068D3
:1033000006E003F0F7FF002818BF0125D4E90010FC
:103310008A031DD5D4F880206FF0010303EB32231C
:10332000022B0CD34FEA32234BB1012B40F0D68055
:10333000DAF81C30564643F40033CAF81C3047B95B
:10334000DAF84430564623F440731A43CAF844204E
:103350002F46CA0214D5606F40F00041B1F1004F12
:1033600005D08D4840F2E55104F036FD606FDAF883
:10337000401021F000410843CAF84000D4E9001091
:10338000CA0016D5D4F8B80040F48041B1F5804F9A
:1033900006D0814840F2EF5104F01EFDD4F8B80089
:1033A000DAF8001021F480410843CAF80000D4E99B
:1033B00000108A0214D5E06E40F08071B1F1807F78
:1033C00005D0754840F2F95104F006FDE06EDAF8D8
:1033D000401021F080710843CAF84000D4E9001081
:1033E0004A001AD5D4F8BC0040F40040B0F5004FB4
:1033F00004D0694840F20F6104F0EEFCDAF80000F6
:1034000020F40040CAF80000D4E90010D4F8BC2031
:10341000DAF800301A43CAF80020CA0F10D0606DE5
:1034200028B1B0F1805F18BFB0F1005F58D1DAF871
:103430003C1021F040510843CAF83C00D4E9001088
:10344000090210D5D4F88C0028B1B0F5800F18BF50
:10345000B0F5000F4BD1DAF8441021F440010843D5
:10346000CAF844006068C10705D003F006FF0028D1
:1034700018BF07466068810705D503F0FAFF0028EA
:1034800018BF07466068410705D503F06EFE0028A7
:1034900018BF07466068010705D503F050FE0028F5
:1034A00018BF07466068C10605D503F0CEFF0028A7
:1034B00018BF07466068800604D503F01BFF00288C
:1034C00018BF0127002F18BF01273846BDE8F08735
:1034D00001270125C7E601270126E5E6012738E790
:1034E0002D4840F2196104F077FC606D9FE72A488F
:1034F00040F2236104F070FCD4F88C00ABE70127A4
:103500000125FFF7CCBB01270126FFF7E8BB012708
:1035100001264FE50127012569E501274FF0010844
:1035200083E501270126A1E501270125BEE5012745
:10353000012636E65546D4F8B4002A68174900F447
:10354000407322F47C5201EA1011B3F5407F6FF30F
:103550001F3008BF0A432A600027296E08432866E7
:10356000FFF7FDBB094988423FF4BEAC08498842D9
:103570003FF4BAAC074988423FF4B6AC064840F283
:103580007D3104F029FCFFF7AFBC00BF00D303007E
:1035900000E3030000F3030039C30008CFFFFF007E
:1035A0002DE9F843002800F0818104460068884630
:1035B00001383F2804D3CD4840F2A73104F00CFC79
:1035C000B8F1100F04D3C9484FF46A7104F004FC39
:1035D000C74D286800F00F00404503D203F039FEC4
:1035E00040F064812068C34F41070ED52169BA6954
:1035F00003F099FD09D903F031FF00F2C88003F010
:103600002EFD00F0C48003F019FF01070ED561699B
:10361000FA6903F088FD09D903F020FF00F2BE80AB
:1036200003F01DFD00F0BA8003F0F0FEC10610D5D6
:10363000A169FA6902F4E06291420AD94FEA3120A5
:10364000072800F2B28003F00AFD00F0AE8003F01C
:10365000ADFE810612D5E1693A6A03F064FD0DD929
:1036600003F0FCFE00F2A88003F0F9FC00F0A48057
:10367000386A20F07000084338622068810715D549
:10368000E168BA6902F00F0291420FD921F00700F8
:10369000082805D0954840F20C4104F09DFBE168F4
:1036A000B86920F00F000843B8612068C1074FD007
:1036B000A0684FEA30200F2863D8012101FA00F0FA
:1036C0004FF6017108425CD06068042804D3874833
:1036D00040F21D4104F080FBD4E90101BA6922F4F3
:1036E00070621143B961012807D0032809D002286C
:1036F0000BD1396889030CD4D8E03968C90508D4DE
:10370000D4E03968890104D4D0E03968490740F130
:10371000CD803969A9463D4621F00701084338614B
:10372000FEF706FF064641F2883729466068296998
:1037300001F03801B1EBC00F07D0FEF7F9FE801B96
:10374000B842F2D90320BDE8F8832F4620684D46E1
:10375000800741D5264656F80C0FB96901F00F01D4
:10376000884239D2102806D281B24FF6017222FA6D
:1037700001F1C90727D15D4840F25E4104F02CFBFE
:1037800024E05A4840F21C4104F026FB9CE75748CD
:103790004FF4717104F020FB216934E7534840F283
:1037A000D63104F019FB61693EE7504840F2E73139
:1037B00004F012FBA1694AE74C4840F2F93104F0E9
:1037C0000BFBE16954E74CA101EB80063068B96955
:1037D00021F00F010843B861286800F00F00404550
:1037E00002D903F036FD61D1206841070CD521696B
:1037F000BA6903F098FC07D203F030FE59D803F001
:103800002EFC56D003F01AFE01070CD56169FA6947
:1038100003F089FC07D203F021FE51D803F01FFC0E
:103820004ED003F0F3FDC1060ED5A169FA6902F48A
:10383000E062914208D24FEA3120072847D803F0CE
:103840000EFC44D003F0B2FD800614D5E069396A5D
:1038500001F0700188420ED24FEA301107293DD89D
:10386000012202FA01F111F0F10F37D0396A21F08B
:1038700070010843386200F067F8B9692E4A2F4B8F
:10388000C1F30321515C01F01F01C840B969186000
:1038900001F00F01515C01F01F01C8402849086088
:1038A00028480068BDE8F843FEF77ABE0120BDE86D
:1038B000F8830E4840F27F4104F08EFA2169A1E7B7
:1038C0000A4840F2914104F087FA6169A9E7074884
:1038D00040F2A34104F080FAA169B3E7034840F243
:1038E000B54104F079FAE069C0E700BF85C200087D
:1038F00000200052004402580000000000000000B8
:1039000000000000000000000000000000000000B7
:103910000000000000000000080000000900000096
:103920000A0000000B0000000C0000000D00000069
:103930000E0000000F000000908F0008000000241F
:10394000040000240C00002410B535490869C0F3B8
:10395000C20003280FD0022804BF334810BD40B96D
:103960000868800634485AD50968C1F3C101C840C7
:1039700010BD2C4810BD8A6A886ACC6A4B6BC0F3B4
:10398000051000B304F0010402F00302644204EAEB
:10399000D303022A6FF35F3300EE103AB8EE400A09
:1039A00013D0AAB90A68920651BF9FED221A0A687D
:1039B000C2F3C102204B42BF23FA02F201EE102AE9
:1039C000B8EE411A06E0002010BD9FED191A01E083
:1039D0009FED161A0A6B9FED193A6FF35F2202EE04
:1039E000102AB8EE422A00EE032AB7EE000A32EEA1
:1039F000000A02EE100A086BC0F34620B8EE422A15
:103A0000013081EE021A21EE000A01EE100AB8EE32
:103A1000411A80EE010ABCEEC00A10EE100A10BD79
:103A20000044025800093D0040787D010024744A9A
:103A300020BCBE4B0024744C0090D0030000003921
:103A4000F8B5002800F09B810446006848B110F0EA
:103A50003F0106D1DFF8580640F2A11104F0BCF98D
:103A60002068C007D54E33D12078800740F1C6804A
:103A7000E068192800F29080012101FA00F0D04995
:103A8000084200F089802069802805D3DFF82006ED
:103A900040F2DB1104F0A0F9306910F03801B06A8F
:103AA0003DD0182901D1800739D03068E16800295C
:103AB00064D020F01900084303F014FB0546306879
:103AC000400743D4FEF734FD401B0228F7D9B4E188
:103AD000606828B1B0F5803F18BFB0F5A02F46D17F
:103AE000306900F03801B06A102905D018290AD1D0
:103AF00000F00300022806D130688003B4D5606866
:103B00000028B1D13BE1606800284CD0B0F5A02F6F
:103B100059D0B0F5803F5AD003F014FC5AE0E06869
:103B20003168490702D5002800F02981316821F069
:103B30001901084303F0D6FA05463068400705D45A
:103B4000FEF7F6FC03F0CCFBF7D9F8BDFEF7EAFC74
:103B500041F2030188424AD82069716821F47C311E
:103B6000402814BF41EA003041F4003045E0DFF85E
:103B700040054FF4D37104F02FF9B1E720F00100B4
:103B800003F0B0FA05463068400737D5FEF7D0FCA1
:103B900003F0A6FBF7D9D8E7DFF814054FF4ED7171
:103BA00004F01AF96FE703F0CDFB03F09BFA05462A
:103BB000306880037FF558AFFEF7BAFC411B032045
:103BC0006429F5D9C1E7306840F48020306030685E
:103BD00040F4803003F086FA0546306880033FF5F4
:103BE00043AFFEF7A5FC401B6428F6D925E1206908
:103BF000716821F0FE4141EA006070602078C006E3
:103C000052D5E06940F08000802805D0DFF8A0049C
:103C100040F22B2104F0E0F8206A402805D3DFF8B9
:103C200090044FF40B7104F0D7F8306900F03801BC
:103C3000B06A082905D018291CD100F0030001281A
:103C400018D13068C00503D5E069802840F097801E
:103C5000FEF768FC41F2030188421ED8206A7168B1
:103C600021F0F841202814BF41EA806041F08040F3
:103C7000706019E03068E169002900F00C8140F0C3
:103C8000800003F02FFA05463068C005E0D4FEF747
:103C90004FFC03F025FBF7D957E7206AF16821F0C4
:103CA0007C5141EA0060F0602078000769D42078F8
:103CB000800600F187802078400700F19E80616ACD
:103CC000032906D3DFF8E8034FF43D7104F084F8CC
:103CD000616A002951D0306900F03800182840F09E
:103CE000E980B26A306B012949D0A16A02F003036E
:103CF0008B4244D1E16AC2F305128A423FD10146A8
:103D0000226B6FF35F21013A914238D1626BC0F3AD
:103D10004621013A914232D1A26BC0F30641013AE9
:103D200091422CD1E16BC0F306600139884226D163
:103D3000A06C716BC1F3CC0188421ED0B0F5005F5E
:103D400004D3DB484FF45B7104F046F8F06A20F0CE
:103D50000100F062FEF7ECFB0546FEF7E9FBA84226
:103D6000FBD0706B4FF6F8718843A16C40EAC1003C
:103D70007063F06A40F00100F0620020F8BD01209D
:103D8000F8BD6069022805D3C94840F26D2104F0EE
:103D900023F86069716F002851D041F0010070670D
:103DA000FEF7C6FB0546706F80073FF580AFFEF754
:103DB000BFFB401B0228F6D93FE000BF0044025879
:103DC00003020202A069022805D3B9484FF4267104
:103DD00004F002F8A069316800284DD041F4805009
:103DE00003F080F90546306880043FF564AFFEF7C4
:103DF0009FFB401B0228F6D91FE0A068052805D8C4
:103E0000012101FA00F010F0230F04D1A84840F27C
:103E1000C22103F0E1FFD6F8000440F48070C6F838
:103E20000004FEF785FB0546D6F80004C00516D44D
:103E3000FEF77EFB401B6428F6D90320F8BD21F075
:103E400001007067FEF774FB0546706F80077FF511
:103E50002EAFFEF76DFB03F043FAF6D975E6A068C6
:103E6000002800F09C80052800F0AC80012800F0BC
:103E7000AD8003F086FAACE021F4805003F032F913
:103E80000546306880047FF516AFFEF751FB03F05E
:103E900027FAF6D959E620F0800003F023F9054609
:103EA0003068C0057FF500AFFEF742FB03F018FA5B
:103EB000F6D94AE6022961D1A06A042804D37C48D5
:103EC00040F2FD2103F088FF206C4FEAB000042887
:103ED00004D3774840F2FE2103F07EFF606C40F08F
:103EE0000200022804D0724840F2FF2103F074FF60
:103EF000E06A01383F2804D36D484FF4407103F065
:103F00006BFF206B0438B0F5FE7F04D9684840F29F
:103F1000013103F061FF606B0138802804D36448ED
:103F200040F2023103F058FFA06B0138802804D31F
:103F30005F4840F2033103F04FFFE06B0138802807
:103F400004D35B484FF4417103F046FFA06CB0F519
:103F5000005F04D3564840F2053103F03DFF30685E
:103F600020F0807003F0BEF805463068800141D52E
:103F7000FEF7DEFA03F0B4F9F7D9E6E5306820F091
:103F8000807003F0AFF80446306880017FF5F5AE2D
:103F9000FEF7CEFA011B03200229F5D9D5E503F07F
:103FA000F0F93067FEF7C4FA054641F28837306F02
:103FB00080077FF584AEFEF7BBFA411B0320B942B0
:103FC000F5D9C2E5306F40F004003067306F40F043
:103FD00001003067FEF7ACFA054641F28837306FD2
:103FE00080073FF56CAEFEF7A3FA411B0320B942F0
:103FF000F5D9AAE504F12805B06A40F2F331884307
:104000002ECD0843591E40EA0210B0626FF35F21C3
:104010004FF4FE024FF47E4000EB452080B208448E
:10402000A16B02EB01414FF0FE4201F4FE01084496
:10403000E16B02EB016101F0FE41084430634FF691
:10404000F871F06A20F00100F062706B8843A16C97
:1040500040EAC1007063206CF16A21F00C01084352
:10406000F062F06A616C20F002000843F062F06ACE
:1040700040F48030F062F06A40F40030F062F06AA0
:1040800040F48020F062F06A40F00100F062306895
:1040900040F0807003F026F80446306880013FF558
:1040A0006CAEFEF745FA011B03200229F5D94CE559
:1040B00085C2000808B3B0B5044690F82C000D4640
:1040C00028B9002084F82D00204600F01BF80220BB
:1040D00084F82C00211D2068FCF74CFED4E9000276
:1040E0002946FCF75FFF0648016841F00041016086
:1040F000012084F82C000020B0BD0120704700BFD3
:10410000004000527047B0B5054603F0F8F801D101
:1041100002240DE095F82C000124012808D102208A
:1041200085F82C002868FCF7DBFE85F82C4000247D
:104130002046B0BDB0B5044690F82C000D460528C9
:1041400003D0022812D001280FD1022084F82C00BD
:1041500029462068FCF7E0FE286802280CBF0520ED
:10416000012084F82C000020B0BD0120B0BD00006B
:104170001CB5044690F88000012804BF02201CBD35
:10418000072084F8810045F6C051012084F88000A2
:10419000314803F0CAF820680168890524D501690F
:1041A00021F00801016103F087F803D001690907D4
:1041B000F9D401E002F0CBFF016841F480610160B5
:1041C00003F07AF803D001688905F9D401E002F020
:1041D000BEFF02F0ACFF03F06FF803D041690905A0
:1041E000F9D401E002F0B3FF806800040ED5A06F9F
:1041F00060B100210165FCF773FF38B1A06FFDF7D6
:10420000CBF9202802D14020C4F8840020688068BF
:1042100040040ED5E06F60B100210165FCF760FF3E
:1042200038B1E06FFDF7B8F9202802D14020C4F87A
:104230008400204603F00EFCD4F8840001214006DF
:104240004FF0010001D402F0C3FF002284F8802067
:1042500084F881101CBD00BF0000002400680449E0
:10426000884200D0704703480121417001707047B7
:1042700000300140200000242DE9F8430446066880
:1042800030697169D6F8089094F881800A0501D5E3
:1042900002070DD401EA000505F0400715F0600F94
:1042A00002D00020A7B120E068070AD400200FE068
:1042B000B06940F40060B0612046BDE8F84300F00A
:1042C000F7BA616F20468847216F20468847012052
:1042D00005F00501012908D1216F2046884705F026
:1042E0002600022805D0BDE8F88305F02601022942
:1042F00004D1616F2046BDE8F84308470028F2D199
:10430000280762D415F4587FEDD057B12068D4F84F
:10431000841041F00401C4F88410816941F0400127
:104320008161A8050AD52068D4F8841041F0010104
:10433000C4F88410816941F40071816105F02000A6
:10434000E9050AD52168D4F8842042F00802C4F8AF
:1043500084208A6942F480728A6150B12068D4F85E
:10436000841041F08001C4F88410816941F020017B
:104370008161D4F884000028B5D0206840F26B3207
:10438000016821F00101016001699143016109F4B3
:104390004041B1F5404F5CD1816821F440418160DA
:1043A000E06F28B1344902F0B6FF08B102F09DFE7B
:1043B000A06F002897D0304902F0ADFF00283FF4ED
:1043C00092AF02F092FEBDE8F8832068816941F067
:1043D00008018161816941F01001816102F0A7FE4D
:1043E000016921F008010161806810F4404F19D182
:1043F00014E0E068102804D32168606E096B02C0E5
:1044000009E0082804D3318E606E20F8021B02E018
:10441000206802F083FF606602F0FFFFB4F86A00D4
:104420000028E6D103F01EF8012084F88100D4F8BA
:10443000840088B9B8F1030F13D0B8F1040F15D078
:10444000B8F1050F7FF44FAF2046BDE8F84300F008
:104450000BBB012084F881002046BDE8F843FFF73C
:10446000FDBE2046BDE8F84300F0FCBA2046BDE89A
:10447000F84300F01CBA00BF897B00082DE9F04723
:10448000002800F0E88004460068B44DA84206D039
:10449000B34988421CBFB349884240F00681606836
:1044A00040F48000B0F5800F04D0DFF8A805FF21AC
:1044B00003F092FCA0684FEA7040042805D3DFF8AF
:1044C00094054FF4807103F087FCE068A0F10B01C4
:1044D000152908D30338082805D3DFF8780540F2FA
:1044E000011103F079FCE06B4FEA701104290AD343
:1044F00080384FEA70100C2805D3DFF858054FF4C8
:10450000817103F069FCA06930B1B0F1806F18BF10
:10451000B0F1005F40F0DA80606B40F08040B0F1B5
:10452000804F05D0DFF82C054FF4827103F054FC66
:10453000E0694FEA3070082804D3DB4840F20511E7
:1045400003F04AFC206A40F40000B0F5000F04D0EC
:10455000D5484FF4837103F03FFC606A40F40021BA
:10456000B1F5002F05D0D04840F2071103F034FC1C
:10457000606AA8B9206940F00070B0F1007F04D0F3
:10458000C9484FF4857103F027FC606940F08070E2
:10459000B0F1807F04D0C44840F20B1103F01CFC42
:1045A000A06A40F48001B1F5800F05D0BE484FF4F9
:1045B000877103F011FCA06AB0F5800F24D1206B45
:1045C0004FEA30401F2800F25E81012101FA00F01D
:1045D0006FF00601084200F05681E06A20B9B24847
:1045E0004FF4897103F0F8FB206C022804D3AE4825
:1045F00040F2131103F0F0FB606C022804D3AA48C8
:104600004FF48A7103F0E8FB2168A94208D0A14861
:10461000814205D0A048814202D0E0680F281AD814
:10462000E26B0123E06803EB521200F10803DB08A0
:104630005A43A9420DD0984B99420AD0954B9942C2
:1046400018BF082A07D803F57446B14218BF99422B
:1046500004D1102A02D90120BDE8F087A26AB2F580
:10466000800F39D1A94209D08A4A914206D08A4A9C
:10467000914203D0216BB1F5702FECD8D4E90B191E
:10468000B9F1000F08BF4FEA00494FEA194701226C
:1046900002EB1942D14005D0EE484FF49E7103F071
:1046A0009BFBE068B842D6D818E07C4988423FF4CA
:1046B000F6AE7B4988423FF4F2AE7A4988423FF435
:1046C000EEAEE448FE2103F087FBE8E6E14840F265
:1046D000031103F081FB1FE74FEA004994F88100C2
:1046E00028B9002084F88000204600F0DFF802207E
:1046F00084F88100D4E90008D4F818E0BEF1806F96
:10470000026822F00102026013D1B8F1000F07D055
:10471000B8F5800F0DD1A26B3AB14FF480080FE0CD
:10472000A26BB2F1805F40F0AA80026842F480522E
:1047300002605FEA482203D4AA464FF0010C15E05C
:10474000E768AA46072F0FD3226D05684FF0000CCB
:1047500025F480752A4302600DE000BF0038004058
:10476000003C0040003001404FF0000C056825F48B
:1047700080750560E768E56BE669A268D4E90431F5
:1047800035433D43A76A45EA09053D438560656AAF
:10479000666B3543A66B35432B431943236A194394
:1047A000D4E9123529431143A26D1943114341EA5B
:1047B0000E01B7F5800F41EA0801C16038D1D4E994
:1047C0001012036823F40043012908BF03F50043D6
:1047D0000360012A016821F4804108BF01F580418E
:1047E000016050450ED0A64988420BD0294B984213
:1047F00002D0B9F5702F08D003F57441884218BF74
:10480000984208D1B9F5F81F05D1016841F400516B
:104810000160E36A0BE00168022221F400510160AB
:104820004FEA194102FA01F1E26A42EA0103036424
:10483000B8F1000F0DD0016DBCF1000F21F00101A6
:10484000016515D1616DC26822F000421143C1605B
:104850000EE027B98168012262F3CC218160816872
:10486000022262F34A218160016D21F0010101659C
:1048700002F0AEFC012184F88110BDE8F087AA4661
:104880004FF0000859E7734840F2111103F0A4FA01
:10489000A3E600BF003C004000300140003401406E
:1048A0000050014000140058C1C200087047704712
:1048B000704700002DE9F041044680681D46164609
:1048C0000F4620B1634840F66B1103F085FA02F001
:1048D0008FFC05D13FB136B12DB102F09EFC05D160
:1048E0000220BDE8F0810120BDE8F081052084F8B8
:1048F00081000020C4F88400A4F86250A4F86A5033
:104900002168E268CB6823F4C023CB60A4F8605030
:10491000E765A4F868506666C4E91C00012384F8C2
:1049200080308868102A20F4404088600CD3E06F03
:104930008369B3F5804F28D1A36F9B69B3F5804F8E
:1049400023D14FF4804309E0082A20D3E06F836924
:10495000B3F5804F18BFB3F5005F16D1A76FBF69DD
:10496000B7F5005F18BFB7F5804F0ED10F2A34D8C6
:10497000B7F5804F05D1B4F8622001325208A4F88F
:104980006220B3F5804F20D027E001204BE0A06FDC
:104990008069B0F5005F05D0B0F5804F0AD10222E2
:1049A000032001E001200122B4F862301844D04015
:1049B000A4F86200E06F8269B2F5005F05D0B2F53D
:1049C000804F0AD10223032201E001220123B4F81F
:1049D0006A703A44DA40A4F86A200027DFF8788049
:1049E000C0E913871D4A1E4BC0E90F233031B4F8CC
:1049F0006A303246FDF71AFB98B92268A06FE16D64
:104A0000936843F480439360C0E90F77C0E913874C
:104A10002032B4F86230FDF709FB48B1E06FFCF7D3
:104A20005FFB02F0ECFB002184F88010BDE8F08110
:104A300002F0BEFB18BF2B4402F044FC42F4587253
:104A40000261026842F00102026001D102F02CFC16
:104A50000020E8E7C1C200089F7B0008C57B000872
:104A6000BF7B00087047000000680549884200D0FD
:104A7000704704480021417001210170704700BF58
:104A8000003001402000002470470000411E00203B
:104A9000B0EB116F01D001207047044AF023516040
:104AA00003490B70906007211160704710E000E02F
:104AB00023ED00E0FBF725BF28B14178827800792B
:104AC0001143084300E0002002490871C0B2FFF71B
:104AD000F1BF00BFA00000240648FF220021028091
:104AE00000228170082A03D083180132D970F9E7B7
:104AF000704700BF10000024A9B1014420F01F003E
:104B00001F3121F01F01091A01290CDBBFF34F8F60
:104B10002031054A1060203920302029FAD8BFF30F
:104B20004F8FBFF36F8F704768EF00E080B502F0E2
:104B300009FE00230549064A994202D0D0520233A9
:104B4000FAE71046BDE88040FFF7D6BF00B80B007B
:104B5000000020C07CB50D4619301446009240F28A
:104B60000F3281B2A5F1120086B21120334601F056
:104B7000AFFC0920CDE90004314640F20F32681E37
:104B800083B2112001F0BEFC7CBD00002DE9F04F86
:104B900093B0DFF8D06396F802A0504603F052FAC3
:104BA0007778F17996F8058096F806E0CB1B18BF68
:104BB000012398F0010C11D13278347AB2FA82F5DF
:104BC000B4FA84F162406D0949094D408EEA0A0148
:104BD00052EA010918BF4FF0010902E04FF0010944
:104BE0000125017C7489807C06970491B18AA142D9
:104BF0000FD1B189F28A8A420BD1F189328B8A4274
:104C000007D1718A728BB2EB010B18BF4FF0010B09
:104C100001E04FF0010BBEEB0A0118BF0121B6F80D
:104C200010E0B28B41EA0C01294335790591D6E9B0
:104C3000097103D000234FF0010B2AE043EA0C0373
:104C400096F809C028B1BBF1000F02D04FF0010B5C
:104C500013E00498002818BF01200DD0BBF1000F0D
:104C600083460AD182EA0E0B81EA07005BEA000B59
:104C700018BF4FF0010B00E0834653EA090001D052
:104C8000002306E0ACEB0500B0FA80F0400908EA2A
:104C9000000389F0010000EA0800012808BFBBF109
:104CA000000F00F043810698F071F168B482C6F8F5
:104CB0001610AD4CB76286F806A0A6F81CE0757217
:104CC000AA4F01207071718A307871833072002888
:104CD00004BF47F63254C0F22E04059870B1A54ABD
:104CE00048204FF4AF711D46FFF734FF4FF4B77003
:104CF0004FF4E8713A46FFF72DFF2B46B9F1000F4C
:104D000049D099460020002140F21F323723B8468F
:104D1000994F009701F0DCFB984802F02AFBB57828
:104D2000284603F057F996A1CDE90071CDE902506C
:104D3000142020226FF07F43042102F041F8B07864
:104D400003F080F940680290904B262110228E4893
:104D5000CDE900704FF4A07002F032F835788C4A3B
:104D60004FF42B70122102F02EFA8A488A4A002D45
:104D7000CDE90047474608BF02464FF4357012217F
:104D8000102301F049FF0020002140F21F32372399
:104D900001F092FE4B46BBF1000F0ED0B0781C46DE
:104DA00003F050F9C06880471220622140F20E32B1
:104DB0004FF4AE7301F080FE2346002B40F0CE800E
:104DC000B07803F03FF904467078DFF8BCA10DF12C
:104DD00034093D4652461B289ABF714951F820308C
:104DE0006E4B4846182103F0A7FBB778384603F00E
:104DF00015F90DF11C0800906AA218213B464046A7
:104E000003F09AFB94F808B0684C26204FF4D17157
:104E1000F4224FF4E1732F460095A047FE204FF493
:104E2000D27140F216224FF4E0730095A0474FF480
:104E30000C704FF4C6714FF43E724FF4E17300955D
:104E4000A0475C4A26204FF4C67110230195584CA8
:104E50000094102501F0E0FE574B26204FF4D1714D
:104E60002022CDE9007ACDF8089001F0A9FF534A3D
:104E7000FE204FF4C67102F0A6F9BBF1000FCDE998
:104E8000007ACDF8088008BF18254D4B4FF4D27139
:104E90002A46FE2001F094FFB07803F0C3FA002800
:104EA00053D048A0CDE9007096F804904FF4C67135
:104EB000102223464FF40C7001F082FFD2480027E5
:104EC000042640F2412B8246082F3ED001204FF4A9
:104ED0000C714FF4DE73B84010EA0908244804BF8F
:104EE00043F24010C0F22100CDE9006007EB47001B
:104EF00001EBC0010BEBC0008CB285B24FF4D47152
:104F000020462A4601F0FEFA5046B8F1000F1B4930
:104F10002A464FF4DE7308BF0846CDE900604FF41F
:104F2000D471204601F004F90137CDE7002B3FF49E
:104F3000BAAE82EA0E007940084318BF01200499F6
:104F400061B100287FF4AFAE08E012204FF4C471C5
:104F500040F20E324FF4E77301F0AEFD13B0BDE83E
:104F6000F08F00BFA00000242828C600241B1200D8
:104F7000327D2E002B2116002018100050402E00EC
:104F80004D25582020257300A5C40008D1C7B800BE
:104F9000058F0008348F00080B8F000815C4000827
:104FA00058C000084D25582025730000D164000822
:104FB000C3B7A800CE8E000807C1FF00A48E00086A
:104FC000FAF8F5004B4559204C4544002DE9FE4FB9
:104FD0008246A6480190029391468B460C9A102374
:104FE000A3480090A1F1180081B2504601F014FED0
:104FF0000BF1160000264FF0050884B2B14522D00F
:10500000029859462346F040C0074BF6D44004BFEF
:1050100043F24010C0F22100CDE900802C2006FBB5
:1050200000A085B2223087B228463A4601F06AFADB
:10503000F048019059463A462346CDF8008002F0E8
:10504000DBF80136DAE7BDE8FE8F00BF2DE9FC4151
:1050500005460E4690460A27CDE9007310204FF40E
:1050600044722946334601F04DFA0920E14CCDE95E
:10507000000440F20F32681C81B205F1180083B2BF
:10508000112001F03FFA102029464FF444723346B4
:10509000CDE9007401F04CF86FF07F40CDE90004D9
:1050A00042461023681D81B21C2001F0B5FDBDE809
:1050B000FC8100BF2DE9F04F85B00746C81A0E46A7
:1050C00038BF581AB7EB020801924FF0FF31824601
:1050D000C0F1000B38BFA2EB07084FF0FF32A8EB7E
:1050E000000938BF012202920493B34288BF012114
:1050F0000391BDB2B4B20E9A2846214600F0DCFFFF
:105100000498844202D10198854212D0BBEB490F2A
:105110004846B8BFA0EB0A00B8EB400F0399C4BFE4
:105120000E444044BBEB490F0299B8BF0F4481467F
:10513000DFE705B0BDE8F08F2DE9FE4F04462E48AD
:1051400001902F4A4FF4927110232C4802F082F9FB
:10515000022024F00A0106264FF0010900EA94001B
:10516000084404F0020140EA8108B9F10D0F40D073
:10517000A9F101000121234F40F257138140C0EBF8
:10518000001B262011EA080A4FF49B7104BF4DF65C
:10519000DC07C0F2CF07CDE9006700EB8B0084B2DB
:1051A0004F2000EB8B0085B220462A4601F0AAF979
:1051B000154801904FF49B712A4640F25713009610
:1051C000204600F0B5FF11A0BAF1000F0B4B00977D
:1051D000CDE901094FF49E7118BF6FF07F43302075
:1051E000102200EB8B0080B201F0EAFD09F1010909
:1051F000BBE7BDE8FE8F00BF2B211600C3B7A80098
:10520000F88E0008327D2E00AEA490004C2530327E
:10521000750000002DE9FC41E548164A8C21102359
:10522000B0F81080456A11480190E84802F012F980
:1052300000261C275824381D10D025FA07F09E217F
:105240004822842300F00F00009006FB04F0203079
:1052500080B201F03FF8043F0136ECE76FF31F38EE
:105260004046BDE8FC41FFF767BF00BF2B21160099
:10527000C3B7A800B68E000870B58CB01D4E96F866
:10528000310096F8303096F8321096F833208DE8D9
:10529000070008AD18A21021284603F04DF9738AC3
:1052A00004AC184A02F0C6F8C448CDE90150922176
:1052B0004FF4AC72EC23144800902C2001F0BCF8A1
:1052C0004BF6D440CDE90140922140F2DE22EC239E
:1052D0000E4800904FF4C27001F0AEF80C48738A8B
:1052E00000904FF4987110223020FFF76FFE0CB041
:1052F00070BD00BFA0000024255820255820255847
:105300002025580079C40008428F0008DC8E000870
:10531000D48E00082DE9F04F89B0D74C334A0821CC
:1053200094F8333007AF384603F006F9E37803AE5C
:10533000714A1021304603F0FFF8DA48CDE90170D8
:1053400094214FF4AA72F823294801F0C7FE4BF6C6
:10535000D440CDE90160942140F2C222F823D44820
:1053600000904FF4D27001F067F8964800254FF096
:10537000060B804694488246082D33D036204FF4E1
:105380008F714FF4A673CDF800B0C146CDF80480FC
:1053900005FB00F404F17C0086B204F1A40087B29E
:1053A00030463A4601F0AEF830464FF48F713A4637
:1053B0004FF4A673CDE900BA00F0BAFEAE480B492F
:1053C0002022B84BCDF80080284490F82C00CDE97D
:1053D000011004F187004FF4937180B201F0F0FCEA
:1053E0000135C9E709B0BDE8F08F00BF6DC4000802
:1053F000AE8E000850402E002DE9F04F89B03D4C94
:105400003D4A1021A37C05A803F096F8A07C002754
:105410004FF007080490082F35D001200499384C2C
:10542000B84010EA010A08BF6FF07F44CDE900845C
:105430004C208421FC2307FB00FB0BF15C0085B2B0
:105440000BF1A60086B22846324601F05BF82B48E5
:10545000019084213246FC23CDF80080814601F082
:10546000CBFE013727A0CDE90107274B00940BF1B4
:105470007600BAF1000F08BF4B4680B2D621182241
:1054800001F09EFCC7E74FF0000805274FF04C09DC
:105490000024A0B206281CD804F07B00022816D0F5
:1054A00004FB09F0CE23CDE9007800F19501BB3073
:1054B0008DB286B284212846324601F023F80F4887
:1054C000019084213246CE23009701F095FE0134ED
:1054D000DFE74BF6D44002904FF48B7140F2DE22AE
:1054E0004FF4A47305A80190084801F0F7FD09B036
:1054F000BDE8F08FA000002474C4000850402E00C6
:1055000007C1FF0025750000100B0700E48E00089E
:10551000F0B587B0264D27A210216E6A03ACB3B256
:10552000204603F009F8DB48CDE901408C214FF417
:10553000AA72E623224801F0D1FD4FF4CA708C21F3
:105540004FF43072E623C74C0827CDE9007400F011
:10555000D9FFC648CDE900708C214FF43072E623A4
:105560004FF4CA7000F0E4FDC5480090184A962137
:10557000102301944FF4D27001F04EFB4BF6D4404F
:10558000CDE90004144AF003124858BF0246AE2188
:1055900018234FF4D27001F03FFB10482B8A009083
:1055A0004FF4927110224620FFF710FD07B0F0BDB6
:1055B000A00000242530346C5800000007C1FF0013
:1055C0003A8F00084031210050402E00C3B7A80098
:1055D000BE8E0008488F0008FF8E0008728F0008FA
:1055E0002DE9F04190B0244F24A2274C102197F8C8
:1055F00025300CAE3046A04797F8243008AD23A2E2
:1056000010212846A0473B8A0DF1100822A2102144
:1056100040466FF31F33A0479E48CDE90160234EFB
:1056200084214FF48072DE231F4800902A20B04767
:105630001F48009084214FF4FD72DE234BF6D444C2
:10564000CDE901544FF49270B04740F21E208421FE
:105650004FF43D72DE23CDE90184164C0094B0472F
:105660003B8A4C204FF499710C220094FFF7AEFC5A
:1056700010B0BDE8F08100BFA00000244449473AC3
:105680002530326C58000000398500085345473AF0
:105690002530326C5800000050494F3A25303358BD
:1056A0000000000007C1FF00B68E00083964000842
:1056B000648F00082B8F00082DE9F04F97B06348E6
:1056C000634F0DF1480A634D142104463A46068A99
:1056D000504606F04903A84706F092030DA814218E
:1056E0003A46A84706F0240308A814213A46A847DA
:1056F00094F8243003A858A21421A8475A4C2A2011
:105700007A214FF48072D423564D4FF00808CDE92A
:105710000085A0475548CDE90080DFF854B17A21D3
:105720004FF48072D4232A20D84752A0CDE90050EC
:10573000534B544E862110223A209946B04752A02E
:1057400001F0A6FD3A20B047524B3A20B82118226A
:10575000CDF808A04E4FCDE900579A46B0474FF418
:1057600092707A214FF4FD72D4233F4CCDE900852D
:10577000A0473E4801907A214FF4FD72D423CDF822
:1057800000804FF49270D84743A0CDE900508621A5
:1057900010224B464FF49A70B04742A001F078FDBA
:1057A0004FF49A70B047CDE900570DA80290B82188
:1057B000182253464FF49A70B04740F21E207A21C7
:1057C0004FF43D72D423284CCDE90085A0472748EB
:1057D00001907A214FF43D72D423CDF8008040F23D
:1057E0001E20D84731A0CDE90050862110224B461B
:1057F00040F22E20B0472FA001F04AFD40F22E20AB
:10580000B047CDE9005708A80290B82118225346A6
:1058100040F22E20B0474BF6D4400290E2214FF4E4
:10582000AA724FF48F7303A80190244801F056FC2C
:1058300006484FF49D710822038A214800907C207D
:10584000FFF7C4FB17B0BDE8F08F00BFA000002435
:1058500070C4000839850008504F3A2530326C5822
:1058600000000000403121000565000850402E0076
:10587000316100084B312F4B342F4B3700000000B3
:10588000C3B7A800C16D0008535441424C45000005
:10589000A5C4000807C1FF004B322F4B352F4B38F2
:1058A0000000000053545245544348004B332F4BE3
:1058B00036000000544F47474C4500007C8F0008DD
:1058C000EE8E00082DE9F04F9BB07D48018ACA0B8F
:1058D0008A4604920022C1F38127C1F30136C1F345
:1058E000803809B26FF39F2A0792B1F1FF3F02DDC2
:1058F000002300210BE073A1012201EB8601CB5DA7
:1059000074A101EB8601C95D02FA01F189B2069129
:10591000406A039017AC73A2744D10212046A8472B
:10592000009713AF72A2102133463846A8470020D3
:1059300000900EAE72A2142143463046A847CDF81F
:1059400000A008A872A21821049BA8477548CDE9B9
:105950000140764C7821FE22BC237348009036200B
:10596000A0477348009078214FF4F772BC234BF6A0
:10597000D445CDE901754FF49370A0476D48009070
:10598000782140F2DE22BC23CDE9016540F21620E9
:10599000A0474FF00508002104293FD02A204FF0EE
:1059A000000A0591484300F1E80B00F1CA09BAF179
:1059B000040F2DD0079806991FFA8BF51FFA89F767
:1059C00050442B4621FA00F0C007564804BF43F26A
:1059D0004010C0F22100CDE900803A200AFB00F01F
:1059E00000F5927100F5A8708CB286B23946204657
:1059F000324600F087FD50480190394632462B462A
:105A0000CDF80080204600F093FB0AF1010ACEE7B2
:105A100007980599043007900131BDE70025474FED
:105A2000474E0FF220182A24042D0DD005FB04F058
:105A300010223346CDE900780295D03081B2F020B3
:105A400001F0BEF90135EFE700250FF2FC083A241A
:105A5000042D0FD005FB04F04FF4A971102233463A
:105A6000CDE90078029500F5967080B201F0A8F9B2
:105A70000135EDE735A0CDE90070374DD02110227A
:105A80003346049802904FF40970A84708A8029082
:105A9000E821102233463148CDE900704FF40970F7
:105AA000A8472FA0CDE900704FF480711022334633
:105AB000039802904FF40970A8471BB0BDE8F08F1F
:105AC000A00000240C0D0A0B08090E0F04050607A0
:105AD0000001020303070B0F090A0C0E0405060858
:105AE0000D0001024B45593A255800003985000840
:105AF000524F573A257520434F4C3A257500000008
:105B0000454447453A2575204552523A25750000CF
:105B1000484F4C443A25752050494F3A2530335868
:105B20000000000007C1FF00888E000839640008EB
:105B30005E8F00082B8F000850402E002B2116008E
:105B4000C3B7A800522575004325750056414C493E
:105B5000443A257500000000C16D0008A5C4000886
:105B6000504F3A2530366C5800000000F0B591B027
:105B700039490020CDF81B00CDF817000A8A4F6A7A
:105B800007213D0D6FF31F32ADF82020C7F30B2323
:105B900004AE0F2907D027FA00F2043002F00F02FA
:105BA00072540131F5E72EA12CA0B7F1FF3F2DA2D1
:105BB000C8BF014600910CAC2046142102F0BCFC89
:105BC000F800EBB22AA24FF04C0058BF2D20B900CC
:105BD0004FF0520158BF2D21CDE9001009AD2846E4
:105BE0000C2102F0A9FC2548CDE9014078214FF4B1
:105BF000AC72BE23224801F071FA4BF6D440CDE9D5
:105C00000150782140F2C222BE231E4800904FF47A
:105C1000D07000F011FC1C4801901C4AC0211023D8
:105C2000F44801F017FC00245625082C0DD030193B
:105C3000D02138224823C079009004FB05F02C3095
:105C400080B200F047FB0134EFE7BDF82000FFF71A
:105C500073FA11B0F0BD00BFA000002431000000B5
:105C600031360000253033582078257300000000BD
:105C700025303258202563256300000007C1FF004E
:105C8000258F00089C8E00082B211600B68E000878
:105C90002DE9F04F89B08248002301240021B0F89B
:105CA000109090F824200020082B08D004FA03F666
:105CB00016401CBF1846012631440133F4E7C9B22F
:105CC000C9F38012C9F3C203CDE90032012918BF1C
:105CD00009F0070003ACC3B272A22046182102F0FB
:105CE0002BFC4BF6D440CDE9014088214FF4AC7237
:105CF000CE23724801F0F2F9C9F3C014704E714D11
:105D00004FF4F17080214FF41472B2234FF0080861
:105D1000002C04BF43F24016C0F2210601F014FA31
:105D20006948CDE90080DFF8A4B180214FF41472F6
:105D3000B2234FF4F170D84765A0CDE900606FF051
:105D40007F43DFF890A18E211822002C4FF40270BF
:105D500004BF4BF2C373C0F2A803D0470220584FD0
:105D6000F2214FF414724FF4927300EAD9144FF4F5
:105D7000F1703E46002C04BF43F24016C0F22106EB
:105D800001F0E2F950480190F2214FF414724FF4FF
:105D90009273CDF800804FF4F170D8474EA0CDE952
:105DA00000606FF07F434FF480711822002C4FF495
:105DB000FE7004BF4BF2C373C0F2A803D0470420A7
:105DC0003E46B9214FF4E872EB2300EAD9144FF4B0
:105DD000B170002C04BF43F24016C0F2210601F05E
:105DE000B3F94FF4B170B9214FF4E872EB23364F99
:105DF000CDF800800197D84739A001F08CF94FF415
:105E0000BF7004BF4BF2C373C0F2A803D04708EAC7
:105E1000D9142B4E01F0E5F9002C04BF43F24016D3
:105E2000C0F2210601F090F901F0DBF9CDE900871D
:105E3000D8472DA001F06FF940F2762004BF4BF255
:105E4000C373C0F2A803D0471020B9214FF41472D5
:105E5000EB2300EAD9141A48002C04BF43F2401087
:105E6000C0F22100CDE9008006464FF4F170A8474A
:105E70004FF4F170B9214FF41472EB23CDE9008790
:105E8000D8471BA001F047F940F20A2004BF4BF2AB
:105E9000C373C0F2A803D04709B0BDE8F08F00BFBC
:105EA000A0000024504F533A2575204556543A25FA
:105EB0007520454447453A25750000002B8F0008A2
:105EC000327D2E000565000850402E00316100082B
:105ED00055500000C16D0008444F574E00000000AF
:105EE0004C45465400000000524947485400000009
:105EF0004F4B00002DE9F04F87B037480DF10C08EB
:105F000036A2466A048AC6F38500C6F38521CDE928
:105F10000010C6F385434046102102F00DFB3620E9
:105F200084214FF4ED72F223304F0825CDE900575C
:105F300000F0E8FA2E48CDE9005084214FF4ED72CC
:105F4000F2238246362000F0F3F82A4800902A4ACD
:105F5000DFF8A89094211023019783465620C84764
:105F60002748CDE90070504BB0212022CDF80880A1
:105F7000562000F025FF01F014F9CDE9005700F09C
:105F8000C1FA01F00EF9CDE9005A00F0D1F81D4A2E
:105F900040F21A2094211023CDE900B7C8474BF6F0
:105FA000D440CDE90007194AB007174808BF024698
:105FB000B621182340F21A20C84715486FF31F3442
:105FC00000904FF49B710C224C202346FEF7FEFFFD
:105FD00007B0BDE8F08F00BFA00000242530327567
:105FE0003A253032753A25303275000040312100B3
:105FF00050402E00C3B7A8008A8F0008196C000813
:10600000A5C400088E8E00084E8F00086C8F000813
:10601000948E000870B58CB0204E214A1021736A0E
:1060200008AD284602F088FA338A04AC1D4A01F014
:1060300001FA1D4801F022FA1C4800904C2000F0A3
:10604000FBF901F0DAF91A4801F094F8194801F067
:106050005AF90CB070BD00BF70B58CB00F4E104A2D
:106060001021736A08AD284602F066FA338A04AC40
:106070000C4A01F0DFF90C4801F000FA0B480090DF
:106080004C2000F0D9F901F0B8F9094801F072F894
:10609000084801F038F90CB070BD00BFA000002422
:1060A0007EC4000879C4000807C1FF00118F0008F2
:1060B000848F0008EE8E00084309182B13D84B0973
:1060C0000E2B10D810B540F21F33181A80B2C0EB57
:1060D000001001EB4014104601F034FB024921F896
:1060E0001400BDE810407047000020C02DE9F843BF
:1060F0009846DFF8A8910B46089C15460F460646C1
:106100000094C84730463946324643460094C84753
:10611000284639462A4643460094C84708943046E4
:1061200041462A464346CC4601B0BDE8F0436047AD
:106130002DE9F04F8BB082420692C0F0AB809B46B7
:106140000D468B42C0F0A680DDF818900346DDE9CD
:10615000146AA9EB0000C0F34E01B142ABEB05019C
:1061600038BF4608B0B2C1F34E02824238BF4E0873
:10617000300400F08780F01804960593DFF81C8146
:1061800029462B46CDF800A084B2A9EB060086B2C2
:1061900020463246C0472046594632465B46CDF837
:1061A00000A0C0470498059ACDF800A0284484B206
:1061B0000498ABEB0000214686B205983346C047F1
:1061C0003346484621464A46CDF800A0049EC047C3
:1061D000B7B2059A4FF0FF30DFF85C84791E07FBF9
:1061E00007F318BF10FA86F101FB01F0CDE9015B5E
:1061F00000210A9088B287424CD9ABEB010009908C
:106200004FF00009039148190890701A10FB00F430
:1062100007941FFA89F087422FD9A6EB090010FBDB
:106220000040984226D80A99884223D909EB0200F7
:10623000DDF854A09B463C4686B20898524685B28B
:1062400030462946C047069829465246A0EB090029
:1062500087B23846C0470998524685B23046049EF8
:106260002946C047384629465246C0472746079C1C
:106270005B46059A09F10109CBE70399DDE9015B6A
:106280000131B7E7184629464A465B46CDF800A0DB
:10629000FFF72CFF0BB0BDE8F08F00BFB550000832
:1062A000E0B502440A30009301F109030B3A80B2D1
:1062B0009BB292B200F00CF98CBDE0B50A440A31F1
:1062C00000930B3A89B293B200F1090292B200F046
:1062D000FFF88CBD2DE9F04F87B005464D4804937B
:1062E0004FF00809CDE900901646884602EB050AF2
:1062F000AAF1010084B2581805900138224687B2ED
:1063000028463B4600F0FEF84348CDE90090414660
:1063100022463B4600F070FF109840A1434C00F02D
:106320000F00234611F800905FEAC97004BF41F2E4
:106330001223C0F23A03A81D3D4D1FFA80FB08F15D
:10634000060081B2A6F10C0082B2584606920E46B3
:106350000391A8475FEA897023463146354EAAF17A
:1063600010005CBF41F21223C0F23A03DDF810A026
:1063700085B24FEA5A0728463A46B04708EB5A0A10
:106380005FEA497023463A46DFF8A8801FFA8AF68A
:1063900028465CBF41F21223C0F23A033146C0479F
:1063A0005FEA09702346224D5CBF41F21223C0F21E
:1063B0003A030598069A103881B25846A8475FEA12
:1063C000C960234631463A4658465CBF41F2122323
:1063D000C0F23A03C0475FEA896023463A465CBF91
:1063E00041F21223C0F23A0358460399C0475FEACC
:1063F00049605CBF41F21224C0F23A04069A234677
:10640000DFF82CC0AAF1050081B2584607B0BDE8FC
:10641000F04F60470B0B1A0025257E003F065B4FAF
:10642000666D7D077F6F777C395E7971242BFF0065
:10643000A1620008BB6200082DE9FE4FDDF8348040
:1064400007461E4615460C464046F9F769FF814649
:106450001B484FF0080ACDE900A021462A463346E2
:106460008346384600F04EF81648CDE900A0214694
:106470002A4633463846FFF75BFE134800900C9AD5
:106480001023CDF804B007F1100085B204F10A0022
:1064900081B2284600F0C0FB0C48CDE900B02022B4
:1064A0000E9BCDF8088004F12200B9F1060F88BFD9
:1064B000182281B2284600F083FCBDE8FE8F00BFA1
:1064C0004031210050402E00C3B7A800A5C40008E9
:1064D0002DE9F047984615468A468146089C1FFAE2
:1064E0008AF747450CD84E46B0B2A84205D839467F
:1064F0002246FFF7E1FD0136F6E70AF1010AEEE771
:10650000BDE8F0872DE9F04F8BB08242C0F08F805C
:106510000D468B42C0F08B800646101ADDE91479D7
:10652000C0F34E01B94238BF4708B8B2591BC1F396
:106530004E04844238BF4F08380472D00792BC1909
:10654000DFF8F0800696CDF800901E460897079970
:10655000A0B2A1EB070A29461FFA8AF2C0470898A1
:1065600002950396CDF80090079F284485B20898BD
:10657000301A294686B2601E82B206983346C0475A
:106580000AF10100334629463A46CDF80090069EAE
:1065900080B2C047089A0024DFF89CB095B20595F8
:1065A00005FB05FAA0B28542DDE902103FD9001BC8
:1065B0000A9004944FF0000860180990101B10FB1B
:1065C00000F41FFA88F0854228D9A2EB080010FBDE
:1065D000004050451FD808EB0600DDF8549086B205
:1065E00009984A4685B230462946D847A7EB0800A5
:1065F00029464A4687B23846D8470A984A4685B25D
:106600003046069E2946D847384629464A46079FBF
:10661000059DD847089A08F10108D2E7049C013487
:10662000C0E730462946CDF80090FFF751FF0BB088
:10663000BDE8F08FD1640008B960000805484FF448
:1066400080410022FBF756BF02484FF480410122EF
:10665000FBF750BF000402582DE9F04FBFB0684669
:106660003421F9F752FEC74C4FF000084FF00309F0
:106670000125C549C54F0E46606840F008006060BE
:10668000606800F008000E900E98CDF848802068F1
:1066900040F002002060206800F002000D90CDE97B
:1066A00010890F954FF480400E900D9801F5806091
:1066B0000EA9B847FFF7C2FFCDF8488006F5E05BAA
:1066C00000F021FD0D900FA880E820034FF4E0704A
:1066D0000E900D980EA95846B847D94D58464021FE
:1066E0000122A847584680210122A84758464FF466
:1066F00080710122A847DFF898921420C847A54D61
:106700000120A8470A20C8471120A8477820C84779
:10671000A149DFF888A2B0200122D047A049B120CA
:106720000322D0479F49B2200222D0479E49B3207E
:106730000122D0479D49B4200122D0479C49B52071
:106740000522D0479B49B6200622D0479A49C0204F
:106750000222D0479949C3200522D0470A20C847C2
:106760009749C4200622D0470A20C8479549C5202A
:106770000122D0470A20C8479349C6200322D047A8
:106780000A20C847914ED02009223146D047904F69
:10679000D12009223946D047D22031460922D0479C
:1067A000D32039460922D047D42031460922D04788
:1067B000D52039460922D0473A20A847552000F075
:1067C00053F93620A847002000F04EF90A20C847A8
:1067D0002920A84714200125C847CDF848804FF448
:1067E000806A6A4A00F069FC0D90CDE90F58CDF837
:1067F0004480CDF838A002250D980EAF6248394686
:1068000000F5C0563046904730464FF48061012273
:106810008B4B984707F10800B821F9F776FD4FF444
:1068200000601D904FF00059CDF83C80CDF83890B5
:1068300012201C900420CDE91A50582019900520F0
:1068400018903846FCF70CF908B1FAF785FA206879
:1068500040F001002060206800F001000E900E98CA
:10686000206840F020002060206800F020000E909A
:106870000E9800F022FC0E900E9800F044FC0E9052
:106880000E98206840F48070206020683E4C00F430
:1068900080700E900E98CDE90EA53C4D0E20129002
:1068A0000320CDE910800EAF04F5A0503946A8476B
:1068B000C0200E9039463046A8474FF47E400E90D7
:1068C00039465846A84740F2F7600E90394604F51D
:1068D0000050A8474FF480700E9039462046A847D4
:1068E0003C4C742104F13400F9F70FFD40F22230E2
:1068F00020634FF4F17140F2213240F2E11301259F
:10690000C4E90A21C4E9085384F83580C4E906853E
:106910004FF08050C4E904084FF080414FF000422E
:106920002D4BC4E90032C4E902192046FBF7D6FE1C
:1069300008B1FAF711FA794809904FF4F072002182
:106940000291CDE900128DF832100691ADF83010A9
:10695000FF2305930220049069464FF44870CDE967
:106960000A2003900022052008904FF480600790D1
:106970001848FBF739FE08B1FAF7EEF93FB0BDE869
:10698000F08F00BFE044025800000258992200082E
:106990006D220008456A0008A08F0008916A00086F
:1069A000A18F0008A48F0008A68F0008A78F0008F9
:1069B000A88F0008AD8F0008B38F0008B58F0008BE
:1069C000BA8F0008C08F0008C18F0008C48F00086C
:1069D000CD8F0008040100240010005081B007484A
:1069E00007490068B0FBF1F000900098411E00914B
:1069F00008B100BFF9E701B0704700BF00000024F4
:106A0000404B4C00F8B504460026204D0C4F072E95
:106A100088BFF8BD284680210022B847E0B24FF475
:106A20008071C2092846B847FFF7D8FF2846802161
:106A30000122B847FFF7D2FF01366400E7E700BF45
:106A4000F5240008B0B5114C00F01CFC7020FFF7D5
:106A5000D9FF2846FFF7D6FF204640210122BDE896
:106A6000B040FBF747BD00BFB0B5084C00F00AFCD2
:106A70007220FFF7C7FF2846FFF7C4FF20464021DA
:106A80000122BDE8B040FBF735BD00BF001C025835
:106A9000B0B514460D46FFF7D5FF2CB115F8010B24
:106AA000FFF7E2FF013CF8E7B0BD00001B480149D9
:106AB000FEF722B800B80B002DE9F0410C46410961
:106AC000182910D861090E290DD840F21F318A42C9
:106AD00038BF1146814206D3B3F5EF7F88BF40F23D
:106AE000DF13A34201D2BDE8F08140F21F32101A39
:106AF000561A191B022287B2084802EB410580464C
:106B0000B0B2B842EFD8C0EB0010294604EB4010F9
:106B100008EB4000FDF7F0FF0136F1E7000020C070
:106B200001490860704700BF000100240149086066
:106B3000704700BF1C0000242DE9FE4F884601214C
:106B4000064658074FEAD30018BF01EBD300202AAE
:106B500001D37E2A01D9BDE8FE8FA3F10C011C46AA
:106B60004FEAB103052BF6D8A2F120010FF204027F
:106B7000DFE803F0040A030F0317ECE7CAB2520080
:106B800052FA81F1234A09E0C9B2214A02EB01110C
:106B90000BE0CAB2D20052FA81F11C4A02EB810129
:106BA00003E0C9B2184A02EB811100916108DDE9E6
:106BB0000C97454648430021C0B20190019881429C
:106BC000C9D000984FF0000B029110F801A0BBF162
:106BD000070F16D84FFA8AF03A46A9B20028B0B289
:106BE00048BF4A46FFF768FA0135A8B2A0EB080093
:106BF000A04204D00BF1010B4FEA4A0AE7E7013645
:106C0000454602990131D9E778A800081C9B000885
:106C10002C950008B89000082DE9F04F8DB0002A9F
:106C2000089000F0C28001200E461C469046169D3A
:106C3000DFF888C1DFF87CE159074FEAD30118BFBC
:106C400000EBD301581E05900C913044A3F10C01C8
:106C500080B204904FEAB101069157480130039089
:106C600053480130029098F8000020B998F80110BC
:106C7000002900F09A800699052943D8069ADFE892
:106C800002F0031341224132002134293AD01CF88A
:106C90000120824206D10CEB010298F80170537872
:106CA000BB4244D01A31F0E76321039A51B312F882
:106CB000013C834204D198F8013017789F4238D0C4
:106CC00001392232F2E7002194291BD01EF801205D
:106CD000824206D10EEB010298F801705378BB4254
:106CE00025D04A31F0E76321029A59B112F8013CEC
:106CF000834204D198F8013017789F4219D00139A6
:106D00008232F2E7179800900899049B059808448E
:106D100082B288B23146FFF7DBFB089808F102081F
:106D2000DFF898C0DFF88CE0204408909BE7901CC7
:106D300000E0501C00210A90CDF81C8088B2A042CF
:106D4000EBD2089809914FF0000B4FF0000801EBCF
:106D5000000A0C9848430B900C98804520D00B9863
:106D60000A990027404480B211F80090082F12D0F1
:106D70000BEB0700A0420ED229FA07F12A46304455
:106D8000C907179908BF0A4681B21FFA8AF0FFF7B0
:106D900093F90137EAE70BF1080B08F10108DBE78B
:106DA0000999DDF81C800131C8E70DB0BDE8F08F0E
:106DB00017D3000883D200085DC5000829C5000864
:106DC0002DE9F0419CB00DF110081C4624AB15468E
:106DD0000E460746239A60210393404601F0C6FB06
:106DE0002298CDE90040314642462B46384600F015
:106DF00003F81CB0BDE8F0812DE9FC47B2B11C4698
:106E000015468A460746DDE90A985E082A78A2F107
:106E10002000C0B25E2809D8B8B251462346CDE959
:106E20000098FFF789FE37440135EFE7BDE8FC879E
:106E3000F0B5046804EBC213E068D3F8882002F4CC
:106E40007042C3F888203A4AD1E9026700EA020595
:106E5000D1E900C2E068C0F30B4005EB0245A2EBAC
:106E60000C02604401302843C3F88800E068D3F87E
:106E70008C5005F47045C3F88C506FF3DF20E46844
:106E800038446FF3DF243444013444EA0040C3F84B
:106E90008C00D3F8940020F00700C3F894000C692C
:106EA000C3F8944091F8325091F831002D0445EA2E
:106EB00000208D6940EA056091F830502844C3F8FD
:106EC0009C0040F20775D3F8980020F0FF00C3F84B
:106ED00098004869C3F89800D3F8A000A843C3F805
:106EE000A000D1E907052843C3F8A000486AC3F809
:106EF000AC008433072C9ABF0E4850F8244001247C
:106F0000D86A624300F0E020D862D1E90A01073272
:106F1000604342EA0040D86240F2FF72186B90432F
:106F200018631963186840F001001860F0BD00BFD5
:106F30000000FF0F38C000087FB500200090FBF76D
:106F400013FD154803906C46154E0125ADF8005011
:106F5000124802904FF0105001902046B0474FF079
:106F6000807003908DF801500E4802904FF0C040A1
:106F700001902046B0474FF4803003900A480290B9
:106F80004FF04040019002208DF801002046B047AC
:106F90000420FBF7F3FC7FBD000001011200010398
:106FA000712800080F00000318000003E0B528480E
:106FB000016841F001010160016801F0010100F088
:106FC00084F841F002010160016801F0020100F063
:106FD0007CF841F004010160016801F0040100F057
:106FE00074F841F008010160016801F0080100F047
:106FF0006CF841F010010160016801F0100100F02F
:1070000064F841F020010160016801F0200100F006
:107010005CF841F040010160016801F0400100F0BE
:1070200054F841F080010160016801F0800100F036
:107030004CF841F480710160006800F480700190A8
:107040000198F9F743FCBDE88C40F9F788BE00BF12
:10705000E044025894F8A010022001297047012250
:1070600002FA00F010F0F10F7047022084F83500AA
:1070700032462B46002060652068016821F001013E
:10708000016020463946F9F775BDDAF81C00514613
:1070900040F40030CAF81C00704700F0704001391D
:1070A00007EB021208436FF0FF01104301EB0321CD
:1070B00070470091009901687047206840F04000D7
:1070C0002060206800F0400070470191019901683C
:1070D00070474FF400410122FBF70CBA00903620B4
:1070E000FFF7AAB93060FBF723BAD4F8840040F068
:1070F0004000C4F884007047002084F83400012068
:1071000084F835007047206840F0800020602068D7
:1071100000F080007047CDE900606FF07F43C72129
:107120001822002C704702F070029142704781696A
:1071300041F40061816170472046F9F735BC04F1E4
:107140002800002100F04EBACDE900862847D4F887
:10715000841041F04001C4F884107047012084F885
:10716000340094F835000128704704F1080002212A
:1071700000F08CB900904FF4D770FFF75DB984F838
:10718000A100342031463422012784F8A07005FB89
:1071900000403830F9F7A0B8DAF848100027524616
:1071A000704740F20220842140F2C222F22370474D
:1071B000D4E90001A26F4FF6FF764368D269B3436A
:1071C000B2F5807F70471023CDE90047FFF724BD5B
:1071D0000020C4F884007047DAF8401000275246B7
:1071E000704740F26220B9214FF43472EB237047AC
:1071F00094F88100012870472846FEF799BFD4F81B
:10720000840040F01000C4F88400012084F881005C
:1072100070470843CAF84800704794F88000012876
:107220007047DAF844100027524670470843CAF8FE
:107230004000704715460E460446022A7047DAF8A9
:107240003C10002752467047BFF34F8FBFF36F8F3C
:107250007047286820F00F0040EA0800286028687E
:1072600000F00F00404570470F460446581E4FF689
:10727000FF711D4616468842704704F10800002140
:1072800000F004B90546402100222046FBF732B940
:10729000CDE900509E2110224BF6D4437047204682
:1072A00031462A46FFF7C4BD016841F40071016010
:1072B00070473860FBF73CB9019901390191019998
:1072C0000029704743608268B1F5800F42F40042A4
:1072D000826002697047016841F0010101607047F6
:1072E000411B032002297047016841F00101016040
:1072F0000020F8BD04F12800022100F073B990F8D5
:107300002C0002287047338A00904FF49D710C22A4
:107310005E20FDF75BBE0165FAF754B890F83000C7
:10732000616E0870606E013070470068B0FBF1F06C
:107330006421484301907047002084F8A00084F83D
:10734000A1707047306820F480303060306820F4DD
:1073500080207047E16D012201F01F0102FA01F166
:1073600041607047012101FA00F040F2111108421A
:1073700070470090382140F21F3238230020FDF77B
:1073800099BE306F20F001003067306F20F00400AC
:107390007047E16D3F2201F01F0102FA01F18160A7
:1073A0007047BFF34F8FBFF36F8F7047F86920F4BA
:1073B000E0600843F8612068704704F16C02002324
:1073C00007CA03604A607047B8626FF35F214FF4E9
:1073D0007E4000EB42204FF0FE4280B208444FF462
:1073E000FE0101EB034101F4FE010844296902EBAF
:1073F000016101F0FE41084470474BF6D440CDE9ED
:10740000014090214FF43072F4237047F86920F066
:1074100070000843F86120687047B4F86A000138CA
:10742000A4F86A007047002084F834004FF400602C
:10743000606570471021204601F07EB8B86920F0E1
:1074400070000843B8612068704704F128000121EA
:1074500000F0C8B800902020FFF7DEBB4FEA3110E3
:1074600007287047204600F029BB002184F834101B
:10747000704704F10800012100F008B8CDE901507F
:1074800090214FF4BB72F42370470000F8B5054615
:1074900000680C4601383F2804D3A84840F67261C2
:1074A00000F09AFC68680438B0F5FE7F04D9A34860
:1074B00040F6736100F090FCA8680138802804D37E
:1074C0009E4840F6746100F087FC286901388028E6
:1074D00004D39A4840F6756100F07EFCE8680138F4
:1074E000802804D3954840F6766100F075FC686901
:1074F0004FEAB010042804D3904840F6776100F0BA
:107500006BFCA86940F02000202804D08B4840F68E
:10751000786100F061FCE869B0F5005F04D387484A
:1075200040F6796100F058FC854FB86A00F003001E
:10753000032804BF0120F8BD386820F08060FFF701
:10754000B8FE06463868000105D5FAF7F1FF801B42
:107550000228F7D941E095E80F00BE6A26F47C3690
:10756000013946EA0030FFF72FFFB8636869F96A0E
:1075700021F0C0010843F862A869F96A21F02001EE
:107580000843F8624FF6F871F86A20F01000F862CC
:10759000F86B8843E969012C40EAC100F863F86A96
:1075A00040F01000F8624FF4001008BF4FF4801054
:1075B000002C08BF4FF40020F96A0843F8623868CD
:1075C00040F08060FFF775FE04463868000106D47D
:1075D000FAF7AEFF001B0328F7D30320F8BD002005
:1075E000F8BD00BFF8B5054600680C4601383F28D5
:1075F00004D3524840F6DA6100F0EEFB68680438C4
:10760000B0F5FE7F04D94D4840F6DB6100F0E4FBA5
:10761000A8680138802804D3484840F6DC6100F0AF
:10762000DBFB28690138802804D3444840F6DD613B
:1076300000F0D2FBE8680138802804D33F4840F6C8
:10764000DE6100F0C9FB68694FEAB020042804D36A
:107650003A4840F6DF6100F0BFFBA86940F40070D3
:10766000B0F5007F04D035484FF46E6100F0B4FBF4
:10767000E869B0F5005F04D3304840F6E16100F0FE
:10768000ABFB2F4FB86A00F00300032804BF0120B2
:10769000F8BD386820F08050FFF70BFE06463868CA
:1076A000800005D5FAF744FF801B0228F7D941E096
:1076B00095E80F00BE6A26F07C76013946EA005054
:1076C000FFF782FE38646869F96A21F44061084373
:1076D000F862A869F96A21F400710843F8624FF66C
:1076E000F871F86A20F48070F862786C8843E96970
:1076F000012C40EAC1007864F86A40F48070F862B6
:107700004FF0807008BF4FF40000002C08BF4FF40A
:107710008000F96A0843F862386840F08050FFF74B
:10772000C8FD04463868800006D4FAF701FF001B44
:107730000328F7D30320F8BD0020F8BD39C30008A3
:10774000004402584FF4FC614FF4784201EA5011B2
:1077500002EA1022C0F3C40011440844704700003C
:10776000BB48FCF789BD00BF014420F01F001F315A
:1077700021F01F01091A01290CDBBFF34F8F2031C3
:10778000054A1060203920302029FAD8BFF34F8FE6
:10779000BFF36F8F704700BF5CEF00E02DE9F04F43
:1077A00087B06D4E4FF003080027A64CDFF8D8973E
:1077B000306940F480503061306900F480500190AD
:1077C0000198306840F001003060306800F001003E
:1077D00001900198306840F002003060306800F09D
:1077E000020001900198306840F008003060306875
:1077F00000F0080001900198306840F040003060CF
:10780000306800F0400001900198CDF81080039797
:1078100005200590022002900820019001AD04F59A
:1078200080602946C8474FF400700190294604F54E
:10783000C050C84780200190294604F54060C847E1
:107840000120CDE902002946CDE904874FF400402C
:1078500001902046C8472046FFF73BFC7C4C4FF088
:1078600000504FF0806107224FF480033B4DC4E984
:10787000061004F134002021C4E90053C4E9027267
:10788000C4E90477C4E90877C4E90A77F8F73DFD4D
:107890004FF00040C4E915072046FCF7EFFD08B1A2
:1078A000F9F75AFA56F8080CDFF89C912C494FF476
:1078B000003A4FF4806840F0010046F8080C8B460F
:1078C000484640F8041F25214762C0E90117C0E976
:1078D0000378C0E90577C0E9077A56F8081C01F07B
:1078E000010106910699FAF70DF908B1F9F734FA92
:1078F0001C4D0020402109F10403E367C9F83C4016
:1079000026220BF11803C5E908A0C5E90210C5E954
:107910000480C5E906002846C5E90032FAF7F2F806
:1079200008B1F9F719FAAC63A5670F4C0B200521D4
:107930000022A0470D4D0B20A8470C200521002256
:10794000A0470C20A847232005210022A047232080
:10795000A84707B0BDE8F08FE0440258003001406E
:1079600010000240E0010024C12900089929000804
:107970002DE9FE43B0B10E46A1B100241546002A00
:107980005DD007462F484FF4004100228146FAF7A8
:10799000B1FD02940298C82806D200BF02980130B7
:1079A0000290F7E701244AE0DFF89C80002088F885
:1079B000000088F8010078191F3020F01F0127F01F
:1079C0001F00091A01290CDBBFF34F8F20311F4A1A
:1079D0001060203920302029FAD8BFF34F8FBFF331
:1079E0006F8F30462946FFF7BFFE194839463246A9
:1079F0002B46FCF75FFF0446A8B9FAF799FD044649
:107A000098F8000048B9FAF793FD001B0B28F7D34C
:107A10000F48FCF7ADFB032405E098F80140304621
:107A20002946FFF7A1FE002001900198322803D2D9
:107A300000BF01980130F7E74846FFF74AFB2046B0
:107A4000BDE8FE83000002582000002468EF00E03B
:107A500058020024016840F26F330A6822F00102E4
:107A60000A600A699A430A618A6942F008028A61D7
:107A70008A6942F010028A618A6822F440428A6070
:107A80008A6942F040028A618A6942F020028A6172
:107A90008A6942F480728A618A6942F400728A615A
:107AA0008A6942F400628A618A6942F080028A61CE
:107AB0000021A0F86210A0F86A10704710B50168A4
:107AC00040F26F344A698B6943F008038B618B691C
:107AD00043F010038B610B6823F001030B600B690B
:107AE000A3430B618B6823F440438B6090F8813093
:107AF000042B0BD0930609D5D0F8843043F08003D3
:107B0000C0F884308B6943F020038B6190F881309A
:107B1000032B1BD0530609D5D0F8843043F004035F
:107B2000C0F884308B6943F040038B61836AB3F5FE
:107B3000800F0BD1130609D5D0F8843043F002032F
:107B4000C0F884308B6943F080038B61930509D5BD
:107B5000D0F8843043F00103C0F884308B6943F4DB
:107B600000738B61D20509D5D0F8842042F0080259
:107B7000C0F884208A6942F480728A610021A0F8EA
:107B80006210A0F86A1010BD806B0021A0F86A1086
:107B9000A0F86210012180F88110FCF75FBB10B5DE
:107BA000846BF9F7F9FC022808BF10BDFFF75AFCF7
:107BB000FFF725FB2046BDE81040FCF74FBB806B6C
:107BC000FCF762BF806B90F8811007290BD0816FA2
:107BD000C969B1F5807F01D1FCF746BF0068016932
:107BE00041F0080101617047FAF7A6BCB0B5CEB00C
:107BF0003BA84C21F8F789FB33A82021F8F785FB37
:107C000002A8C021F8F781FB3C48016821F004017B
:107C10000160002101913A490A6822F001020A60DC
:107C2000096801F001010191C16841F44041C1605E
:107C3000C16801F4404101910199C1688904FCD5F2
:107C400002200421CDE948014A90CDE944000024F6
:107C50000825CDE94C444B954FF48030A0213C9051
:107C600047910120052146913B903BA8FBF7E8FE98
:107C700008B172B6FEE740203A90CDE937004FF4E4
:107C800080613991CDE935450424032034900421E5
:107C90003F20339033A8FBF783FC08B172B6FEE7B0
:107CA000002003901A90CDE91200164902914FF47A
:107CB000006011901220CDE90F4002200E90582054
:107CC0000D9005200C9002A8FAF7CAFE08B172B612
:107CD000FEE73948016841F080010160D0F8F410F6
:107CE00041F00201C0F8F410D0F8F40000F00200F6
:107CF00001900198FAF7CAFA4EB0B0BD0C4802588C
:107D00002C0400580010002010B52948294A0168A9
:107D100041F470010160106800F00F00062804D8DB
:107D20001068072161F3030010602348234C0168A9
:107D300041F00101016000210161036823400360FB
:107D400013681B0704D51368072464F30303136047
:107D50001B4A8161C161016282621A4AC2621A4A87
:107D6000026341638263C16302644164026822F476
:107D7000802202600166154A1268B1EB527F02D17F
:107D8000134901220A60D0F8D410C9040FD4D0F8E6
:107D9000D41043F2D20241F48051C0F8D4100D49FE
:107DA0000A60D0F8D41021F48051C0F8D41010BD6E
:107DB00088ED00E000200052004402587FEDF6EA12
:107DC000000202020000FF01800201010010005CBD
:107DD0000881005100400052704700002DE9F04139
:107DE0008CB067484FF001080227664D664E50F888
:107DF0000C1C41F4805140F80C1C50F80C1C01F490
:107E00008051FFF756F941F008010160016801F067
:107E10000801FFF74EF941F010010160016801F01F
:107E20001001FFF746F941F020010160016801F0FF
:107E30002001FFF73EF941F040010160016801F0C7
:107E40004001FFF736F941F080010160006800F061
:107E5000800000900098CDF8248008970C200B90AB
:107E600003200A904CF20370079007AC2846214685
:107E7000B0474FF683700790214605F58060B04704
:107E80004FF63F000790214605F50060B04748F2E5
:107E900037100790214605F54060B0472C20079029
:107EA000214605F58050B04738484FF40051002472
:107EB0004FF480524FF40063354E10250697CDE9FC
:107EC0000477C0E90A144FF4C071C0E90614C0E990
:107ED0000832082340220463C0E90064C0E9028339
:107EE000C0E90452CDE900730621CDE902116946CB
:107EF000FCF7E0F808B1F8F72FFFCDE90984CDE9E8
:107F00000785224807A94FF6FF72FCF713F908B15D
:107F1000F8F722FF0120FAF7A9F90220079007A934
:107F20004FF6FF721948FCF705F908B1F8F714FF8E
:107F3000082009904FF6FF720320079007A9134805
:107F4000FCF7F8F808B1F8F707FF4FF40C700A9047
:107F50004FF6FF72012009900420079007A90B48F3
:107F6000FCF7E8F808B1F8F7F7FE084840F2F92105
:107F7000FCF7C9F808B1F8F7EFFE0CB0BDE8F081E6
:107F8000E0440258000C025899220008AC01002479
:107F9000404100520122042919D311F0030316D1E4
:107FA00010B589080022914203D040F82220013206
:107FB000F9E700220023914206D050F82240A24265
:107FC00018BF01330132F6E79A00BDE810401046B1
:107FD000704700000C288FBF024840B202A151F840
:107FE0002000704715C4000891C40008C9C30008E8
:107FF0003FC4000825C400084EC4000884C400081B
:10800000BAC3000833C4000806C40008FAC3000855
:10801000DDC300085DC40008EBC30008C11FCAB27D
:10802000042A04D248B203A151F820007047FFF798
:10803000D1BF00BFB3C300081DC40008A0C400081E
:10804000D7C3000810B50A4A0146084B02F1DC000C
:1080500013F1140408D0134493F818318B422346CB
:10806000F6D1101900F5827010BD00BFE8FEFFFFC9
:10807000C8C0000884B0FEF75FFFF8F749FCFAF7C4
:1080800065FAFFF7B3FDFEF791FFFFF787FBFFF7F8
:10809000A5FED44CD44D20462946FFF77BFF08B1FE
:1080A00072B6FEE7D1480021224618B122F8021B21
:1080B0000138FAE7BFF34F8F05F12000CC49224683
:1080C0000A60203820322028FAD8FFF76AF9FEF734
:1080D000C3FAC848D0F88810A14203D0C0F888403D
:1080E00001210160FEF7B0FA00200024FEF718FD20
:1080F0006FF07F406FF07F45FEF718FDBE48FCF73C
:1081000015FD0020002140F21F323823BB4E00969F
:10811000FEF7DEF9BA48FFF72CF9BA4A14200C2111
:108120002023CDE90056FEF777FDB74AB74B48202C
:108130004FF4AF71FCF78AFFB54AB64B4FF4B770F6
:108140004FF4E871FCF782FFFEF7B0FCDFF8C8825D
:1081500045F6A520C8F84240A8F84000FCF716FDF7
:1081600008F1400BDFF8B492584649460C22FFF75D
:10817000FFFB002888F8000040F0A58099F8005027
:1081800099F8050099F8021099F801A099F80320D0
:1081900088F8030005F01F0388F8013001F00F068E
:1081A00088F82D600AF00F044FEA101C88F802408E
:1081B00088F832C000F00F0388F833300E0988F8D1
:1081C0002C604AEA0525A8F80A5099F8043003F013
:1081D0000F0788F831704FEA131E88F830E040EA44
:1081E0000326A8F80E6002F00F0788F82F704E469D
:1081F000170942EA012988F82E70A8F80C90B246B7
:10820000D6F806502DBAC8F8245075892DBA2D0C11
:10821000A8F810500025062C4CD80FF2080606EBE3
:108220008406B74600F029B800F041B800F008B85D
:1082300000F006B800F03EB800F03CB800F039B8E5
:108240000225082405EAD10501F0010104EA5204DF
:10825000294462F3820103F00102214441EA021140
:1082600003F0100241EA420100F0010200F01000A8
:1082700041EA821141EAC0051CE04FF4807403F02A
:10828000010300F0010004EA022207F0010442EABF
:10829000442242EA83220EF0010342EAC32242EA68
:1082A00000300CF0010240EA4230451802E04D4631
:1082B00000E00D46A8B2A8F81250F8F759FD98F85A
:1082C0000000D14678B1FCF707FC0020FCF7F4FB76
:1082D000FCF75CFC1E20F9F7C9FFD8F8200001303C
:1082E000C8F8200040E74E4898F802700078B8427D
:1082F00003D0FCF7F1FB4A480770384600F092F8CB
:108300000028E0D0464EB8F812000C2FB17821D8E2
:108310000FF20C02002302EB87040246A74600BFBF
:1083200000F01DB800F021B800F035B800F014B826
:1083300000F010B800F00EB800F01DB800F00AB858
:1083400000F008B800F006B800F022B800F002B85B
:1083500000F000B800221DE0002203461BE00322CB
:10836000002342EA9010024615E098F8101000230E
:108370000A010F210FE098F81020022303EA92036C
:1083800002F0F50402F00202234443EA820201E013
:1083900098F810200023747870708DF808008DF81C
:1083A0000920B1708DF80A10002201278DF80B30DA
:1083B00023EA0400C1B20020082A0ED007FA02F313
:1083C0000B4201D0022402E0B418E4781CB1B518C5
:1083D0001843013CEC700132EEE78DF80C0002A866
:1083E00074E700BF000020C000B80B0000DC0500EF
:1083F00068EF00E024100050100B07002018100058
:1084000050402E00178F0008C48E00082B21160044
:10841000548F0008241B1200A0000024E002002456
:108420001000002480B5FFF70DFE407C80BD81B0B8
:108430000020009000983F2803D800BF009801302A
:10844000F7E701B0704700002DE9F8430446002625
:10845000374D384F4FF480784FF08079072E10D881
:1084600060B200284FF4000048BF80202860B84761
:10847000C5F80080B847C5F80090B84701366400D9
:10848000ECE780202860BDE8F88300BFB0B5284C39
:10849000284D4FF400002060A8474FF48070206002
:1084A000A847802020602846BDE8B040004700BFB4
:1084B00070B51F4C1F4D80202060A8474FF480707E
:1084C0002060A84754F8086C4FF080702060A847DF
:1084D000F0B2C00970BD00BF2DE9F041144F06464F
:1084E0008020144C90460D4638604FF48070386000
:1084F000A0474FF400003860A0474FF0807038600C
:10850000A0477000C0B2FFF79FFFFFF7D1FF50B93F
:108510002846FFF799FFFFF7CBFF20B94046FFF74A
:1085200093FFFFF7C5FFBDE8F041FFF7AFBF00BF06
:10853000180402582F8400080FB47CB50C0009AD54
:1085400001D0611E00E00021CDE90001064B6A4622
:108550002946089800F0F6F8002C02D0009A002175
:1085600011707CBC5DF814FB738E00087CB50C00A8
:108570001D461646014601D0601E00E00020CDE9F0
:108580000010064B6A462946304600F0DBF8002C06
:1085900002D0009A002111707CBD0000738E00088B
:1085A00002E008C8121F08C1002AFAD170477047BC
:1085B000002001E001C1121F002AFBD1704700001A
:1085C0002DE9FF5F82B00021DDE90430020DDDF806
:1085D00040B0034318D044F61050A2F2FF32424399
:1085E0001514119801281FD0A5EB0B00401C5FEA61
:1085F000000A4FF000064E4FDFF83891B046504663
:1086000015D5CAF1000413E0119801244AA30128EA
:1086100001D16FEA0B010298119AC0E90031C0E95B
:10862000024206B0BDE8F09FCBF10000DFE7044650
:108630000021404A491842EB0450CDE9001012E0F5
:10864000E00707D032463B4640464946F7F75DFF14
:108650008046894632463B4610461946F7F755FF95
:1086600006460F466410002CEAD1DDE90401DDE97D
:108670000023BAF1000F06DAF7F747FF42464B46F0
:10868000F7F743FF05E0F7F7B2FF42464B46F7F72F
:10869000AEFF04460E460022284BF8F72FF803D809
:1086A0004FF0FF30014607E00022254B20463146BF
:1086B000F7F784FEF8F70AF8102409E0002C0ADB2B
:1086C0000A220023F7F749FE039B30321A55641E35
:1086D00050EA0102F2D1641C039AC4F1110314445C
:1086E000119A012A03D0012208430DD10AE0084360
:1086F00004D000204FF0110B119072E7A3EB0B0593
:108700006D1E0DE05B4504DD4FF0000205F1010533
:1087100004E003DA4FF00002A5F10105002AECD0D5
:1087200002981199C0E90231C0E9004579E70000DB
:10873000000014400000F03F300000000000F04353
:108740000000E03F2DE9FF4F95B09B468946064665
:1087500000250FE2252877D100242746F84A012179
:10876000059400E0044316F8013F203B01FA03F0B2
:108770001042F7D130782A2811D06FF02F033078CB
:10878000A0F13002092A16D8059A44F0020402EB3F
:10879000820203EB42021044761C0590EFE759F881
:1087A000042B0592002A03DA504244F40054059049
:1087B00044F00204761C30782E2816D116F8010FEA
:1087C00044F004042A280DD06FF02F023078A0F175
:1087D0003003092B09D807EB870302EB4303C718C3
:1087E000761CF3E759F8047B761C30786C280FD0A0
:1087F00006DC4C2817D068280DD06A2814D104E074
:10880000742810D07A280FD10DE044F400140AE047
:1088100044F4801401E044F440147278824202D19E
:1088200004F58014761C761C307866280BD013DC97
:10883000582877D009DC002875D04528F6D046287E
:10884000F4D047281AD19DE118E0632835D0642878
:1088500079D0652812D195E1702873D008DC67289B
:10886000F1D069286FD06E280DD06F2806D1B5E001
:1088700073282CD0752875D0782874D05A4617994B
:1088800090476D1C75E1C4F30250022809D00328FB
:108890000DD0D9F8001004280DD00D6009F104099D
:1088A00067E1D9F80010EA17C1E90052F6E7D9F8F4
:1088B00000100D80F2E70D70F0E719F8041B8DF839
:1088C000001000208DF80100EA46012003E059F86D
:1088D00004AB4FF0FF3061074FF0000102D40DE010
:1088E00008F101018846B9420FDA8045F8DB1AF831
:1088F00008100029F4D108E008F1010188468142FE
:10890000FADB1AF808100029F6D105985B46A0EBAF
:10891000080721463846179A00F094FA284400EBDD
:10892000080507E04DE029E10DE01AF8010B5A4671
:1089300017999047B8F10108F7D25B4621463846AF
:10894000179A13E142E00A220092C4F302524FF058
:10895000000A022A08D059F804CB032A4FEAEC7126
:108960000AD00DE029E02AE009F1070121F0070211
:10897000F2E802C1914609E00FFA8CFC4FEAEC7173
:10898000042A03D14FFA8CFC4FEAEC71002907DA74
:108990000A460021DCF1000C61EB02012D2202E00D
:1089A000220504D52B228DF80420012203E0E207E2
:1089B00001D02022F7E7904659E00A2102E0102278
:1089C0000DE010214FF0000A00910BE010224FF053
:1089D000000A44F004040827009203E008224FF044
:1089E000000A0092C4F30252022A05D059F804CBBF
:1089F0000021032A08D009E009F1070121F007024C
:108A0000F2E802C1914605E01FFA8CFC042A01D16C
:108A10000CF0FF0C4FF00008220728D5702806D074
:108A2000009B83F0100353EA0A0305D00EE04022B6
:108A30008DF80420012208E05CEA010206D0302211
:108A40008DF804208DF8050002229046009B83F0EB
:108A5000080353EA0A030AD15CEA010201D1620762
:108A600005D530228DF804204FF001087F1E5828CC
:108A700004D034A003900EA802900DE036A0F9E7D0
:108A800053466046009AF7F768FC84460398825C78
:108A90000298401E029002705CEA0100F0D1029838
:108AA00006A9081A00F1200A600702D524F48034D0
:108AB00000E00127574502DDA7EB0A0000E0002097
:108AC00000EB0A01009005984144401A0590E0032C
:108AD00006D45B462146179A059800F0B3F9054481
:108AE000002706E001A85A46C05D179990476D1C03
:108AF0007F1C4745F6DBE0030CD55B462146179A01
:108B0000059800F09FF9054404E030205A46179973
:108B100090476D1C0099481E00900029F5DC08E084
:108B2000029802995A460078491C02911799904779
:108B30006D1CBAF10001AAF1010AF1DC65E1000047
:108B40000928010030313233343536373839616223
:108B500063646566000000003031323334353637E7
:108B600038394142434445460000000000F058F9BE
:108B70000544761C307800287FF4ECAD19B0284607
:108B8000BDE8F08F620700D4062709F1070222F042
:108B9000070CFCE80223E14603F000485FEA080CFA
:108BA00002D00FF2702C0DE05FEA045C02D50FF2E8
:108BB000682C07E05FEAC47C02D00FF2602C01E071
:108BC000AFF2700C4FF0FF3823F00043CDF850C0E7
:108BD00065280CD006DC452809D046281DD047283A
:108BE0003DD13DE0662818D067287ED138E00021CD
:108BF000112F01DB112000E0781CCDE9000106A94E
:108C00000EA8FFF7DDFCDDE90F010E9A03910021AC
:108C1000009207F1010A04914DE04FF000400097E7
:108C2000CDE9011006A90EA8FFF7CAFCDDE90F0285
:108C300003920E9B11990022DDF80CA00093049280
:108C400011B9791C00EB010AB7EB0A0004D4C0F19A
:108C5000FF3007F1010A0490AAEB0700019044E0FD
:108C6000012F00DA01270021112F01DD112000E082
:108C70003846CDE9000106A90EA8FFF7A1FCDDE901
:108C80000F010E9A0391002104910092BA46210728
:108C90000CD40399514500DA8A46BAF1010F05DD7B
:108CA000009AAAF10101515C302908D0B84202DAD9
:108CB00010F1040F06DA0121CDE9011015E0AAF147
:108CC0000101E9E7002805DC049901440491AAEBBD
:108CD000000102E0411C514500DD8A460499401A1A
:108CE000401C01904FF000400290200704D40198EE
:108CF000504501DBCDF8048000208DF84F0002982C
:108D00000DF14F07B0F1004F25D02B200E900298A7
:108D10004FF0020800280CDA404202902D200E90FD
:108D200007E00A210298F7F702FB3031029007F8BA
:108D3000011DB8F10001A8F10108F2DC0298002839
:108D4000EFD1791E0E980870307800F0200040F0C6
:108D5000450007F8020D12A8C01B00F1070814987F
:108D6000007800B1012000EB0A01019801EBE071ED
:108D700005984144401A401E0590E00306D45B4626
:108D80002146179A059800F05DF80544149800787C
:108D900018B15A46179990476D1CE00324D55B46DD
:108DA0002146179A059800F04DF805441CE00498F8
:108DB000002807DBDDE90301884203DD0098405C01
:108DC000179901E0179930205A469047049805F109
:108DD0000105401C04900198401E019004D12E20F2
:108DE0005A46179990476D1CBAF10001AAF1010A81
:108DF000DDDC05E017F8010B5A46179990476D1C0A
:108E0000B8F10001A8F10108F4DC5B462146179A8D
:108E10000598ABE62D0000002B00000020000000AC
:108E20002DE9F041044600251E461746880404D467
:108E300005E039462020B0476D1C641EF9D5284650
:108E4000BDE8F0812DE9F041044600251E4690461C
:108E5000C80301D5302700E02027880404D505E0A9
:108E600041463846B0476D1C641EF9D52846BDE81A
:108E7000F0814A68002A06D00A68531C0B60107003
:108E80004868401E48607047BCFCC2EB0000BFD879
:108E9000D6C60000BFD8D6C6BCFC0000BCC6CAFD02
:108EA000D6B50000B5B1C7B0C4A3CABD0000D2EBAF
:108EB000C2EBD6B50000CAFDC2EBB9DC0000B7BDFD
:108EC000CFF20000CAB5D1E9CAD3CDBC0000C6B507
:108ED000C2CA0000CAE4C8EBCEBB0000B0B4BCFC00
:108EE000C1B40000D7EEBDFCCAC2BCFE00004C43BA
:108EF0004420CAE4B3F600004C4544D7E90000D74B
:108F0000F3D2C60000C1B4C2B70000B6CFBFAA00FA
:108F100000CAE4B3F60000BFCEB3CCCAB5D1E9C3F2
:108F2000E6B0E50000B2CECAFD000050494FD7B40C
:108F3000CCAC0000BECDD0F70000BCC4B4E6C6F790
:108F40000000BDE1B9FB0000D3D2D2C60000D4CBF3
:108F5000D0D00000D4CBD0D0D7B4CCAC0000C9A8BE
:108F6000C3E80000B6CEC4A3CABD0000C9E8D6C39A
:108F70000000D2C6CEBBC2B7BEB60000B5A5C2F6D1
:108F8000B3E50000D7B4CCAC0000CAB1BCE400002B
:108F9000000000000102030401020304060708099F
:108FA0000500140610C8000410303000000118023B
:108FB0004010000118030403030302231112027777
:108FC0007324600014015325020266140314015334
:108FD00007020266140338534547202B2031324CD8
:108FE0004544202B204C4344003136424954205004
:108FF00049202D3E20342F38534547004155544FCA
:109000002F53545544454E54204445434F444552F4
:1090100000384B4559204556454E54202B204C4195
:10902000544348003136535720425553202B204C8F
:10903000454400524157204449474954202B20536E
:109040004547204354524C00384B45592053484122
:109050005045202B204C434400347834204B455954
:10906000204D41545249580045433131202B205066
:109070004152414D20564945570035574159204EE0
:109080004156202B204C4344004B45592F53572F1A
:109090005345472F4C4344004144432F4441432F01
:1090A0004444532056494557004554482F55534290
:1090B0002052454D4F5445000000000000000000C4
:1090C00000000000000000003F4000000000000021
:1090D00000003000400030004000000009000BC0DC
:1090E0003D000BC03D00090018C024407FE0224035
:1090F00031800000180024C01B000D803240018028
:1091000003801C4027401C80074000401000600086
:1091100000000000000000000000000000001F80B0
:10912000204040200000402020401F800000000020
:10913000090006001F80060009000000040004006A
:109140003F800400040000000010006000000000E8
:1091500000000000040004000400040004000000FB
:10916000000000400000000000000000002001C0DE
:1091700006003800400000001F80204020402040B2
:109180001F800000000010403FC0004000000000B1
:1091900018C0214022402440184000001080204088
:1091A000244024401B80000002000D0011003FC03D
:1091B000014000003C8024402440244023800000E3
:1091C0001F802440244034400380000030002000F1
:1091D00027C03800200000001B8024402440244089
:1091E0001B8000001C0022C0224022401F80000083
:1091F0000000000008400000000000000000000027
:109200000460000000000000000004000A001100DB
:109210002080404009000900090009000900000001
:1092200000004040208011000A00040018002000C7
:1092300023402400180000001F80204027402940C0
:109240001F400000004007C039000F0001C000406F
:1092500020403FC0244024401B8000001F8020404D
:10926000204020403080000020403FC0204020406F
:109270001F80000020403FC024402E4030C000002E
:1092800020403FC024402E00300000000F0010801E
:10929000204022403380020020403FC004000400F0
:1092A0003FC02040204020403FC0204020400000E0
:1092B0000060202020203FC02000200020403FC030
:1092C00024400B0030C0204020403FC020400040E0
:1092D000004000C03FC03C0003C03C003FC0000055
:1092E00020403FC00C4023003FC020001F80204092
:1092F000204020401F80000020403FC02440240028
:10930000180000001F802140214020E01FA0000025
:1093100020403FC02440260019C0004018C024400F
:109320002440224031800000300020403FC02040D7
:109330003000000020003F80004000403F802000BF
:1093400020003E0001C0070038002000380007C0A0
:109350003C0007C038000000204039C0060039C07A
:10936000204000002000384007C0384020000000A6
:10937000304021C02640384020C0000000000000DE
:109380007FE0402040200000000070000C000380BF
:10939000004000000000402040207FE0000000006E
:1093A000000020004000200000000000001000101D
:1093B000001000100010001000000000400000002D
:1093C00000000000000002800540054003C000408E
:1093D00020003FC0044004400380000000000380E0
:1093E0000440044006400000000003800440244084
:1093F0003FC00040000003800540054003400000DE
:10940000000004401FC0244024402000000002E06F
:10941000055005500650042020403FC00440040081
:1094200003C000400000044027C0004000000000CE
:1094300000100010041027E00000000020403FC092
:109440000140070004C00440204020403FC00040CD
:109450000040000007C0040007C0040003C0000073
:10946000044007C00440040003C000400000038023
:109470000440044003800000041007F0045004403E
:1094800003800000000003800440045007F0001037
:10949000044007C002400400040000000000064031
:1094A0000540054004C00000000004001F80044087
:1094B00000400000040007800040044007C0004056
:1094C0000400070004C0018006000400060001C07B
:1094D000070001C006000000044006C0010006C0ED
:1094E000044000000410071004E00180060004009E
:1094F0000000044005C006400440000000000000D9
:1095000004007BE040200000000000000000FFF0AD
:1095100000000000000040207BE00400000000008C
:1095200040008000400020002000400000000000BB
:10953000000000000000000000000000000000002B
:1095400000001FCC000C000000000000000008001C
:10955000300060000800300060000000022003FCC2
:109560001E20022003FC1E200220000000000E1816
:1095700011043FFF10840C78000000000F001084DD
:109580000F3800C0077818840078000000780F8436
:1095900010C411240E9800E400840008080068003C
:1095A000700000000000000000000000000000004B
:1095B000000007E0181820044002000000004002EC
:1095C0002004181807E000000000000002400240DC
:1095D00001800FF001800240024000000080008006
:1095E00000800FF800800080008000000001000D66
:1095F000000E0000000000000000000000000080DD
:109600000080008000800080008000800000000C4E
:10961000000C000000000000000000000000000638
:10962000001800600180060018002000000007F00C
:10963000080810041004080807F0000000000804DF
:1096400008041FFC000400040000000000000E0CD1
:1096500010141024104411840E0C000000000C188B
:1096600010041104110412880C700000000000E0C6
:109670000320042408241FFC0024000000001F987D
:10968000108411041104108810700000000007F00D
:1096900008881104110418880070000000001C00E4
:1096A000100010FC13001C001000000000000E3819
:1096B00011441084108411440E380000000007008B
:1096C000088C10441044088807F0000000000000D7
:1096D0000000030C030C000000000000000000006C
:1096E00000010106000000000000000000000080F2
:1096F000014002200410080810040000022002208B
:10970000022002200220022002200000000010049B
:1097100008080410022001400080000000000E0034
:109720001200100C106C10800F00000003E00C18E9
:1097300013E4142417C4082807D000000004003CD8
:1097400003C41C40074000E4001C000410041FFC7C
:109750001104110411040E880070000003E00C18BD
:1097600010041004100410081C10000010041FFC4A
:10977000100410041004080807F0000010041FFC77
:109780001104110417C410040818000010041FFC71
:109790001104110017C010000800000003E00C18AD
:1097A0001004100410441C780040000010041FFC3A
:1097B00010840080008010841FFC1004000010043E
:1097C00010041FFC1004100400000000000300013E
:1097D000100110011FFE10001000000010041FFCFB
:1097E000110403801464181C1004000010041FFCF2
:1097F0001004000400040004000C000010041FFC0E
:109800001F0000FC1F001FFC1004000010041FFCC0
:109810000C04030000E010181FFC100007F00808FB
:10982000100410041004080807F0000010041FFCC6
:1098300010841080108010800F00000007F00818BE
:1098400010241024101C080A07F2000010041FFC4A
:109850001104110011C011300E0C000400000E1C88
:1098600011041084108410441C38000018001000EB
:1098700010041FFC100410001800000010001FF856
:1098800010040004000410041FF8100010001E0053
:1098900011E0001C007013801C0010001FC0103C61
:1098A00000E01F0000E0103C1FC000001004180C76
:1098B000163401C001C01634180C100410001C002E
:1098C000130400FC13041C00100000000804101C0A
:1098D0001064108413041C04101800000000000021
:1098E00000007FFE40024002400200000000300005
:1098F0000C0003800060001C000300000000400218
:10990000400240027FFE0000000000000000000056
:109910002000400040004000200000000001000145
:1099200000010001000100010001000100004000F1
:10993000400020000000000000000000000000982F
:10994000012401440144014400FC000410001FFCF8
:10995000008801040104008800700000000000700D
:109960000088010401040104008800000000007068
:1099700000880104010411081FFC0004000000F825
:10998000014401440144014400C8000000000104F6
:1099900001040FFC1104110411001800000000D68E
:1099A00001290129012901C90106000010041FFC39
:1099B000008401000100010400FC00040000010417
:1099C000190419FC0004000400000000000000035A
:1099D00000010101190119FE0000000010041FFC24
:1099E0000024004001B4010C010400000000100438
:1099F00010041FFC0004000400000000010401FC2E
:109A00000104010001FC0104010000FC010401FC4F
:109A1000008401000100010400FC0004000000F8C3
:109A2000010401040104010400F80000010101FF28
:109A3000008501040104008800700000000000702F
:109A4000008801040104010501FF00010104010473
:109A500001FC00840104010001800000000000CC32
:109A600001240124012401240198000000000100C8
:109A7000010007F80104010400000000010001F8E2
:109A8000000400040004010801FC0004010001803E
:109A90000170000C001001600180010001F0010C58
:109AA000003001C00030010C01F001000000010491
:109AB000018C00740170018C01040000010101811E
:109AC0000171000E00180160018001000000018496
:109AD000010C013401440184010C0000000000006D
:109AE0000000000001003EFC4002400200000000B7
:109AF00000000000FFFF0000000000000000400226
:109B000040023EFC01000000000000000000600078
:109B10008000800040004000200020000000000085
:109B20000000000000000000000000000000000035
:109B30000000000000000000000000000000000025
:109B40000000000000000000000000000000000F06
:109B500080380FFE380F8038000000000000000041
:109B600000000000000000000000010000060000EE
:109B70000C00003800003100000600000C00003826
:109B8000000030000000000000000000618000675D
:109B9000F807F980006180006180006180006180C9
:109BA0000067F807F98000618000000000000000F5
:109BB000000001C0E003E0F00630080418081FFFB1
:109BC000FE040E080787F00381E00000000000009B
:109BD00001F000060C00040408060C7001F9C00036
:109BE0000E00003BE000EC18070808040C18000306
:109BF000E00000000001E00007F003F818041C0872
:109C000004170807E1D003C0E00023B0003C0800BF
:109C100020080000100000000000000100003100DA
:109C2000003200001C0000000000000000000000E6
:109C30000000000000000000000000000000000024
:109C40000000000000000000000000007F0001FF95
:109C5000C00780F00C001810000420000200000073
:109C60000000002000021000040C00180780F00122
:109C7000FFC0007F000000000000000000000000A6
:109C800000000000000000004200006600006600C6
:109C9000003C0000180003FFC0001800003C00005A
:109CA0006600006600004200000000000800000896
:109CB0000000080000080000080001FFC0000800C4
:109CC0000008000008000008000008000000000074
:109CD000000100003100003200001C000000000004
:109CE0000000000000000000000000000000000074
:109CF0000000000008000008000008000008000044
:109D00000800000800000800000800000800000823
:109D100000000000000000000000000038000038D3
:109D200000003800000000000000000000000000FB
:109D3000000000000000000000000000000600001D
:109D40001C000070000180000E0000380000C00000
:109D50000700001C000030000000000000000000B0
:109D60007F8001FFE00380700600180400080400F3
:109D70000806001803807001FFE0007F80000000EB
:109D800000000000000001000801000801000803B5
:109D9000FFF807FFF80000080000080000080000B6
:109DA0000000000000000001C03802C05804009804
:109DB000040118040218040418061C1803F81801FA
:109DC000E0F800000000000000000001C0E003C057
:109DD000F004000804080804080806180803F4182A
:109DE00001E7F00001E000000000000000000000BA
:109DF0000300000D00001100006100008108030154
:109E00000807FFF80FFFF800010800010800000034
:109E10000000000000E007FCD00608080610080655
:109E20001008061008061838060FF00607C00000D4
:109E300000000000000000003F8001FFE0038430CC
:109E4000020818041008041008041008071810036A
:109E50000FF00007C000000000000000000003C079
:109E6000000700000600000600F80607F8061800C4
:109E700006E00007000006000000000000000001EE
:109E8000E1E003F7F0063410041808041808040C85
:109E900008040C0806161803F3F001C1E0000000E6
:109EA00000000000F80003FC300306380402080438
:109EB00002080402080404100308F001FFC0007F38
:109EC0000000000000000000000000000000000092
:109ED000000000007038007038007038000000008A
:109EE0000000000000000000000000000000000072
:109EF0000000000000000000301A00301C000000CC
:109F00000000000000000000000000000000000051
:109F10000000000800001400002200004100008042
:109F2000800100400200200400100800080000002A
:109F3000000000002100002100002100002100009D
:109F4000210000210000210000210000210000214B
:109F500000000000000000000000080008040010DD
:109F6000020020010040008080004100002200002B
:109F7000140000080000000000000003C00004C03E
:109F800000040000080038080F38080838081000DE
:109F90000C300007E00003C00000000000000000DB
:109FA0003F8000FFE0038070020F1006708804C03D
:109FB00088048308047F8802C09003012000FE40CB
:109FC0000000080000180001F8003E0801C2000768
:109FD000020007E20000FE00001FC80001F80000B8
:109FE0003800000804000807FFF807FFF804080815
:109FF00004080804080804080806180803F41801EF
:10A00000E7F00001E0000000000000003F8001FFD9
:10A01000E00380700200180400080400080400082F
:10A020000400100600200780C0000000040008079C
:10A03000FFF807FFF8040008040008040008040003
:10A040001802001003807001FFE0007F8000000014
:10A0500004000807FFF807FFF804080804080804CC
:10A060000808040808043E08040008060018010057
:10A070006000000004000807FFF807FFF804080864
:10A08000040800040800040800043E00060000065E
:10A090000000018000000000000000003F8001FF80
:10A0A000E003807006001804000804020804020897
:10A0B0000203F00783F0000200000200040008071A
:10A0C000FFF807FFF804080800080000080000086F
:10A0D0000000080004080807FFF807FFF80400085C
:10A0E0000000000000000400080400080400080745
:10A0F000FFF807FFF8040008040008040008000047
:10A100000000000000000000000600000700000141
:10A1100004000104000104000307FFFE07FFFC0424
:10A12000000004000004000004000807FFF807FF17
:10A13000F8040C08001800003E0004C7800503C89E
:10A140000600F8040038040018000008040008079E
:10A15000FFF807FFF80400080000080000080000EE
:10A16000080000080000080000180000600000005F
:10A1700004000807FFF807800807FC00007FC00004
:10A1800003F80007C000780007800807FFF807FF02
:10A19000F804000804000807FFF807000803C000DF
:10A1A00000E000003800001E000007000001C004AD
:10A1B00000F007FFF8040000000000007F8001FFAE
:10A1C000E003807006001804000804000806001868
:10A1D00003003001FFE0007F80000000040008075A
:10A1E000FFF807FFF8040408040400040400040452
:10A1F00000040400060C0003F80001F00000000059
:10A20000000000007F8001FFE003807006008804EA
:10A2100000880400C806003C03003E01FFE6007F02
:10A220008400000004000807FFF807FFF80408088E
:10A23000040800040C00040F00040BC00610F00317
:10A24000F03801E00800000800000001E0F803F029
:10A2500030063010041808041808040C08040C0810
:10A260000206180207F00781E000000001800006E6
:10A27000000004000004000004000807FFF807FFC6
:10A28000F80400080400000400000600000180003B
:10A2900004000007FFE007FFF004001800000800BA
:10A2A000000800000800000800000804001007FF74
:10A2B000E004000004000006000007E00007FE00C4
:10A2C000041FE00001F80000380001E0043E000730
:10A2D000C00006000004000004000007E00007FFC3
:10A2E000C0041FF80007C007F80007FF80043FF80C
:10A2F0000007C004F800070000040000000000048C
:10A30000000806001807C07805F1C8003E00001FCD
:10A31000800463E80780F8060018040008000000C5
:10A3200004000006000007800007E008047C080025
:10A330001FF80007F800180804E0080700000600EE
:10A34000000400000000000100080600380400F8C6
:10A350000403E8040F08047C0805F00807C0080798
:10A360000018040060000000000000000000000071
:10A37000000000000000003FFFFE2000022000025D
:10A380002000022000022000020000000000000067
:10A39000000008000007000000C0000038000006B0
:10A3A000000001C000003000000E000001000000AD
:10A3B0000000000000002000022000022000022017
:10A3C00000022000023FFFFE00000000000000002D
:10A3D0000000000000000000000000000008000075
:10A3E00010000030000020000030000010000008C5
:10A3F000000000000000000000000100000100005B
:10A400000100000100000100000100000100000146
:10A410000000010000010000010000010000000038
:10A4200000000000002000002000001000001000CC
:10A43000000000000000000000000000000000001C
:10A440000000000000F00019F8001B1800220800AE
:10A450002608002408002410003FF8001FF8000020
:10A460000800001800000004000007FFF80FFFF0CC
:10A4700000181800100800200800200800301800FC
:10A480001FF0000FC00000000000000007C0001F08
:10A49000F0001830002008002008002008003C08C8
:10A4A000001C100000600000000000000000000020
:10A4B00007C0001FF0003818002008002008002006
:10A4C0000804101007FFF80FFFF000001000000054
:10A4D0000000000000000007C0001FF00012300064
:10A4E0002218002208002208003208001E10000E68
:10A4F00020000000000000002000002008002008CC
:10A5000001FFF803FFF806200804200804200807CC
:10A51000200003000000000000000000000E000EFC
:10A520006E001FF30031B10020B10020B100319165
:10A53000001F13002E1E00200E003000000000043B
:10A54000000807FFF80FFFF80010080020000020A7
:10A5500000002008003FF8001FF80000080000007D
:10A56000000000000000002008002008002008066D
:10A570003FF8063FF800000800000800000800004F
:10A5800000000000000000000000000003000003C5
:10A59000002001002001002003063FFE063FFC00D2
:10A5A000000000000000000000000004000807FF99
:10A5B000F80FFFF8000188000300002FC00038F8F2
:10A5C0000020380020080000080000000000000003
:10A5D000000004000804000804000807FFF80FFF4B
:10A5E000F80000080000080000080000000000005B
:10A5F000002008003FF8003FF8001008002000008D
:10A600003FF8003FF8001008002000003FF8003F2E
:10A61000F8000008000000002008003FF8003FF8A4
:10A62000001008001000002000002008003FF80083
:10A630001FF80000080000000000000007C0000F25
:10A64000F000183000300800200800200800300812
:10A65000001830000FF00007C000000000000000EC
:10A660002001003FFF003FFF0010110020090020E3
:10A6700008002008003038001FF0000FC000000064
:10A680000000000007C0001FF0003818002008007C
:10A690002008002009001011001FFF003FFF0000EC
:10A6A00001000000002008002008002008003FF8FA
:10A6B000003FF800080800100800200800200000F3
:10A6C0003000003000000000000000000000000C1E
:10A6D00078001E1800330800230800210800218894
:10A6E0000021980030F000386000000000000000F9
:10A6F000200000200000200000FFF003FFF80020F1
:10A7000008002008002008000030000000000000C1
:10A71000000000002000003FF0007FF8000018005B
:10A720000008000008002010003FF8007FF0000043
:10A7300010000000000000002000003000003C007D
:10A74000003F800023F000007800007000238000AC
:10A750003C00003000002000002000003C00003FD2
:10A76000E00023F80000E0002700003E00003FE08A
:10A770000021F80001E0003E000020000000000081
:10A780002008002008003838003E680027800003B9
:10A79000C8002CF8003838002018002008000000FD
:10A7A000000000002000003003003C01003F830057
:10A7B00023EC000070002380003C000020000020FB
:10A7C00000000000000000000000003808002038F1
:10A7D0000020F80023E8002F88003E080038080019
:10A7E00020180000700000000000000000000000C1
:10A7F000000000000000000008000014001FF7FC2B
:10A8000030000620000200000000000000000000F0
:10A810000000000000000000000000000000FFFF3A
:10A82000FF00000000000000000000000000000029
:10A830000000000000002000023000061FF7FC00AE
:10A8400014000008000000000000000000000000EC
:10A850000000000000000018000060000040000040
:10A860004000002000001000000800000400000468
:10A8700000000C00001000000000000000000000BC
:10A8800000000000000000000000000000000000C8
:10A8900000000000000000000000000000000000B8
:10A8A00000000000000000000000000000000000A8
:10A8B0000000000000000000000000000000000098
:10A8C0000000000000000000000000000000000088
:10A8D00007F000C007FFE1E007F001E0000000C062
:10A8E0000000000000000000000000000000000068
:10A8F0000000000000000000000000000000000058
:10A900000020000001C00000078000001F000000C0
:10A910001E0000001C20000001C000000780000095
:10A920001F0000001E0000001C00000000000000CE
:10A9300000000000000000000000000000180C00F3
:10A9400000180C0000180FE0001FFC0003F80C00BA
:10A9500000180C0000180C0000180C0000180C0067
:10A9600000180FE0001FFC0003F80C0000180C009A
:10A9700000180C00000000000000000000000000B3
:10A9800000000780007807C000FC0640010E002090
:10A9900003070020020380200FFFFFFC0201C020FC
:10A9A0000200E0600130704001F03F8000F01F00C5
:10A9B000000000000000000000FE000001FF000099
:10A9C0000301800002008060030181C001FF0700D5
:10A9D00000FE18000000E0000003BF00000CFFC0F4
:10A9E0000071806001C10020030180600000FFC091
:10A9F00000003F000000000000001F0000007FC0BA
:10AA000000FCC0C001FF80600303E0200202782048
:10AA100002061E2003FC074001F00380000103C072
:10AA200000011C600001E020000100200001004046
:10AA30000000018000000000000000000020000075
:10AA40001C6000001C4000001F8000000F00000080
:10AA500000000000000000000000000000000000F6
:10AA600000000000000000000000000000000000E6
:10AA700000000000000000000000000000000000D6
:10AA800000000000000000000000000000000000C6
:10AA9000000000000007F800003FFF00007807C03A
:10AAA00001C000E0030000300400000808000004BA
:10AAB0001000000200000000000000001000000272
:10AAC00008000004040000080300003001C000E09A
:10AAD000007807C0003FFF000007F80000000000FA
:10AAE0000000000000000000000000000000000066
:10AAF0000000000000000000000000000000000056
:10AB0000000C1800000E3800000E3800000630005F
:10AB1000000360000061438000FFFF80006143008C
:10AB20000003600000063000000E3800000E380000
:10AB3000000C1800000000000000000000000000F1
:10AB40000000800000008000000080000000800005
:10AB50000000800000008000007FFF0000008000F7
:10AB600000008000000080000000800000008000E5
:10AB70000000800000000000000000000000000154
:10AB8000000000E3000000E2000000FC000000788C
:10AB900000000000000000000000000000000000B5
:10ABA00000000000000000000000000000000000A5
:10ABB0000000000000000000000000000000800015
:10ABC0000000800000008000000080000000800085
:10ABD0000000800000008000000080000000800075
:10ABE0000000800000008000000080000000800065
:10ABF00000008000000000000000000000000000D5
:10AC0000000000C0000001E0000001E0000000C002
:10AC10000000000000000000000000000000000034
:10AC20000000000000000000000000000000000024
:10AC30000000000000000000000000000000000C08
:10AC400000000038000000E00000038000000E005B
:10AC5000000038000000E00000038000000E00004B
:10AC60000038000000E00000038000000E0000003B
:10AC700018000000000000000000000000000000BC
:10AC8000000FF800007FFF0000F00780018000C087
:10AC900003000060020000200200002002000020EB
:10ACA00003000060018000C000E00380007FFF001F
:10ACB000000FF8000000000000000000000000008D
:10ACC00000000000008000200080002000800020A4
:10ACD0000080006001FFFFE003FFFFE00000006074
:10ACE0000000002000000020000000200000000004
:10ACF0000000000000000000000000000000000054
:10AD0000007800E000980160010002600200046029
:10AD10000200086002001060020020600200406033
:10AD2000030080600183006001FE00E0007C07807A
:10AD30000000000000000000000000000000000013
:10AD400000F0078001F007C0010000400200002071
:10AD500002010020020100200201002003038020E4
:10AD60000186804001FCC0C000787F8000001E008A
:10AD700000000000000000000000000000000800CB
:10AD800000003800000048000001880000060800AC
:10AD9000000C0810003008100040081001FFFFF000
:10ADA00003FFFFF003FFFFF0000008100000081091
:10ADB000000008100000000000000000000000007B
:10ADC00000000780001F864003E1002003020020EE
:10ADD00003040020030400200304002003040020D7
:10ADE00003060040030301C00301FF8003007E004F
:10ADF0000000000000000000000000000000000053
:10AE00000007FC00003FFF000070C380008180C08D
:10AE10000101006003020020020200200202002063
:10AE2000020200200203004001C180C000C0FF8078
:10AE300000007E0000000000000000000000000094
:10AE400000F0000003C000000380000003000000C9
:10AE5000030007E003003FE00301C0000306000019
:10AE600003180000036000000380000003000000DE
:10AE700000000000000000000000000000001F00B3
:10AE800000783F8000FC60C0018EC0400307802036
:10AE90000203002002018020020180200201C02064
:10AEA0000301E040018670C000FC3F8000781F0075
:10AEB000000000000000000000000000003F000053
:10AEC00000FF81C001C0C1C001006020020020203D
:10AED000020020200200202002002060020040C06A
:10AEE0000100C18000C18F00007FFE00001FF00044
:10AEF0000000000000000000000000000000000052
:10AF00000000000000000000000000000000000041
:10AF1000000300C0000781E0000781E0000300C0DB
:10AF20000000000000000000000000000000000021
:10AF30000000000000000000000000000000000011
:10AF40000000000000000000000000000000000001
:10AF50000006006600060078000000000000000007
:10AF600000000000000000000000000000000000E1
:10AF700000000000000000000000000000000000D1
:10AF8000000080000001C0000003600000063000E7
:10AF9000000C180000180C000030060000600300D0
:10AFA00000C00180010000400200002004000010E9
:10AFB000000000000000000000000000000410007D
:10AFC0000004100000041000000410000004100031
:10AFD0000004100000041000000410000004100021
:10AFE0000004100000041000000410000004100011
:10AFF000000410000000000000000000000000003D
:10B0000004000010020000200100004000C0018088
:10B01000006003000030060000180C00000C18004F
:10B0200000063000000360000001C0000000800046
:10B030000000000000000000000000000000000010
:10B040000078000001F80000023800000200000053
:10B05000040000C0040079E0040081E0040100C0A5
:10B0600004030000020200000306000001FC0000CF
:10B0700000F800000000000000000000000FF800D1
:10B08000003FFE000070078000C000C00101F840D2
:10B090000307FC20021E042002300820022030207A
:10B0A000023FFC20013F044001800CC000E03180E1
:10B0B000001FC2000000000000000020000000602F
:10B0C000000003E000003E200003E020003E2000DE
:10B0D00003E020000380200007FC2000003FE00088
:10B0E0000003FE2000003FE0000001E0000000201F
:10B0F000000000200000000000000000020000200E
:10B100000200002003FFFFE003FFFFE00201002038
:10B1100002010020020100200201002002010020A3
:10B12000030300200186806001FCC0C000F87F801E
:10B1300000001F0000000000000000000007F800F1
:10B14000003FFF000070078000C000C00100004009
:10B150000300002002000020020000200200002066
:10B160000200002001000040018000C003C00180F7
:10B170000030060000000000000000000200002077
:10B180000200002003FFFFE003FFFFE002000020B9
:10B1900002000020020000200200002003000060E6
:10B1A00001000040018000C000F00780007FFE0029
:10B1B000000FF80000000000000000000200002066
:10B1C0000200002003FFFFE003FFFFE00201002078
:10B1D00002010020020100200201002002010020E3
:10B1E00002038020020FE0200300006003C000E0A3
:10B1F00000600300000000000000000002000020CA
:10B200000200002003FFFFE003FFFFE00201002037
:10B210000201002002010000020100000201000002
:10B220000201000002038000030FE00003000000A1
:10B2300003C0000000600000000000000007F800EC
:10B24000003FFE000070078001C001C00100004007
:10B250000300002002000020020000200200002065
:10B26000010020200100204003C03F8000303F80CB
:10B27000000020000000200002000020020000204A
:10B2800003FFFFE003FFFFE00200802002008020B8
:10B29000000080000000800000008000020080208C
:10B2A0000200802003FFFFE003FFFFE00200002018
:10B2B000020000200000000000000000000000006C
:10B2C0000000000002000020020000200200002018
:10B2D0000200002003FFFFE003FFFFE00200002068
:10B2E00002000020020000200200002000000000F8
:10B2F0000000000000000000000000000000000E40
:10B300000000000F0000000F00000001020000011B
:10B3100002000001020000030200000603FFFFFC20
:10B3200003FFFFF80200000002000000020000001E
:10B3300002000000000000000000000002000020E9
:10B340000200002003FFFFE003FFFFE00200C02037
:10B350000201002000078000000FE0000030F8002C
:10B3600002603E2003800F20030003E0020000E0A3
:10B370000200002000000020000000000200002069
:10B380000200002003FFFFE003FFFFE002000020B7
:10B39000020000200000002000000020000000202B
:10B3A000000000200000002000000060000000E01D
:10B3B0000000030000000000020000200200002046
:10B3C00003FFFFE003E0002003FF0020001FF00068
:10B3D0000001FF8000000FE000001E000003E000FD
:10B3E000003E002003E0002003FFFFE003FFFFE03A
:10B3F00002000020020000200200002002000020C5
:10B4000003FFFFE00380002003F0002000FC0000A9
:10B41000001F00000007C0000001F00000007C00D9
:10B4200002001F80020007E003FFFFE002000000AF
:10B43000020000000000000000000000000FF80003
:10B44000003FFE0000F00780018000C001000040C6
:10B450000200002002000020020000200200002064
:10B4600001000040018000C000F00380003FFE00AA
:10B47000000FF800000000000000000002000020A3
:10B480000200002003FFFFE003FFFFE00200802036
:10B490000200802002008000020080000200800084
:10B4A00002008000030180000183000000FE000014
:10B4B000007C00000000000000000000000FF80009
:10B4C000007FFF0000F00380018001C00100064002
:10B4D000020004200200042002000620020003E013
:10B4E000010000F80180005C00E0038C003FFF0CCD
:10B4F000000FFC1800000000000000000200002007
:10B500000200002003FFFFE003FFFFE00201002034
:10B5100002010020020180000201E0000201FC00A3
:10B5200003033F80018607E001FC00E000F80020F3
:10B5300000000020000000000000000000000000EB
:10B540000078060000FE01E0018600C00303004011
:10B550000203002002018020020180200201C0209D
:10B560000200C0200100E060018070C003E03F8065
:10B5700000001F000000000000000000006000004C
:10B580000380000003000000020000000200002011
:10B590000200002003FFFFE003FFFFE002000020A5
:10B5A00002000020020000000200000003800000F2
:10B5B00000E00000000000000200000002000000A7
:10B5C00003FFFF0003FFFFC0020000400200006015
:10B5D00000000020000000200000002000000020EB
:10B5E000020000400200008003FFFF000200000094
:10B5F0000200000000000000000000000200000047
:10B600000200000003C0000003FC0000023FC00075
:10B610000003F80000007F80000007E000000780C2
:10B62000000078000203C000023C000003C00000DC
:10B6300002000000020000000200000003C0000041
:10B6400003FF8000023FFE0002007FE000000F00C9
:10B650000200F00003EF000003FF8000020FFE0075
:10B6600000003FE000001F000207E00003F80000B8
:10B6700003000000020000000000000002000020A3
:10B6800002000020038000E003F0032002FC0C20F5
:10B69000021F30000007C0000007F00002187C0005
:10B6A00002601F20038003E0020000E0020000208F
:10B6B0000000002000000000000000000200000068
:10B6C0000300000003C0000003F80000023E002059
:10B6D000020FC0200001FFE000007FE00003802097
:10B6E000021C002002700000038000000200000025
:10B6F0000200000000000000000000000000002028
:10B70000006000E0038003E003000FA002003E2081
:10B710000200F8200203E020020F8020023E0020F9
:10B720000278002003E00060038000E002000300D4
:10B730000000000000000000000000000000000009
:10B7400000000000000000000000000000000000F9
:10B750001FFFFFFC10000004100000041000000494
:10B760001000000410000004100000041000000489
:10B7700000000000000000000000000000000000C9
:10B78000000000000700000003C000000078000077
:10B79000001E00000003C0000000F00000001E00BA
:10B7A00000000780000000F00000003C00000006E0
:10B7B0000000000000000000000000000000000089
:10B7C0001000000410000004100000041000000429
:10B7D0001000000410000004100000041FFFFFFC14
:10B7E0000000000000000000000000000000000059
:10B7F0000000000000000000000000000000000049
:10B800000000000000000000020000000400000032
:10B8100008000000180000001000000018000000E0
:10B8200018000000040000000200000000000000FA
:10B830000000000000000000000000010000000106
:10B8400000000001000000010000000100000001F4
:10B8500000000001000000010000000100000001E4
:10B8600000000001000000010000000100000001D4
:10B8700000000001000000010000000000000000C6
:10B880000000000010000000100000001000000088
:10B890001800000008000000040000000000000084
:10B8A0000000000000000000000000000000000098
:10B8B0000000000000000000000000000000038005
:10B8C00000018FC000038C600006182000041020C7
:10B8D0000004102000042020000420400006204026
:10B8E0000003FFC00001FFE0000000200000002076
:10B8F000000000C000000000000000000200000086
:10B900000200000003FFFFE007FFFFC0000180C04E
:10B91000000200600002002000040020000400205B
:10B920000004002000060040000300C00001FF806A
:10B930000000FE0000000000000000000000000009
:10B9400000007E000001FF80000381C00002004073
:10B950000006002000040020000400200004002055
:10B96000000600200003C0400001C080000003006A
:10B9700000000000000000000000000000000000C7
:10B9800000007E000001FF80000380C00006006010
:10B9900000040020000400200004002002040040F5
:10B9A0000202008003FFFFE007FFFFC0000000402D
:10B9B0000000004000000000000000000000000047
:10B9C00000007E000001FF80000311C00002104053
:10B9D0000004106000041020000410200004102057
:10B9E00000061020000310400001F0C000007100AC
:10B9F0000000000000000000000000000000000047
:10BA000000040000000400200004002000040020C6
:10BA1000007FFFE001FFFFE001040020030400209D
:10BA200002040020020400200204000002000000C2
:10BA300001C0000001C00000000000000000000084
:10BA40000000001C0000E33E0003FFC200020CC324
:10BA5000000404C1000404C1000404C1000404C1C2
:10BA600000060CC10003F8C30005F0620006007E6A
:10BA70000006003C00000000000000000200002062
:10BA80000200002003FFFFE007FFFFE000010020AD
:10BA90000002002000060000000400000004000076
:10BAA00000040020000600200003FFE00001FFE08A
:10BAB0000000002000000020000000000000000046
:10BAC000000000000004002000040020000400200A
:10BAD000000400200387FFE0038FFFE003800020C5
:10BAE00000000020000000200000002000000000F6
:10BAF0000000000000000000000000000000000046
:10BB00000000000000000006000000070000000127
:10BB10000000000100040001000400010004000313
:10BB2000000400060387FFFC038FFFF8038000007A
:10BB300000000000000000000000000002000020E3
:10BB40000200002003FFFFE007FFFFE000000820E5
:10BB500000001020000030000000FC0000058E00F6
:10BB6000000707A0000601E0000400E00004002038
:10BB700000000020000000000000000000000000A5
:10BB8000000000000200002002000020020000204F
:10BB90000200002003FFFFE007FFFFE0000000209D
:10BBA0000000002000000020000000200000000035
:10BBB0000000000000000000000000000004002061
:10BBC0000007FFE0000FFFE000020020000400007B
:10BBD000000400200007FFE00003FFE00002002057
:10BBE00000040000000400200007FFE00003FFE065
:10BBF0000000002000000000000000000004002001
:10BC0000000400200007FFE0000FFFE0000100201B
:10BC100000020020000200000004000000040000F8
:10BC200000040020000600200003FFE00001FFE008
:10BC300000000020000000200000000000000000C4
:10BC400000007E000000FF80000381C00002004071
:10BC50000006002000040020000400200004002052
:10BC60000006002000020040000381C00001FF80A8
:10BC700000007E0000000000000000000004000141
:10BC8000000400010007FFFF000FFFFF000100C1DB
:10BC900000020041000400200004002000040020F5
:10BCA0000004002000060040000301C00001FF80E6
:10BCB00000007E0000000000000000000000000006
:10BCC00000007E000001FF80000380C000020060D1
:10BCD00000040020000400200004002000040020D4
:10BCE00000020041000300C10003FFFF0007FFFF47
:10BCF000000000010000000100000000000400201E
:10BD0000000400200004002000040020000FFFE0D9
:10BD1000000FFFE00000C020000100200002002012
:10BD200000060020000400000004000000070000DE
:10BD30000003000000000000000000000000000000
:10BD4000000003E00001C0E00003E04000063020F6
:10BD500000043020000418200004182000041820DB
:10BD600000040C2000020C60000307C00007838061
:10BD700000000000000000000000000000000000C3
:10BD8000000400000004000000040000000C00009B
:10BD9000001FFF8000FFFFC00004006000040020BF
:10BDA0000004002000040020000400400000018086
:10BDB000000000000000000000000000000400007F
:10BDC000000400000007FF80000FFFC000000060BB
:10BDD00000000020000000200000002000000020E3
:10BDE00000040040000400800007FFE0000FFFC0D7
:10BDF00000000040000000400000000000040000BF
:10BE000000040000000780000007F0000004FE00AE
:10BE100000041FC0000003E00000038000001C00BD
:10BE2000000460000007800000060000000400001D
:10BE300000000000000000000004000000060000F8
:10BE40000007C0000007FC0000043F80000003E082
:10BE500000040F800006F0000007F0000007FF80DC
:10BE600000040FE00000038000043C000007C00055
:10BE70000006000000040000000000000000002098
:10BE80000004002000040060000700E00007832099
:10BE90000007E6000004F80000003C0000045E20FB
:10BEA000000587A0000601E00004006000040020F7
:10BEB000000000200000000000000000000400005E
:10BEC00000040003000700030007E0010004F8017C
:10BED00000041F02000007FC000000E00000070053
:10BEE000000438000007C000000600000004000045
:10BEF000000400000000000000000000000000003E
:10BF000000078060000600E0000403E0000407A0D2
:10BF100000040E2000043C20000470200005E020F6
:10BF20000007802000070060000400E0000003809C
:10BF30000000000000000000000000000000000001
:10BF400000000000000000000000000000000000F1
:10BF500000000000000080000000800000014000A0
:10BF600007FE3FF808000004100000021000000265
:10BF700000000000000000000000000000000000C1
:10BF800000000000000000000000000000000000B1
:10BF90000000000000000000FFFFFFFF00000000A5
:10BFA0000000000000000000000000000000000091
:10BFB0000000000000000000000000000000000081
:10BFC00010000002100000020800000407FE3FF805
:10BFD0000001400000008000000080000000000020
:10BFE0000000000000000000000000000000000051
:10BFF0000000000000000000000000001800000029
:10C000003000000040000000400000004000000040
:10C0100020000000300000000800000004000000C4
:10C020000200000002000000020000000C000000FE
:10C0300018000000000000000400000003000000E1
:10C0400002000000020000000200000001000000E9
:10C050000100000002000000BCC40008A8C40008E1
:10C06000B3C40008B8C40008CFC40008C2C40008A4
:10C07000B2C40008B7C40008CDC40008C7C4000893
:10C08000ACC400080BC5000811C5000817C500089E
:10C0900023C5000810C5000816C500081CC5000807
:10C0A00004C50008F7C40008F0C40008E5C400088F
:10C0B000FAC40008FFC40008D3C40008DFC40008A5
:10C0C000D9C40008EAC4000800000000D68F0008A8
:10C0D00000000000155200080101000001000000EE
:10C0E000E98F0008000000007952000800010100FB
:10C0F00002000000FC8F000800000000155300083B
:10C100000001010003000000119000080000000081
:10C11000F953000800010100040000002490000809
:10C12000000000001155000800000000050000009C
:10C130003390000800000000E155000801000000F5
:10C14000060000004890000800000000B9560008F2
:10C1500000010000070000005990000801000000E5
:10C16000C5580008010000000800000068900008A1
:10C17000010000006D5B00080100000009000000E4
:10C180007A90000801000000915C000801000000A6
:10C190000A0000008990000801000000F55E000818
:10C1A000010100000B000000989000080000000052
:10C1B00015600008000000000C000000A9900008B5
:10C1C0000000000059600008000000004472697619
:10C1D0006572732F73746D3332683778782D6861A8
:10C1E0006C2D6472697665722D6D61737465722F42
:10C1F0005372632F73746D3332683778785F686178
:10C200006C5F636F727465782E6300447269766543
:10C2100072732F73746D3332683778782D68616C60
:10C220002D6472697665722D6D61737465722F531A
:10C2300072632F73746D3332683778785F68616C1E
:10C240005F6770696F2E6300447269766572732F41
:10C2500073746D3332683778782D68616C2D647231
:10C26000697665722D6D61737465722F5372632FD9
:10C2700073746D3332683778785F68616C5F6C74A3
:10C2800064632E6300447269766572732F73746DF4
:10C290003332683778782D68616C2D647269766501
:10C2A000722D6D61737465722F5372632F73746D89
:10C2B0003332683778785F68616C5F7263632E63CE
:10C2C00000447269766572732F73746D3332683708
:10C2D00078782D68616C2D6472697665722D6D6158
:10C2E000737465722F5372632F73746D33326837B2
:10C2F00078785F68616C5F7370692E63004472695F
:10C30000766572732F73746D3332683778782D6861
:10C31000616C2D6472697665722D6D6173746572DE
:10C320002F5372632F73746D3332683778785F6878
:10C33000616C5F646D612E6300447269766572732F
:10C340002F73746D3332683778782D68616C2D6483
:10C3500072697665722D6D61737465722F537263A5
:10C360002F73746D3332683778785F68616C5F72F1
:10C3700063635F65782E6300447269766572732F1C
:10C3800073746D3332683778782D68616C2D647200
:10C39000697665722D6D61737465722F5372632FA8
:10C3A00073746D3332683778785F6C6C5F666D6379
:10C3B0002E63004B4559504144005349474E414C70
:10C3C0002053484150494E4700494E505554204D46
:10C3D000415050494E4700434C4F434B00434F4E52
:10C3E00054524F4C2050414E454C0052454D4F54F5
:10C3F0004520434F4E54524F4C004E415620434F20
:10C400004E54524F4C00524F5441525920434F4EBC
:10C4100054524F4C00554E4B4E4F574E00454E43D5
:10C420004F444552004556454E54205452494747C3
:10C430004552004D4154524958204B4559530044F0
:10C4400045434F4445522053454C454354005041C9
:10C4500052414C4C454C20494E50555400494E5386
:10C460005452554D454E54205649455700255800C5
:10C4700050494F3A25303258002530345800253085
:10C48000386C58005343414E20444953504C415955
:10C4900000524553554C5420444953504C41590087
:10C4A000355741590025730031487A0035313248FB
:10C4B0007A003332487A003634487A00302E3548D4
:10C4C0007A003136487A00323536487A00313238CF
:10C4D000487A0031304D487A0032304D487A003188
:10C4E000324D487A00334D487A0032344D487A0054
:10C4F000322E354D487A00312E32354D487A00368D
:10C500004D487A003735306B487A00316B487A00F5
:10C5100033326B487A0036346B487A003632356BEA
:10C52000487A0031366B487A00C4E328002800E4DA
:10C5300007240496028500A402A404A4049404849D
:10C5400000C400BAC30400E40304021F0192009275
:10C5500000F20789008A0084008A00D100B0E5005B
:10C560000010029001FE7F90400031F80F4840C853
:10C5700043482C4810442CC443044000000000B140
:10C58000B8000080009000887F4C49564924492417
:10C590007F244954494C49847F800080000000007A
:10C5A00000B1EA000010029001FE7F90005011449B
:10C5B0000C44434440C47F440044014406401800F6
:10C5C000000000B2A2000000421022121AF4071864
:10C5D000021002100210021802F47F120210020070
:10C5E0000200000000B2CE000020412051A8526C91
:10C5F000522A4A38292829A82428126C10B8082061
:10C6000001200100000000B3CC000024042403FC3E
:10C610003FA200220100209E249224923F92249265
:10C62000249E24002000000000B3E5000000300438
:10C630000C18030000F007100210021002FE7F1019
:10C640000210021002F00700000000B3F600000024
:10C650003E7C204020402040204020FE3F402040A3
:10C6600020402040207C20007E00000000B4A1007B
:10C67000000801C83FB8108810883F0000F83E80CD
:10C68000208020FE3F80208020F87E00000000B443
:10C69000AE0000001F78094809480948094809FE0A
:10C6A0007F48094809480948097809001F00000027
:10C6B00000B4E60000080208018800E87F18000EB8
:10C6C00004480448444844487FC804480408040017
:10C6D000000000B4F80000C8004800483E5E024870
:10C6E000024802DE7F480248225E22483E4800C8D7
:10C6F0000000000000B4FD000010018800C47F327B
:10C70000004002480A481248027E424842C87F4818
:10C7100002400200000000B5A5000000100010F863
:10C72000134A124C124812F87F48124C124A12F85F
:10C73000130010001000000000B5B10000202024FC
:10C740002228223022202220223E22202220223093
:10C75000222822E47F000000000000B5C80000107D
:10C7600001080546054C1554254405F04548454645
:10C770007F44054C051405040100000000B5CD0000
:10C780000080004000F07F0E000000F83F88108815
:10C79000088820FC4784188420807000000000B6C0
:10C7A000AF00004008440EC4094408440A405C102D
:10C7B000201018FE07100010401040F03F0000004D
:10C7C00000B6CE00000010FC7F24112409240902C9
:10C7D0000840413C47042904113C2940474040009F
:10C7E000000000B6CF0000FC7F48425041FE5F5081
:10C7F0004148460020FC1F44004400C27F420040E4
:10C800000000000000B6E0000000412049104998F7
:10C8100044AE24482A4811A811580908050003000D
:10C8200001000000000000B7A800002030440C0800
:10C830000300000021103110291027FE21102110C3
:10C84000291031006100000000B7BD000008400859
:10C85000200810080CF8038A008C008800884088A3
:10C8600040883F0800080000000000B7D6000080A4
:10C87000404020A0109808860780008000804086F5
:10C8800040983F20004000800000000000B8DF001A
:10C89000000800087E0802E802A83AAA2AAC2AA8E2
:10C8A0002AA83AE8020842087E080000000000B901
:10C8B000DC000068002400A67FA42AAC2AA42AB4C5
:10C8C0002AA82AA62AA42B2C7824006400000000A1
:10C8D00000BAC50000800080009E04920692059276
:10C8E0000492049204924492449E3C800080000092
:10C8F000000000BACF000020002000107E50224827
:10C900002244224222442248225022107E2000202B
:10C910000000000000BBEC00002000421804068864
:10C92000010000BE3F2A122A0A2A00AA1F2A223E1C
:10C9300021803800000000BBEE00002000421804F7
:10C940000688012000243F24112411FC1122112209
:10C9500011223F200000000000BBF9000000490444
:10C96000450443FE4954495449547D54495449FEB1
:10C970004904430445004900000000BCC4000018FD
:10C98000010801283DA81568152A153C15281D68C1
:10C9900041A841287F0801180100000000BCC60022
:10C9A0000040004200CC3F001040084000400040E2
:10C9B00000FE7F400040004000400000000000BC3E
:10C9C000C7000040004200CC3F00100008843F84B4
:10C9D000408440844084408440FC4000700000005B
:10C9E00000BCD3000010401030100EFE01104010AB
:10C9F00040F03F0000F03F101010101010F03F000A
:10CA0000000000BCE400000000F07F02000C00E029
:10CA10000F2409240924092409E40F04400440FCDC
:10CA20007F00000000BCFC000020025002CE3F4806
:10CA3000520028C810B82F2020A84AFE7FA84AF824
:10CA40004A204800000000BCFE000040002000F822
:10CA50007F060020021C0210021002FE7F1002104E
:10CA6000021002000200000000BDD30000104210BE
:10CA700042FE7F10015042484A582EEA134C126879
:10CA80002A58264842400200000000BDF8000080FD
:10CA9000408420981F002010411051FE4F1041107B
:10CAA000411041FE5F1041104100000000BECD006A
:10CAB000000810E84D2A412C7F2805E8190840207D
:10CAC00020FE1F2000E43F2840207000000000BE30
:10CAD000D8000010410E39F807080908310000FCA1
:10CAE0007F4444444444444444C447044000000058
:10CAF00000BEDD000010421042FE7F10410030FCFD
:10CB00000F240124792449E44F24493C7900010091
:10CB1000000000BFAA0000804082208218FE078229
:10CB2000008200820082008200FE7F8200820080FC
:10CB30000000000000BFCE000020002200EC1F001B
:10CB40000800247C1154095405FC7F540554097CC9
:10CB500011002100000000BFD50000384008404807
:10CB600041284118410A410C7F0841184128414899
:10CB7000410840384000000000BFD80000104210BB
:10CB800042FE7F10010000984048422A420C7E0875
:10CB90004228424842984000000000C0B400000013
:10CBA0002108212811480908050803FE7F08030809
:10CBB00005480928110821002100000000C1AC002F
:10CBC0000080408420981F00208844E84498448EC8
:10CBD00044E87F884488448844004400000000C141
:10CBE000B400005002CE3F481200404220CC1F004B
:10CBF00020E84498448E44E87F884488440000003C
:10CC000000C1F90000204020202010200C20032229
:10CC10000024003800200120022004201820600099
:10CC2000000000C2B7000000207C3F4420C41F7CED
:10CC30001200122001107DAE244824A824187D0083
:10CC40000100000000C2CA0000200A480988080844
:10CC500008480A6A0BDC7E480A280B080E88084838
:10CC600009200A00000000C2EB00008400E41F5C01
:10CC7000084408C41F02027A024202420242027EB3
:10CC8000224020C01F00000000C2F600000040FC4F
:10CC90003F44024442FC7F0010900C90431040F24D
:10CCA0007F8401400E201000000000C3E600000257
:10CCB00000F27F12201220F23F9A2496249224F24E
:10CCC0003F12201220F27F020000000000C3E800A3
:10CCD0000010421042FE7F10011000C87F5E224803
:10CCE00022C83F48225E22C87F080000000000C41E
:10CCF000A3000010029001FE7F90000049E84BBEA7
:10CD00002AA81AA80EA81ABE2AE84B084800000054
:10CD100000C5CC000020402042207DFC4424442655
:10CD20007C6C44B47C24442445FC7D20402040009D
:10CD3000000000C6B500004044784240207E1748FD
:10CD40000848060440E42F3410AC0F2410E46F04AC
:10CD50000000000000C6F7000080049E7C924A920A
:10CD60004A92499E78C0009E789249B24AD24A9E21
:10CD70007C800400000000C7B000000800E87F2AA3
:10CD8000092C0928492849E87F0800C80F0C400AE7
:10CD900040E87F080000000000C8EB0000004000F1
:10CDA000200010000C0203CC003000C00000030083
:10CDB0000C00100020004000000000C9A800001076
:10CDC000421042FE7F100190000020082108210837
:10CDD00021082108210821F87F00000000C9E8008F
:10CDE0000040004200CC3F0010804840413C2704F6
:10CDF00029041104293C254043404000000000CA9A
:10CE0000AE0000400040004000400040004000FEF6
:10CE10007F40004000400040004000400000000013
:10CE200000CAB10000F81F88088808F81F00001029
:10CE3000009000100310401040FE7F100010000012
:10CE4000000000CAB50000180408448844082528DA
:10CE5000244A140C0C0806E80D0814082408441889
:10CE60000400000000CABD00001020902090209017
:10CE70003F9010901010101000FE03100C121014B0
:10CE800020107800000000CABE0000200820042204
:10CE900002A20122202220E23F22002200A2002240
:10CEA000012002200C00000000CAC200000404049B
:10CEB000047415541554555455FE7F541554155487
:10CEC00015741F0404040400000000CAD3000010FD
:10CED000021201D47FB0000041FC230410040CF4C2
:10CEE00003043C0440FC43007000000000CAE4005E
:10CEF00000E8089E08C87F88042000907FA80AA444
:10CF00004AA27F2400285F1040A07F00000000CAD2
:10CF1000FD00009442584A302FFE323012582E94B1
:10CF200040800060409E271018F02710400000004D
:10CF300000CDA3000080004000F07F0E00040374C9
:10CF400005540554455645547D54057405040300A5
:10CF5000000000CDBC00000000FE7F0242424222E1
:10CF6000495A49925292525265324102420242FE5D
:10CF70007F00000000CEBB000080004000F07F0E6C
:10CF80000000409041104E12401C60105CD04310D5
:10CF900040004000000000CFD000000000F27F04FD
:10CFA00008400444024401F43F44014402440C0498
:10CFB000400440FC7F00000000CFD400000040008F
:10CFC00042FE4C9240927F924092409240927F92D9
:10CFD00040FE480046004000000000CFF200000084
:10CFE00000F87F08000800CC074A044804480448B9
:10CFF00004C80708400840F87F00000000D0D000B7
:10D000000010018800C47F3200000040004400444A
:10D01000404440C47F44004400400000000000D071
:10D02000F7000020223823A62260121812000448BC
:10D030007E482BFE2A482A782A4C7E4000000000B9
:10D0400000D1E90000E4090449FC45003F404020CC
:10D050004450584841464648605058204740400098
:10D06000000000D2C6000048084806F87F4401448A
:10D070000220491049A8244E2A2813980A000600C5
:10D080000200000000D2EB000040004200CC3F0054
:10D0900010000884108C125412247F54124C1284F5
:10D0A00010801000000000D3C3000000200018FE14
:10D0B000072201220122012201FE1F220122012258
:10D0C000212221FE3F00000000D3D20000100410F6
:10D0D000021001907F70211E2110211021102110BB
:10D0E00021107F1000100000000000D4CB00004091
:10D0F000204210CC0F0010202422262225E22422D8
:10D100002422252226202C202000000000D5F30018
:10D1100000FC7F040864089C070000C808B8088E5B
:10D1200008E87F880888088808000800000000D602
:10D13000B90000004000400040F07F004000400087
:10D1400040FE7F40404040404040400040000000E2
:10D1500000D6C3000000405E40527F52415E415203
:10D1600041F27952415E415241527F5E400040009F
:10D17000000000D6C6000050004C3E48024802FEA7
:10D180007F48024822483E0000F8470040FE7F00EA
:10D190000000000000C9CF000000000010801080D7
:10D1A0001080108010F81F80108010801080108078
:10D1B00010001000000000CFC200000000080008AE
:10D1C00000080008000800F83F08000800080008F0
:10D1D0000008000803000C0010D6D000000000007A
:10D1E00000F00F100810081008FC3F10081008107D
:10D1F000081008F00F000000000000D6D300002047
:10D20000025002CE7F482248120000F007100210A0
:10D2100002FE7F10021002F00700000000D7D600C7
:10D2200000380408044804480448444A444C7E48F2
:10D2300005C804480408040804380400000000D7A6
:10D24000E9000020223823A622601218120040FCB8
:10D250007F4444444444444444FC7F004000000074
:10D2600000D7F30000101010081046904170411EC6
:10D27000411041107F1041104110411041104000F9
:10D28000000000C4E3000000800000803100C030D6
:10D2900000C0100040180020F83F200C30708408B7
:10D2A00038820028820024890022980420880820DF
:10D2B0008C18208430208230208260208120A08041
:10D2C0000020880060F000204000000000BAC30089
:10D2D000000000000060000060000060F81F2000F7
:10D2E00018200004FE030230020130020110030185
:10D2F00010012110FD7F180101080101880001B013
:10D300000001C0010140030120060118000104E0F2
:10D3100001028000000000B0E500000000000000F5
:10D320000000000000000260000002100000020E79
:10D330000000C20300007E0000F8FFFF1F10220063
:10D34000000042000800C301040082030B0000C07B
:10D3500009C0FF7F04C0FF030440080002407800BA
:10D3600003408887014008DC00200870002008F88E
:10D370000020088F0130E8030330780006301800E1
:10D380000E0000000C00000004000000000000007F
:10D39000000000000000000000B1B8000000000024
:10D3A0000000000000000000000000000008000075
:10D3B0000008000010040000180400000C04000025
:10D3C00006FE1F8003FE0FE00047047881450450ED
:10D3D00086440440C84404407044044070FC074044
:10D3E000D8440440CC440440874504C0034704E0CB
:10D3F0000147044000FF1F0000060800000600006F
:10D4000000060000000E0000000200000000000006
:10D410000000000000000000000000B1EA00000071
:10D420000000000000000000000004400000043084
:10D430000000040C000004070000F40100F8FFFFE6
:10D440001F1044000000C400000084030200048395
:10D4500001001060004010380040101F004010070D
:10D4600004401002044010000C4010001C40F0FF6B
:10D470000F40100000401000004010020040100C4F
:10D4800000601038004018F0010010C001000000DA
:10D4900000000000000000000000000000B2A20038
:10D4A000000000000000000000000000000000007C
:10D4B0000002100000020000020208000202040044
:10D4C00002020400020203080282011002F200F0CC
:10D4D000FE3F00E002020000020200000202000023
:10D4E0000202000002020000030200C0FEFF1F381B
:10D4F000FEFF0F10020200100202000002020000F4
:10D50000020200000303000002030000000200000A
:10D51000000000000000000000000000000000B259
:10D52000CE0000000000000000000000000000101D
:10D530000000100800001008080010040800131470
:10D5400008001312098012890880928808405284CA
:10D550000460724404301E420438162306109221DF
:10D5600002009211030091180100318C0140518C8E
:10D57000004091C8008011610080116300001322F7
:10D5800000001706000010060000180C0000100430
:10D590000000000400000000000000000000000087
:10D5A00000B3CC00000000000000000000000000FC
:10D5B000088000400840002008300020080C0020AF
:10D5C000880300E0FFFF1FF0FFFF0F10480000106E
:10D5D000880100180C07040008020400800004F809
:10D5E000BF1004F09F10041088100410881004105D
:10D5F0008810041088FF071088FF07108810041097
:10D6000088100410881004F09F1004F0DF1004004C
:10D610008000060000000400000000000000000080
:10D62000000000B3E5000000000000000000000062
:10D6300000000000002000100040003006C001F093
:10D640000F80073C0F0083030000600000001C00F7
:10D6500000000300000001000000FE0F00000202B5
:10D6600000000202000002020000020200000202AA
:10D6700000F8FFFF1FF0FFFF1F0002020000020280
:10D680000000020200000202000002020000FF0788
:10D690000000020000000000000000000000000088
:10D6A0000000000000B3F6000000000000000000D1
:10D6B000000000000000000000000000000000006A
:10D6C00040FE03807FFC03807F00020040000200D8
:10D6D0004000020040000200400002004000020042
:10D6E000400002F0FFFF03E0FFFF030040000200E4
:10D6F0004000020040000200400002004000020022
:10D7000040000280FF000280FFFE0F0000FC0F00BF
:10D710000004000000000000000000000000000005
:10D7200000000000000000B4A100000000000000A4
:10D7300000000000000000080040000600408001DA
:10D740000040F0FF0740FFFF07C02380004020801B
:10D75000004020800040F0FF0160200000400000F9
:10D760000000000002C07FFE07803F04020020008E
:10D77000020020000200200002F8FFFF03F0FFFF7C
:10D780000310200002002000020020000200200000
:10D7900002C07FFE0F8000FC0700000000000000B8
:10D7A000000000000000000000B4AE000000000017
:10D7B0000000000000000000000000000000000069
:10D7C00000000000007F00803F2100803F2100809A
:10D7D0001021008010210080102100801021008085
:10D7E00010210080102100F8FFFF1F901021008001
:10D7F0001021008010210080102100801021008065
:10D8000010210080102100C03F210080807F000097
:10D810000001000000000000000000000000000007
:10D820000000000000000000000000B4E60000005E
:10D830000000000000000000000000100040000890
:10D84000004000040040000600400003004080014A
:10D850000040F0FF1F40F0FF0F401C000040070891
:10D8600000E009080078080800500808044008088B
:10D87000044008080C4008081C4088FF0F4088FF3F
:10D8800007404808004028080040380800401C08AD
:10D89000006018080060000C004000080000000054
:10D8A00000000000000000000000000000B4F800CC
:10D8B0000000000000000000000000000000000068
:10D8C00080010080C0010080F00000802000008006
:10D8D0002000008020FE03F8270200902002008034
:10D8E0002002008020020080200200F8E7FF1FF0E5
:10D8F000E7FF1F80200200802002008020020180BC
:10D90000200203F02702029020FE078020FE038001
:10D91000200300C0E00000807000000060000000F4
:10D92000000000000000000000000000000000B443
:10D93000FD000000000000000000000000000008E2
:10D940000000080400000402000083010080C10000
:10D9500000E0F0FF0F381C0000100E000010120055
:10D960000000100200801002008010020080101AD7
:10D9700000801072008010E200F81F0204F01F0205
:10D9800004801002088010021880D0FF0F8090FFE2
:10D9900007C01002008010020000180300001002EF
:10D9A0000000000000000000000000000000000077
:10D9B00000B5A5000000000000000000000000000D
:10D9C0000020000000200000002000000020008057
:10D9D000FF2F0000FF2F000021220008212200104D
:10D9E000212200602122006021220000212200006B
:10D9F000FFFF1F0021220800212200802122006059
:10DA00002122003821220010212200002122008042
:10DA1000FF2700000120000000300000003000005F
:10DA200000200000000000000000000000000000D6
:10DA3000000000B5B1000000000000000000000080
:10DA40000000000000000000000000000420200092
:10DA50000440200804C0200804802308040027088C
:10DA60000400220804002008040020080400200804
:10DA700004F83F0804F03F080410200804002008C0
:10DA800004002808040026080400230804C0210814
:10DA900004E02008044020080400F0FF1F002000DC
:10DAA0000000000000000000000000000000000076
:10DAB0000000000000B5C8000000000000000000E9
:10DAC0000000000008000000040100000211000036
:10DAD000031100C02011007020110070201100D02F
:10DAE000201100402751004026D1014020910340E1
:10DAF0002011006020110040F8110000291104C01D
:10DB0000201104702011087820111C5020FD0FC036
:10DB10002315004027110040301100402011006003
:10DB2000801900400011000000000000000000000B
:10DB300000000000000000B5CD0000000000000063
:10DB400000000000000000010000C00000003000E4
:10DB500000001C000000FFFF1FC0FDFF0F78000049
:10DB600000300000000000000080FFFF0380FFFF86
:10DB7000078040000380408001804080008040405A
:10DB8000020040400CC0FF011C40F01F00404078E4
:10DB9000006040E00030408003204000030060004F
:10DBA00006004000060000E00F000000000000003A
:10DBB000000000000000000000B6AF000000000000
:10DBC00000000000000000001000004010E00040D5
:10DBD00010D00040104C004010470040D061004081
:10DBE000F02000405020004010201040102610600F
:10DBF000101C0840187804001060020004000100A6
:10DC000004C0000004700000C41F00F8FF010410ED
:10DC10000400040004000C0004001C0004000C00BC
:10DC200004FC0700FEFF01000400000000000000EB
:10DC30000000000000000000000000B6CE00000060
:10DC4000000000000000000000000040000000C0D4
:10DC50000000004000E0FFFF1FE0FFFF0F208420D6
:10DC60000020842000208420101084101010C61082
:10DC700008188410081040080C00A00804009C003C
:10DC800006E08F0702208018012080E0012080C07C
:10DC9000002080F001E08F3C03E09F0F0600900120
:10DCA0000C0090000C0018001C0010000800000080
:10DCB00000000000000000000000000000B6CF00DF
:10DCC0000000000000000000000000000000000054
:10DCD000000001F0FFFF0320000001001030018070
:10DCE0001108010017060100D00101F8FFFF01F043
:10DCF000FF7F010090001100978109C011070D807E
:10DD0000100E0200008001E0FF7F00C0FF0F002026
:10DD10001000002010000020100000201000003033
:10DD2000F0FF0F101000001018000000100000009D
:10DD3000000000000000000000000000000000B62D
:10DD4000E0000000000000000000000000000000F3
:10DD500000000000000000011000044110008420B9
:10DD600010008220100082100800811008804108F5
:10DD700008C0400C0840431C04602EF6047824E3DD
:10DD80000650D0030250D0020340880201400C82AA
:10DD9000004006C2004003620040033200C0011A86
:10DDA00000E0000E00400007000000060000000038
:10DDB0000000000000000000000000000000000063
:10DDC00000B7A800000000000000000000000000F4
:10DDD00004100000081000003830061070F00760D2
:10DDE000003C04E001070080E00000001800000093
:10DDF0008600020080000E0082000700828006007C
:10DE00008260060082300600821C0200820702F84F
:10DE1000FF02021082000200820002008220020043
:10DE20008260020082C002008380030082000F0033
:10DE3000C00006008000000000000000000000009C
:10DE4000000000B7BD00000000000000000000005E
:10DE500000000100000001001000010008000100A6
:10DE6000080001000400010002000180010001C05F
:10DE7000000001700000011C0000E1070018FF0015
:10DE80000030410002F04100040041000C0041005C
:10DE90001C0041001C0041000E0041F00700C1FFC2
:10DEA0000000C1010000010000000100008001002D
:10DEB0000000010000000000000000000000000061
:10DEC0000000000000B7D6000000000000000000C5
:10DED00000000000000000000001000080001000B1
:10DEE0004000080020000800580004004C00020018
:10DEF000470001C041C000F040780030C01F000062
:10DF0000C0030000400000004000040040000C3846
:10DF100040001CC040000C0043FC0700ECFF010067
:10DF20005800000030000000700000006000000099
:10DF3000E000000040000000400000000000000081
:10DF400000000000000000B8DF000000000000003A
:10DF500000000000000000000080000000800000C1
:10DF6000008000FF0F80000100800001008043015D
:10DF700000807E01008022F9018022F9018022893F
:10DF80000098228900B0228900A02289008022897D
:10DF900000802289008022F9018022C901807F014E
:10DFA0000480000104800001088000011C8080FFC3
:10DFB0000FC0000100800000000000000000000011
:10DFC000000000000000000000B9DC0000000000BC
:10DFD000000000000000000000000000C40000007D
:10DFE000E2000080110000E01000007810000050F6
:10DFF00090FF1FC091FF1F40934404409044044091
:10E0000090440460924404409C4404009D44048075
:10E01000904404609044047890440450904F04C0AD
:10E02000D0CF1F4097E00F401240004090000040CA
:10E0300070000060380000003000000000000000A8
:10E040000000000000000000000000BAC500000051
:10E050000000000000000000000000000000400080
:10E0600000004000000040000000400000004000B0
:10E0700000F04F0000F04F04001044070010C407E8
:10E08000001044040010440400104404021044042E
:10E09000041044040C1044041C1044040C104404E8
:10E0A0000CF04FC407F84FFC0110401C000040006A
:10E0B0000000400000006000000040000000000080
:10E0C00000000000000000000000000000BACF00C7
:10E0D0000000000000000000000000000000000040
:10E0E0008000000040000000400000002000000010
:10E0F0003000000058FC0F0048FC070046040200F6
:10E1000043040280410402E04004027840040230EB
:10E11000400402D040040200410402004204020014
:10E12000640402006CFC0F0058FC07003000000083
:10E1300030000000700000006000000020000000BF
:10E14000200000000000000000000000000000BBF4
:10E15000EC000000000000000000000000000200D1
:10E160000000041000000C10001038B0073000F858
:10E1700007E0000E00C0C1010000380000000600EA
:10E1800000800100003040FF07E07F0902202208E4
:10E19000012022080120220C0120228800202200D8
:10E1A0000020A2FF0720A210062022080420220C33
:10E1B00004E07F0404F03F0704200002060000E0B2
:10E1C0000700000002000000000000000000000046
:10E1D00000BBEE0000000000000000000000000096
:10E1E00000000000041000001810000878F007106C
:10E1F00030FC077080070060700000000C00000019
:10E20000080000400800004008FE0F4008020120FE
:10E21000080201200802012008020120080201E092
:10E22000FF0301200802013008020130080201103A
:10E230000802011808FE0F10080600000800000080
:10E240000C000000000000000000000000000000C2
:10E25000000000BBF900000000000000000000000A
:10E2600000000081000000810040004108400041A2
:10E2700008400021084000310840005908F8FF4DCF
:10E2800008F0FF4708402443084024410840244147
:10E29000084024FD0F402445084024410840244103
:10E2A0000840244308F8FF65085000490840001161
:10E2B00008400031084000310C6080610C408061F2
:10E2C0000800002100000020000000000000000005
:10E2D0000000000000BCC4000000000000000000BE
:10E2E00000000000000000000001000006010080A6
:10E2F000070100800801008008F9038088890080F8
:10E300008889008048890080688900803889008871
:10E310001C8900B00EF903800AF9018028010480ED
:10E320002801048068010C80C8011C80C8FF1F8080
:10E330000CFF0F8008010080030100C081010080F4
:10E34000800100000001000000000000000000004B
:10E3500000000000000000BCC6000000000000003B
:10E36000000000000000100000001000000010007D
:10E3700000081000001010000030F8FF03E01080CB
:10E38000034000C0000000400000102000001010FA
:10E39000000010000000100000001000000010003D
:10E3A0000000100000F8FFFF0F1010000600100022
:10E3B000000010000000100000001000000010001D
:10E3C0000000180000001000000000000000000025
:10E3D000000000000000000000BCC70000000000BA
:10E3E000000000000000000010000000100000000D
:10E3F000100000001000003010000060F0FF07C0A7
:10E400003100038000800100004000000020000077
:10E410000010004000000040C0FF034040000640E4
:10E4200040000440400004404000044040000440DC
:10E430004000044040000440400004C0FF0004C00D
:10E44000FF00040000F007000000070000000200C9
:10E450000000000000000000000000BCD30000002D
:10E4600000000000000000000000000008000200A2
:10E4700004000200030002C0010002700018F21F35
:10E4800001F8FF0301100200020002000600020072
:10E49000060002C00300FEFF01000E0000000000A5
:10E4A000000000000080FFFF0F00FFFF0700018059
:10E4B0000000018000000180000001800000018058
:10E4C000000001800080FFFF070001000000000045
:10E4D00000000000000000000000000000BCE4009C
:10E4E000000000000000000000000000000000002C
:10E4F000000000C0FFFF0F80FFFF07880000001032
:10E50000000000F0000000E000000000FE7E0000BF
:10E51000FC3F002084100020841000208410002084
:10E52000841000208410002084100020FE3F002072
:10E53000040000200000022000000220000006204D
:10E5400000000EF0FFFF07200000000000000000A8
:10E55000000000000000000000000000000000BCFF
:10E56000FC0000000000000000000000000020028D
:10E57000000018020000160200E0110200B8F0FFCF
:10E58000079010021380100211C010830880000051
:10E590000440400C0240787001404FC000C0417CF4
:10E5A0000140C40F02004412064024120440241209
:10E5B000044024120CF8FFFF0D5024120C402412CA
:10E5C0000C4024120CC07F120C40041A0C000610E0
:10E5D000040004000400000000000000000000002F
:10E5E00000BCFE0000000000000000000000000071
:10E5F0000002000080010000400000003000000028
:10E600000C000080FFFF1FE00900007800000010F0
:10E6100080020000600200003C0200C0070200C04F
:10E62000040200000402000004020000040200F8DA
:10E63000FFFF1FF0FFFF0F100402000004020000A4
:10E6400004020000040200000602000004030000AF
:10E6500000020000000000000000000000000000B8
:10E66000000000BDD300000000000000000000001A
:10E67000000002040000020C040002060400020272
:10E680000C0002031CF8FFFF0F10020100008204BF
:10E690001000430410002204108020041080204445
:10E6A000088021740880265C0C883C870490E885EB
:10E6B00006F0A08403E02084018038E401802F3C30
:10E6C0000380221C0280200406C020040C80300439
:10E6D0001C002006000000000000000000000000F8
:10E6E0000000000000BDF800000000000000000075
:10E6F000000000002000040020000E002000021096
:10E7000020000160E0FF00C0F1FF00802000010058
:10E7100000010100020103000281060002C10400A1
:10E7200002610438021D0CF0FF070C1002010C00FE
:10E7300002010C0002010C0002010CF8FFFF0FF0B7
:10E74000FFFF0D1002010C0002010C0003010C0080
:10E7500082010C0000010400000000000000000025
:10E7600000000000000000BECD000000000000001E
:10E77000000000000000000004800000038000C0D2
:10E780000080F873008008110480081104880801D3
:10E790000CF008FF0FA00801008008010080F813AA
:10E7A0001080F8E308C000C004800800030008C01F
:10E7B0000100087C00F8FF0F0010080000000800AE
:10E7C0000000F8FF0F6008000CC009000880090075
:10E7D00008000C000C0008800F0000000000000082
:10E7E000000000000000000000BED8000000000093
:10E7F00000000000000000004800080046000480FF
:10E80000410002F0408001BC40E00088C03F008031
:10E81000FF07008040040080401800C04070008066
:10E8200060E0000040000000000004E0FFFF0F2057
:10E830000804042008040420080404200804042018
:10E84000080404200804042008040420F80F04200D
:10E85000F80F043000000620000004000000000053
:10E860000000000000000000000000BEDD0000000D
:10E870000000000000000000000002020000020E84
:10E880000200020602000203060002010EF8FFFF6A
:10E89000071082000800420004004200030022E04A
:10E8A0000000003E00F0FF0700104200001042F0A0
:10E8B0001F10421002104210021042100210FE1FE0
:10E8C0000210FA1F021042100210421002104210F1
:10E8D00002F047F80F006010000040000000000048
:10E8E00000000000000000000000000000BFAA00BF
:10E8F00000000000000000000000000020000000F8
:10E900002000081020000410200002102000031036
:10E910002080011020E00010203800F0FF0F00F0F0
:10E92000FF01001020000010200000102000001047
:10E930002000001020000010200000F0FFFF0FF06A
:10E94000FFFF07102000001020000010200000181A
:10E9500020000018300000103000000020000000EF
:10E96000000000000000000000000000000000BFE8
:10E97000CE000000000000000000000000000800C1
:10E980000000080000080800001008000070FCFFEC
:10E9900001E008C000000060040000210200001136
:10E9A0000100000901F07F8100F03F4100101131AA
:10E9B000001011190010110F0010110700F0FFFFD7
:10E9C0000F1011030010110D001011310010116112
:10E9D00000F03FC100F83F81010080810300000189
:10E9E0000100000001000000000000000000000025
:10E9F00000BFD50000000000000000000000000083
:10EA000000000000040004008600048087000480E9
:10EA1000400004802001048030010480180104803B
:10EA20000C0104800E01048004010488000104B07C
:10EA300000FF07F000FF0780000104800001048050
:10EA4000040104800401048008010480980104800A
:10EA50003801048074000480630006C00100068051
:10EA600001000400000000000000000000000000A1
:10EA7000000000BFD80000000000000000000000FF
:10EA8000000002040000020E04000206040002025C
:10EA9000080002031CF8FFFF0F1082010000820033
:10EAA000000042000400400204000C0104808704BE
:10EAB0000400410404006104040039040410190432
:10EAC000042001FC07E00104040001040400110417
:10EAD00004003104040061060400C5050400C301FC
:10EAE000060001000400000000000000000000001B
:10EAF0000000000000C0B4000000000000000000A2
:10EB00000000000080000800800000008100040078
:10EB10008100020081000300850001008DC000001B
:10EB2000B9600000F1300000811C0000810E00007F
:10EB3000810700F8FFFF1FF0FFFF0F1081010000A9
:10EB400081060000C1180000A1300000996000009B
:10EB50008FC00000858001808180038081000300D8
:10EB6000C100070080000200000002000000000059
:10EB700000000000000000C1AC0000000000000028
:10EB8000000000000000200000002000061020000F
:10EB90000360200001C023800080F1FF000020807E
:10EBA0000000000801800008028040080680E0089C
:10EBB0000480780804804E080CC043080CF040081C
:10EBC0000CB840080C90FCFF0D8048080C804008F1
:10EBD0000C8040080C8040080C8060080CC0400885
:10EBE0000C80000C0C000008040000000000000075
:10EBF000000000000000000000C1B40000000000A0
:10EC000000000000000000002002000018020000C8
:10EC10001E0200E0130200F0F1FF033011020300B6
:10EC2000110201801982048051420E40400006808A
:10EC300041000300E7FF010040000280400802801D
:10EC4000E00804807C08048047080CF840080C9019
:10EC5000FCFF0F80F8FF0F8040080C8040080C80FC
:10EC600040080CC0400C0C800008040000000000AC
:10EC70000000000000000000000000C1F9000000DA
:10EC8000000000000000000000000800080008006C
:10EC9000040008000200080003000880000008606B
:10ECA000000008300000081C0000880F0000C803A6
:10ECB000000888000030880000F0080000E00B0029
:10ECC00000C00800000088000000080100000802E1
:10ECD000000008060000081C00000878000008F08A
:10ECE00001000CE007000C80030008000000000099
:10ECF00000000000000000000000000000C2B7009B
:10ED00000000000000000000000000000000000003
:10ED1000000006E03FFF07E03F0202201000022053
:10ED200010000120F0FF012010020120100201E07C
:10ED30003F830020008A0000300800000804000023
:10ED4000070610E001FF0F7886050250D804024044
:10ED50007004024078040240CC040240870502C0DF
:10ED600081FD0FC000070000000300000003000049
:10ED7000000000000000000000000000000000C2D1
:10ED8000CA00000000000000000000000000002099
:10ED900000000020008000240080042600800C2257
:10EDA0000080182100800021008080200080302613
:10EDB00000801826008014230088932200F053FE60
:10EDC0001FE030FA0F80102200808C2300800C237B
:10EDD00000800026008090200080882000800C2188
:10EDE0000080042300C004270080003000000020C1
:10EDF0000000000000000000000000000000000013
:10EE000000C2EB0000000000000000000000002035
:10EE10000002002000010020E0000020FCFF07E0CD
:10EE2000174000E01040002010400020104000205B
:10EE3000F0FF013010000020001000000010002042
:10EE4000801000A0FF1100A08F1000208010002073
:10EE500080100020801000208010022080100220EE
:10EE6000FC100EF09F000E208080070080FF030042
:10EE7000800300000000000000000000000000000F
:10EE8000000000C2F60000000000000000000000CA
:10EE900000000000100000000C0000E003E0FF7F15
:10EEA00000200802002008020420080204200802B2
:10EEB0000CF0FFFF0720000004004000020040802B
:10EEC000010041780000C11F0400C10104080100D5
:10EED0000C18FFFF1F30FFFF0F70F10000208007AC
:10EEE0000000603C000030F0000018C001000E80FF
:10EEF0000300040003000000000000000000000008
:10EF00000000000000C3E600000000000000000058
:10EF100000000010000000100000001000000010B1
:10EF2000FCFF1F100400041004000410040004106F
:10EF30000400041004000410FCFF0710FFFF07F09A
:10EF400084100470841004108410041084100410C1
:10EF5000FCFF0710FCFF071004000410040004105D
:10EF60000400041004000410FCFF1F10FCFF0F1825
:10EF7000040000100000000000000000000000007D
:10EF800000000000000000C3E800000000000000D6
:10EF900000000000000004040000040C0400040C45
:10EFA00004000406080004021CF8FFFF0FF0FFFF36
:10EFB0000300040100008400000084000000010040
:10EFC0000000C1FF0F0041100400411004F05F1069
:10EFD00004104110040041100400C1FF070041105B
:10EFE00004F05F1004F04F10041041100400C1FF42
:10EFF0001F80C1FF0F004100000000000000000062
:10F00000000000000000000000C4A3000000000099
:10F0100000000000000000000220000002180000B4
:10F0200002060000C20100007E0000F8FFFF1F1072
:10F030002200000062000000C32110408221104025
:10F0400000200840F8270840F82704F84B2206F073
:10F050004922034048F20140487E0040486200488F
:10F0600048A200F84922034048220640F8270440FD
:10F0700008240C6000301C40002008000000000044
:10F080000000000000000000000000C5CC000000EF
:10F09000000000000000000000000000040008085C
:10F0A000040008080400080404000802040088F9A9
:10F0B00007E0FF0804C03F080440080804400808AF
:10F0C000044008F807F828080450E9080440CF096C
:10F0D00004400A08044008F80740080904400809E9
:10F0E0000440080B04E0FF09044008FC070008087E
:10F0F0000400080004000C000600080004000000E2
:10F1000000000000000000000000000000C6B50084
:10F11000000000000000000000000000008000006F
:10F1200020401000203008803F0E08803F06040079
:10F1300020020600200002F8FF3F011021C000005D
:10F140002160000021381000311C10102008081028
:10F1500000000810FE3F0410020006100200031019
:10F1600003C001F0F27F0030F20F001002800010A7
:10F170000280011002000310FF1F071002000E00A2
:10F18000000000000000000000000000000000C6B9
:10F19000F700000000000000000000000000002058
:10F1A00000004020000040100000401000F05FF818
:10F1B0000F2044F80720441C022044160220441368
:10F1C0000220C41102F0CFF8072070100600700072
:10F1D00000005000000040F00FE0CFF00F2044117D
:10F1E00002205412022074160220641C02E04FFC1C
:10F1F0000FF04FF80720601800006018000040086A
:10F2000000000008000000000000000000000000F6
:10F2100000C7B00000000000000000000000000077
:10F2200000000000010000000100000009001000C3
:10F23000F1FF1F0011110000111100081111003021
:10F24000111104E011110840F1FF1F00F1FF070048
:10F2500011000000010000000100008001000060BA
:10F26000F1FF04380100041001000C1001001C0023
:10F27000F9FF0F00F9FF0780010000800100000086
:10F28000010000000000000000000000000000007D
:10F29000000000C8EB0000000000000000000000BB
:10F2A0000000000008000000040000000200000050
:10F2B00003000080010000C000000060001000306A
:10F2C0000030001C002000070060C0030040F80070
:10F2D00000801F0000000F00000078000000C00345
:10F2E0000000000F0000001C00000078000000E09B
:10F2F000000000C001000080030000800700000043
:10F3000003000000020000000200000000000000F6
:10F310000000000000C9A80000000000000000007C
:10F3200000000000000000000206000002060400C9
:10F330000203040002010C0002011CF8FFFF0F1081
:10F340008200000082000000430000004200020032
:10F350000100020081000200810002008100020021
:10F360008100020081000200810002008100020091
:10F37000810002008100020081000200FFFF1F00E7
:10F38000FFFF0F000100000000000000000000006F
:10F3900000000000000000C9E800000000000000BC
:10F3A000000000000000000000000800000008004D
:10F3B000000008000018080000F0FCFF0160F8FFE2
:10F3C00008000060080040300000200804005004DD
:10F3D00004004C0002F0C70002F04107031040187F
:10F3E000011040B0001040C0001040E0001040B8D4
:10F3F00001F84F0F0310CC030300C80006000800FB
:10F4000006000C0006000C000200000000000000D6
:10F41000000000000000000000CAAE000000000074
:10F42000000000000000000020000000200000009C
:10F43000200000002000000020000000200000004C
:10F44000200000002000000020000000200000003C
:10F4500020000000200000F8FFFF1FF0FFFF0F005A
:10F46000200000002000000020000000200000001C
:10F47000200000002000000020000000200000000C
:10F48000200000003000000020000000000000000C
:10F490000000000000000000000000CAB1000000F1
:10F4A0000000000000000000000000000080FFFFDE
:10F4B0000380FFFF038040400080404000804040C8
:10F4C000008040400080404000C0FFFF01800000FD
:10F4D00000000400000004000000C40000008403D9
:10F4E0000000040F040004000400040004000400F1
:10F4F0000C0004001CF8FFFF0F10040000000400C3
:10F5000000000400000006000000040000000000ED
:10F5100000000000000000000000000000CAB5006C
:10F5200000000000000000000000000000000000DB
:10F53000000810001C0810000F0810004108080007
:10F540008108080081090800050F0C00090A040061
:10F5500019080600710803080188013001E800F06D
:10F56000017E0060FD4F00007DC8000001880000A2
:10F57000018801000188010001080300010807005B
:10F5800009080E00070C1C80030C00000308000093
:10F59000000000000000000000000000000000CAA1
:10F5A000BD0000000000000000000000000000009E
:10F5B00000000200040082000600820006008200B3
:10F5C0000200820002008200020082FF010082FF2E
:10F5D00001008200010082000100C28000008280E0
:10F5E0000000020000F8034000F0FF030010C21FFB
:10F5F00000000278001002E0012002800360020097
:10F6000007C002000E0003000C0003000C0002E023
:10F610001F000000100000000000000000000000BB
:10F6200000CABE0000000000000000000000000052
:10F6300010000000100001001080000010400010B9
:10F640001030001010180010100E0010900700105D
:10F6500010010210100002101000061010000E1011
:10F66000F0FF0710F0FF0310100000101000001052
:10F6700010000010100100101002001010040018FB
:10F68000101800101038000010F0000018E0010001
:10F69000100000000000000000000000000000005A
:10F6A000000000CAC20000000000000000000000CE
:10F6B000000000080040000800400008004000086A
:10F6C0000040004900407E4900407E4900402249F8
:10F6D0000040224904402249044022490C4022496A
:10F6E0001CF8FFFF0FF0FFFF0740224900402249AE
:10F6F00000402249004022490040224900407EFF4C
:10F7000000403EFF00400209006000080060000C5D
:10F7100000400008000000000000000000000000A1
:10F720000000000000CAD30000000000000000003C
:10F7300000000000000800000108000001060000B1
:10F7400001030018C10000F0E1FF1F60F9FF0F0086
:10F750008F00008003031000010708000006080066
:10F76000000004E0FF0306200000032000800120C9
:10F7700000F00020FE3F0020FE03002004FC0F20CC
:10F7800000040820000008E0FF0308E0FF03080071
:10F7900000000C0000C00F0000000400000000008A
:10F7A00000000000000000CAE400000000000000AB
:10F7B00000000000000001000000E1610000F960AD
:10F7C00000008F2000F081200030F9FF1F10F1FFB2
:10F7D0001F0081100000E110008091100000C8FFA0
:10F7E0001F00CCFF0F00462400004B2408C0492412
:10F7F0000870C8FF1F38C8FF0730080000C00800A5
:10F80000000085FF04008A00040006000800ECFFE9
:10F810001F00DCFF0F0008000000080000000000CF
:10F82000000000000000000000CAFD000000000011
:10F8300000000000000000000001080004050800AE
:10F8400084040860440404C065240480357C0200FC
:10F850001C4E02F8FF4701F0FFC4010014C4000071
:10F8600035F410C0649C117006050B20C40008001C
:10F87000380004000F0002F0F703037804BC011005
:10F8800004E0000004F00100841F0300FC030600F4
:10F890000C000E0006000C00040004000000000034
:10F8A0000000000000000000000000CDA3000000E8
:10F8B0000000000000000000000000010000C00087
:10F8C0000000300000001C000080FFFF1FF8040053
:10F8D00000300000001000060040C0030040800817
:10F8E000004080080040BE08004092080440920892
:10F8F00008489208087092081C7092F80F4092080D
:10F9000000409208004092080040BE080040820C6F
:10F910000060800A004080010000800000000000BC
:10F9200000000000000000000000000000CDBC004E
:10F9300000000000000000000000000000000000C7
:10F9400000000000000000F0FFFF1F100004041082
:10F9500000040410100404100802041006030490AC
:10F96000031104F0832104B0CC2004907862049049
:10F9700070660490D8FC04908ED8059087C10790DB
:10F980000103041000030410000704100002041017
:10F99000000004F8FFFF1FF0FFFF0F100000000041
:10F9A000000000000000000000000000000000CE89
:10F9B000BB0000000000000000000000000000028A
:10F9C000000000010000C0000000300000001E0028
:10F9D0001C80FFFF0FF80800003000000410020038
:10F9E00004000200040012000400E2000400823F50
:10F9F0000408027E0410020004E0020004C00200B9
:10FA0000040002800700027C0400E20F0400F20000
:10FA100004002200040003000400020006000000AD
:10FA200004000000000000000000000000000000D2
:10FA300000CFD00000000000000000000000000027
:10FA40000000000000000080FFFF0F00FFFF07081C
:10FA50000100001000800070204000602030000095
:10FA600020180000200E0020A0030020E00100204C
:10FA7000FEFF0720FEFF03202002002020060020BA
:10FA8000200C0020201C0020303802202070022092
:10FA90000000062000000EF0FFFF0720000000001D
:10FAA0000000000000000000000000000000000056
:10FAB000000000CFD40000000000000000000000A3
:10FAC000000000000000000002000002020000042C
:10FAD0000200001C0200007802E07F700220220079
:10FAE000022022000220A2FF0320A2FF0320220006
:10FAF0000220220002202200022022000220A2FF77
:10FB000003202281022022800220226002F07F3026
:10FB1000022060180200000E02000007030000022D
:10FB200003000000020000000000000000000000D0
:10FB30000000000000CFF200000000000000000004
:10FB400000000000000000000000000000000000B5
:10FB5000FFFF1F00FFFF0F00010000000100000079
:10FB600001000000C17F0000C17F00E041100038AB
:10FB70004110001041100000411000004110000031
:10FB800041100000E17F000041300400010004004A
:10FB90000100040001000C0001001E80FFFF0F00A7
:10FBA0000100000000000000000000000000000054
:10FBB00000000000000000D0D000000000000000A5
:10FBC0000000000000000000000000080000040623
:10FBD000000002030080810100C0C0001070F0FF2F
:10FBE0000F389C0000100E00000004000000100000
:10FBF0000000100000201000002010000420100061
:10FC0000042010000C2010001C20F0FF0F20F0FF3B
:10FC1000072010000020100000201000003010000D
:10FC2000002018000000100000000000000000008C
:10FC3000000000000000000000D0F70000000000FD
:10FC40000000000000000000000000003804070071
:10FC5000140C0300130A03C0110D0178D004013005
:10FC600070840010388400000EA40000269200006A
:10FC7000211000002108000021FE1F0021FE1F00AE
:10FC8000212304F8BF220410E12204006122048031
:10FC9000392204002D220400272204C023FF1FC0A4
:10FCA00020020040300000002000000000000000A2
:10FCB0000000000000000000000000D1E90000008A
:10FCC0000000000000000000000000200020006193
:10FCD0000020F0230020FF21022002010220001159
:10FCE000042000110CA0FF1106F007F10320807F13
:10FCF00000004001040020000400300C04002CF837
:10FD00000400276004C021010470201E04382078FC
:10FD100004D0200004002300070036E004002C1E5D
:10FD20000400180704003000060030000400000042
:10FD300000000000000000000000000000D2C6002B
:10FD400000000000000000000000000008800040EB
:10FD50000840004008300040080C004088030020A4
:10FD6000F80000E0FFFF1F208800003088011030FD
:10FD7000080710200C460000082008000421080095
:10FD800002110880810804E0C21404F84CE60690D1
:10FD9000A0430380D0030180D88201800CC2008080
:10FDA00007720080013A0080000E0000000600008B
:10FDB000000000000000000000000000000000D271
:10FDC000EB00000000000000000000000000080040
:10FDD0000000080000000800000808000070F8FF9C
:10FDE00000E0F8FF010008C000008020000040187B
:10FDF0000010401000102011003020110050301170
:10FE00000090111100100B110010EEF10F10EEFF19
:10FE10000F100B110090191100F010110078301123
:10FE20000010B01100003011000070180000201008
:10FE300000000000000000000000000000000000C2
:10FE400000D3C3000000000000000000000000001C
:10FE500000000800000004000080030000F800F02B
:10FE6000FF1F001008020010080200100802001016
:10FE7000080200100802001008020010080200F03A
:10FE8000FFFF07F0FFFF0710080200100802001034
:10FE900008020010080202100802021008020610F0
:10FEA00008020EF0FFFF07F8FFFF0300000000004C
:10FEB0000000000000000000000000000000000042
:10FEC000000000D3D200000000000000000000008D
:10FED000000000000000028000000240000002203C
:10FEE000000002100000020C0000020600000203E5
:10FEF0000000C2FF0F0072FF07001E0102F00701A1
:10FF000002F00201022002010200020102000201CD
:10FF100002000201020002010200020102000201CD
:10FF2000020082FF0F000201040003000000030032
:10FF300000000200000000000000000000000000BF
:10FF40000000000000D4CB00000000000000000012
:10FF5000000000001000010010800300108001105C
:10FF600010C00060104000C0F97F008010C0000089
:10FF7000008000000800010008100340083802401B
:10FF8000083402400812064088110640E810064076
:10FF90003810064028100640081006400811064098
:10FFA00008120660080E0640083C06000C380600E1
:10FFB0000C00060008000200000000000000000025
:10FFC00000000000000000D5F30000000000000069
:10FFD00000000000000000000000000000E0FFFF43
:10FFE0001F200000002000100020181000202630E4
:10FFF00000E0C1380070801F002000200080002039
:020000040801F1
:10000000008080210080F02000809E2000E083207E
:1000100000F88020009080200080F8FF1F8088205A
:1000200000808020008080200080802000C0C020D0
:100030000080803000000020000000000000000070
:10004000000000000000000000D6B9000000000021
:100050000000000000000000000004000000040098
:100060000000040000000400000004000000040080
:10007000F8FF07000800040000000400000004006E
:100080000000040000000400000004F0FFFF07E08F
:10009000FFFF0720200004002000040020000400CF
:1000A00020000400200004002000040030000400B0
:1000B00030000600200006000000040000000000E0
:1000C0000000000000000000000000D6C300000097
:1000D0000000000000000000000000000800000018
:1000E0000800080008080A0008F00B0008100900C2
:1000F0000810C9FF0F1049220910492209F04922AE
:1001000009F049220910792209107F2209104B2297
:100110000910492209F0492209F04922091049220F
:100120000910C9FF0F10E9FF0F10490008F80F0070
:1001300008F00900080000000C0000000C0000009E
:1001400008000000000000000000000000D6C6000B
:10015000000000000000000000000000200000007F
:10016000300000002EFF01C023FF018022010000AB
:1001700022010000220100F8FFFF1FF0FFFF0F0027
:100180002201000022810000228100002381010061
:1001900022FF00002001000000000000000000809D
:1001A000FF3F0000FF3F04000000040000000400C7
:1001B00000000CF8FFFF1FF0FFFF07000000000029
:1001C000000000000000000000000000000000C966
:1001D000CF00000000000000000000000000000050
:1001E0000000000003000000030080010300800104
:1001F00003008001030080010300800103008001EF
:1002000003008001030080010300800103C0FFFFA1
:1002100003C0FFFF03008001030080010300800191
:1002200003008001030080010300800103008001BE
:1002300003008001030080010300000003000000B0
:1002400003000000000000000000000000000000AB
:1002500000CFC2000000000000000000000000000D
:10026000000000C0000000C0000000C0000000C08E
:10027000000000C0000000C0000000C0000000C07E
:10028000000000C0000000C0000000C0000000C06E
:10029000FFFF07C0FFFF07C0000000C0000200C052
:1002A000000C00C0003000C000C000C0000003C04F
:1002B000000000C0000000C0000000C0000000C03E
:1002C000000000000000000000000000000000002E
:1002D000000000D6D0000000000000000000000078
:1002E0000000000000000000000000000000FFFF10
:1002F0000000FFFF000003C0000003C0000003C0B7
:10030000000003C0000003C0000003C0000003C0E1
:1003100000F0FFFF0FF0FFFF0F0003C0000003C05D
:10032000000003C0000003C0000003C0000003C0C1
:10033000000003C00000FFFF0000FFFF00000000FE
:1003400000000000000000000000000000000000AD
:100350000000000000D6D3000000000000000000F4
:100360000000000080020000600200001C0200800B
:10037000170200F811020270F1FF071011020300CA
:1003800011020100198200801143000001220000C7
:1003900000000000FC0F0000FC0700000402000049
:1003A00004020000040200F8FFFF1FF0FFFF0F002F
:1003B000040200000402000004020000FC0F000020
:1003C000FC07000004000000000000000000000026
:1003D00000000000000000D7D60000000000000070
:1003E00000000000000000040000000400000404FD
:1003F0000000070400800004008008040080080456
:1004000000800804008008040480080404800804B4
:100410000C8808041CB088FF1FE008FF0F808804C8
:1004200000804804008028040080380400801C04F8
:1004300000801804008004040080020400C001044D
:100440000080000600000004000000000000000022
:10045000000000000000000000D7E90000000000DC
:10046000000000000000000000000000300806004E
:100470003C1C0200170E03C011090378D0080110BC
:1004800070040100188400000F840400038004003D
:1004900000000400000004E0FFFF07201008042013
:1004A000100804201008042010080420100804205C
:1004B00010080420100804E0FFFF07E0FFFF0720FA
:1004C0000000040000000600000006000000040018
:1004D0000000000000000000000000D7F300000052
:1004E000000000000000000000000000000000000C
:1004F00002000100010001C00000016000000118BD
:100500000400010E040081030400F90104801F01AE
:1005100004F8030104300101040001010400010199
:10052000040001FF070001010400010104000101B2
:1005300004000101040001010400810104800101A3
:10054000048001000600010004000000000000001B
:10055000000000000000000000000000000000009B
:10056000800501080000002420000000A08500088C
:10057000A005010820000024E8060000B08500085E
:100580000090D0030090D003010000001000000094
:10059000FF0000000000000000000000FFFFFF005F
:040000050800029954
:00000001FF
